[debug] [2025-11-03T07:44:22.474Z] ----------------------------------------------------------------------
[debug] [2025-11-03T07:44:22.477Z] Command:       /usr/local/Cellar/node/23.5.0/bin/node /usr/local/bin/firebase deploy --only functions
[debug] [2025-11-03T07:44:22.478Z] CLI Version:   14.23.0
[debug] [2025-11-03T07:44:22.478Z] Platform:      darwin
[debug] [2025-11-03T07:44:22.478Z] Node Version:  v23.5.0
[debug] [2025-11-03T07:44:22.479Z] Time:          Mon Nov 03 2025 08:44:22 GMT+0100 (Central European Standard Time)
[debug] [2025-11-03T07:44:22.480Z] ----------------------------------------------------------------------
[debug] 
[debug] [2025-11-03T07:44:22.688Z] > command requires scopes: ["email","openid","https://www.googleapis.com/auth/cloudplatformprojects.readonly","https://www.googleapis.com/auth/firebase","https://www.googleapis.com/auth/cloud-platform"]
[debug] [2025-11-03T07:44:22.689Z] > authorizing via signed-in user (konjina188@gmail.com)
[debug] [2025-11-03T07:44:22.690Z] [iam] checking project win-finder for permissions ["cloudfunctions.functions.create","cloudfunctions.functions.delete","cloudfunctions.functions.get","cloudfunctions.functions.list","cloudfunctions.functions.update","cloudfunctions.operations.get","firebase.projects.get"]
[debug] [2025-11-03T07:44:22.691Z] Checked if tokens are valid: true, expires at: 1762158412358
[debug] [2025-11-03T07:44:22.691Z] Checked if tokens are valid: true, expires at: 1762158412358
[debug] [2025-11-03T07:44:22.692Z] >>> [apiv2][query] POST https://cloudresourcemanager.googleapis.com/v1/projects/win-finder:testIamPermissions [none]
[debug] [2025-11-03T07:44:22.692Z] >>> [apiv2][(partial)header] POST https://cloudresourcemanager.googleapis.com/v1/projects/win-finder:testIamPermissions x-goog-quota-user=projects/win-finder
[debug] [2025-11-03T07:44:22.692Z] >>> [apiv2][body] POST https://cloudresourcemanager.googleapis.com/v1/projects/win-finder:testIamPermissions {"permissions":["cloudfunctions.functions.create","cloudfunctions.functions.delete","cloudfunctions.functions.get","cloudfunctions.functions.list","cloudfunctions.functions.update","cloudfunctions.operations.get","firebase.projects.get"]}
[debug] [2025-11-03T07:44:23.682Z] <<< [apiv2][status] POST https://cloudresourcemanager.googleapis.com/v1/projects/win-finder:testIamPermissions 200
[debug] [2025-11-03T07:44:23.683Z] <<< [apiv2][body] POST https://cloudresourcemanager.googleapis.com/v1/projects/win-finder:testIamPermissions {"permissions":["cloudfunctions.functions.create","cloudfunctions.functions.delete","cloudfunctions.functions.get","cloudfunctions.functions.list","cloudfunctions.functions.update","cloudfunctions.operations.get","firebase.projects.get"]}
[debug] [2025-11-03T07:44:23.684Z] Checked if tokens are valid: true, expires at: 1762158412358
[debug] [2025-11-03T07:44:23.684Z] Checked if tokens are valid: true, expires at: 1762158412358
[debug] [2025-11-03T07:44:23.684Z] >>> [apiv2][query] POST https://iam.googleapis.com/v1/projects/win-finder/serviceAccounts/win-finder@appspot.gserviceaccount.com:testIamPermissions [none]
[debug] [2025-11-03T07:44:23.684Z] >>> [apiv2][body] POST https://iam.googleapis.com/v1/projects/win-finder/serviceAccounts/win-finder@appspot.gserviceaccount.com:testIamPermissions {"permissions":["iam.serviceAccounts.actAs"]}
[debug] [2025-11-03T07:44:24.659Z] <<< [apiv2][status] POST https://iam.googleapis.com/v1/projects/win-finder/serviceAccounts/win-finder@appspot.gserviceaccount.com:testIamPermissions 200
[debug] [2025-11-03T07:44:24.659Z] <<< [apiv2][body] POST https://iam.googleapis.com/v1/projects/win-finder/serviceAccounts/win-finder@appspot.gserviceaccount.com:testIamPermissions {"permissions":["iam.serviceAccounts.actAs"]}
[info] 
[info] === Deploying to 'win-finder'...
[info] 
[info] i  deploying functions 
[info] Running command: npm --prefix "$RESOURCE_DIR" run build
[info] ✔  functions: Finished running predeploy script. 
[debug] [2025-11-03T07:44:30.773Z] Checked if tokens are valid: true, expires at: 1762158412358
[debug] [2025-11-03T07:44:30.773Z] Checked if tokens are valid: true, expires at: 1762158412358
[debug] [2025-11-03T07:44:30.773Z] >>> [apiv2][query] GET https://cloudresourcemanager.googleapis.com/v1/projects/win-finder [none]
[debug] [2025-11-03T07:44:31.671Z] <<< [apiv2][status] GET https://cloudresourcemanager.googleapis.com/v1/projects/win-finder 200
[debug] [2025-11-03T07:44:31.672Z] <<< [apiv2][body] GET https://cloudresourcemanager.googleapis.com/v1/projects/win-finder {"projectNumber":"684643143905","projectId":"win-finder","lifecycleState":"ACTIVE","name":"WinFinder","labels":{"firebase":"enabled","firebase-core":"disabled"},"createTime":"2025-09-09T10:53:20.129381Z"}
[info] i  functions: preparing codebase default for deployment 
[info] i  functions: ensuring required API cloudfunctions.googleapis.com is enabled... 
[info] i  functions: ensuring required API cloudbuild.googleapis.com is enabled... 
[info] i  artifactregistry: ensuring required API artifactregistry.googleapis.com is enabled... 
[debug] [2025-11-03T07:44:31.680Z] Checked if tokens are valid: true, expires at: 1762158412358
[debug] [2025-11-03T07:44:31.680Z] Checked if tokens are valid: true, expires at: 1762158412358
[debug] [2025-11-03T07:44:31.681Z] >>> [apiv2][query] GET https://firebase.googleapis.com/v1beta1/projects/win-finder/adminSdkConfig [none]
[debug] [2025-11-03T07:44:32.130Z] <<< [apiv2][status] GET https://firebase.googleapis.com/v1beta1/projects/win-finder/adminSdkConfig 200
[debug] [2025-11-03T07:44:32.130Z] <<< [apiv2][body] GET https://firebase.googleapis.com/v1beta1/projects/win-finder/adminSdkConfig {"projectId":"win-finder","storageBucket":"win-finder.firebasestorage.app"}
[debug] [2025-11-03T07:44:32.132Z] Checked if tokens are valid: true, expires at: 1762158412358
[debug] [2025-11-03T07:44:32.132Z] Checked if tokens are valid: true, expires at: 1762158412358
[debug] [2025-11-03T07:44:32.132Z] >>> [apiv2][query] GET https://runtimeconfig.googleapis.com/v1beta1/projects/win-finder/configs [none]
[debug] [2025-11-03T07:44:32.732Z] <<< [apiv2][status] GET https://runtimeconfig.googleapis.com/v1beta1/projects/win-finder/configs 200
[debug] [2025-11-03T07:44:32.733Z] <<< [apiv2][body] GET https://runtimeconfig.googleapis.com/v1beta1/projects/win-finder/configs {}
[debug] [2025-11-03T07:44:32.736Z] Validating nodejs source
[warn] ⚠  functions: package.json indicates an outdated version of firebase-functions. Please upgrade using npm install --save firebase-functions@latest in your functions directory. 
[debug] [2025-11-03T07:44:33.445Z] > [functions] package.json contents: {
  "name": "functions",
  "scripts": {
    "build": "tsc",
    "build:watch": "tsc --watch",
    "serve": "npm run build && firebase emulators:start --only functions",
    "shell": "npm run build && firebase functions:shell",
    "start": "npm run shell",
    "deploy": "firebase deploy --only functions",
    "logs": "firebase functions:log"
  },
  "engines": {
    "node": "22"
  },
  "main": "lib/index.js",
  "dependencies": {
    "firebase-admin": "^12.6.0",
    "firebase-functions": "^6.0.1"
  },
  "devDependencies": {
    "typescript": "^5.7.3",
    "firebase-functions-test": "^3.1.0"
  },
  "private": true
}
[debug] [2025-11-03T07:44:33.445Z] Building nodejs source
[info] i  functions: Loading and analyzing source code for codebase default to determine what to deploy 
[debug] [2025-11-03T07:44:33.446Z] Could not find functions.yaml. Must use http discovery
[debug] [2025-11-03T07:44:33.458Z] Found firebase-functions binary at '/Users/nexiv/dev/win_finder_functions/functions/node_modules/.bin/firebase-functions'
[info] Serving at port 8895

[debug] [2025-11-03T07:44:33.988Z] Got response from /__/functions.yaml {"endpoints":{"update_results":{"availableMemoryMb":null,"timeoutSeconds":null,"minInstances":null,"maxInstances":null,"ingressSettings":null,"concurrency":null,"serviceAccountEmail":null,"vpc":null,"platform":"gcfv2","labels":{},"scheduleTrigger":{"schedule":"every 30 minutes","retryConfig":{"retryCount":null,"maxDoublings":null,"maxRetrySeconds":null,"minBackoffSeconds":null,"maxBackoffSeconds":null},"timeZone":null},"entryPoint":"update_results"},"updateStandings":{"availableMemoryMb":null,"timeoutSeconds":null,"minInstances":null,"maxInstances":null,"ingressSettings":null,"concurrency":null,"serviceAccountEmail":null,"vpc":null,"platform":"gcfv2","labels":{},"scheduleTrigger":{"schedule":"every 4 hours","retryConfig":{"retryCount":null,"maxDoublings":null,"maxRetrySeconds":null,"minBackoffSeconds":null,"maxBackoffSeconds":null},"timeZone":null},"entryPoint":"updateStandings"},"cleanDatabase":{"availableMemoryMb":null,"timeoutSeconds":null,"minInstances":null,"maxInstances":null,"ingressSettings":null,"concurrency":null,"serviceAccountEmail":null,"vpc":null,"platform":"gcfv2","labels":{},"scheduleTrigger":{"schedule":"every day","retryConfig":{"retryCount":null,"maxDoublings":null,"maxRetrySeconds":null,"minBackoffSeconds":null,"maxBackoffSeconds":null},"timeZone":null},"entryPoint":"cleanDatabase"}},"specVersion":"v1alpha1","requiredAPIs":[{"api":"cloudscheduler.googleapis.com","reason":"Needed for scheduled functions."}],"extensions":{}}
[info] i  extensions: ensuring required API firebaseextensions.googleapis.com is enabled... 
[debug] [2025-11-03T07:44:38.042Z] > command requires scopes: ["email","openid","https://www.googleapis.com/auth/cloudplatformprojects.readonly","https://www.googleapis.com/auth/firebase","https://www.googleapis.com/auth/cloud-platform"]
[debug] [2025-11-03T07:44:38.042Z] > authorizing via signed-in user (konjina188@gmail.com)
[debug] [2025-11-03T07:44:38.042Z] [iam] checking project win-finder for permissions ["firebase.projects.get","firebaseextensions.instances.list"]
[debug] [2025-11-03T07:44:38.043Z] Checked if tokens are valid: true, expires at: 1762158412358
[debug] [2025-11-03T07:44:38.043Z] Checked if tokens are valid: true, expires at: 1762158412358
[debug] [2025-11-03T07:44:38.044Z] >>> [apiv2][query] POST https://cloudresourcemanager.googleapis.com/v1/projects/win-finder:testIamPermissions [none]
[debug] [2025-11-03T07:44:38.044Z] >>> [apiv2][(partial)header] POST https://cloudresourcemanager.googleapis.com/v1/projects/win-finder:testIamPermissions x-goog-quota-user=projects/win-finder
[debug] [2025-11-03T07:44:38.044Z] >>> [apiv2][body] POST https://cloudresourcemanager.googleapis.com/v1/projects/win-finder:testIamPermissions {"permissions":["firebase.projects.get","firebaseextensions.instances.list"]}
[debug] [2025-11-03T07:44:38.987Z] <<< [apiv2][status] POST https://cloudresourcemanager.googleapis.com/v1/projects/win-finder:testIamPermissions 200
[debug] [2025-11-03T07:44:38.988Z] <<< [apiv2][body] POST https://cloudresourcemanager.googleapis.com/v1/projects/win-finder:testIamPermissions {"permissions":["firebase.projects.get","firebaseextensions.instances.list"]}
[debug] [2025-11-03T07:44:38.989Z] Checked if tokens are valid: true, expires at: 1762158412358
[debug] [2025-11-03T07:44:38.989Z] Checked if tokens are valid: true, expires at: 1762158412358
[debug] [2025-11-03T07:44:38.991Z] >>> [apiv2][query] GET https://firebaseextensions.googleapis.com/v1beta/projects/win-finder/instances pageSize=100&pageToken=
[debug] [2025-11-03T07:44:40.121Z] <<< [apiv2][status] GET https://firebaseextensions.googleapis.com/v1beta/projects/win-finder/instances 200
[debug] [2025-11-03T07:44:40.123Z] <<< [apiv2][body] GET https://firebaseextensions.googleapis.com/v1beta/projects/win-finder/instances {}
[info] i  functions: preparing functions directory for uploading... 
[info] i  functions: packaged /Users/nexiv/dev/win_finder_functions/functions (87.86 KB) for uploading 
[debug] [2025-11-03T07:44:40.242Z] Checked if tokens are valid: true, expires at: 1762158412358
[debug] [2025-11-03T07:44:40.242Z] Checked if tokens are valid: true, expires at: 1762158412358
[debug] [2025-11-03T07:44:40.242Z] >>> [apiv2][query] GET https://cloudfunctions.googleapis.com/v1/projects/win-finder/locations/-/functions [none]
[debug] [2025-11-03T07:44:41.051Z] <<< [apiv2][status] GET https://cloudfunctions.googleapis.com/v1/projects/win-finder/locations/-/functions 200
[debug] [2025-11-03T07:44:41.053Z] <<< [apiv2][body] GET https://cloudfunctions.googleapis.com/v1/projects/win-finder/locations/-/functions {}
[debug] [2025-11-03T07:44:41.054Z] Checked if tokens are valid: true, expires at: 1762158412358
[debug] [2025-11-03T07:44:41.054Z] Checked if tokens are valid: true, expires at: 1762158412358
[debug] [2025-11-03T07:44:41.056Z] >>> [apiv2][query] GET https://cloudfunctions.googleapis.com/v2/projects/win-finder/locations/-/functions filter=environment%3D%22GEN_2%22
[debug] [2025-11-03T07:44:41.756Z] <<< [apiv2][status] GET https://cloudfunctions.googleapis.com/v2/projects/win-finder/locations/-/functions 200
[debug] [2025-11-03T07:44:41.757Z] <<< [apiv2][body] GET https://cloudfunctions.googleapis.com/v2/projects/win-finder/locations/-/functions {"functions":[{"name":"projects/win-finder/locations/europe-west1/functions/update_results","buildConfig":{"build":"projects/684643143905/locations/europe-west1/builds/a2812133-ee8d-42be-824a-f51b2559dac5","runtime":"nodejs22","entryPoint":"update_results","source":{"storageSource":{"bucket":"gcf-v2-sources-684643143905-europe-west1","object":"update_results/function-source.zip","generation":"1762154967390883"}},"environmentVariables":{"GOOGLE_NODE_RUN_SCRIPTS":""},"dockerRepository":"projects/win-finder/locations/europe-west1/repositories/gcf-artifacts","sourceProvenance":{"resolvedStorageSource":{"bucket":"gcf-v2-sources-684643143905-europe-west1","object":"update_results/function-source.zip","generation":"1762154967390883"}},"dockerRegistry":"ARTIFACT_REGISTRY","serviceAccount":"projects/win-finder/serviceAccounts/684643143905-compute@developer.gserviceaccount.com","automaticUpdatePolicy":{}},"serviceConfig":{"service":"projects/win-finder/locations/europe-west1/services/update-results","timeoutSeconds":60,"environmentVariables":{"FIREBASE_CONFIG":"{\"projectId\":\"win-finder\",\"storageBucket\":\"win-finder.firebasestorage.app\"}","GCLOUD_PROJECT":"win-finder","EVENTARC_CLOUD_EVENT_SOURCE":"projects/win-finder/locations/europe-west1/services/update_results","FUNCTION_SIGNATURE_TYPE":"cloudevent","FUNCTION_TARGET":"update_results","LOG_EXECUTION_ID":"true"},"maxInstanceCount":20,"ingressSettings":"ALLOW_ALL","uri":"https://update-results-jfm2n322wq-ew.a.run.app","serviceAccountEmail":"684643143905-compute@developer.gserviceaccount.com","availableMemory":"256Mi","allTrafficOnLatestRevision":true,"revision":"update-results-00001-gok","maxInstanceRequestConcurrency":80,"availableCpu":"1"},"eventTrigger":{"trigger":"projects/win-finder/locations/europe-west1/triggers/update-results-956343","triggerRegion":"europe-west1","eventType":"google.cloud.pubsub.topic.v1.messagePublished","pubsubTopic":"projects/win-finder/topics/updateResults","serviceAccountEmail":"684643143905-compute@developer.gserviceaccount.com","retryPolicy":"RETRY_POLICY_DO_NOT_RETRY"},"state":"ACTIVE","updateTime":"2025-11-03T07:29:53.515768476Z","labels":{"deployment-tool":"cli-firebase","firebase-functions-hash":"460792e3ba71ba631921baa3ff184ad0aebe8d21"},"environment":"GEN_2","url":"https://europe-west1-win-finder.cloudfunctions.net/update_results","createTime":"2025-11-03T07:29:28.373965624Z","satisfiesPzi":true},{"name":"projects/win-finder/locations/europe-west1/functions/updateStandings","buildConfig":{"build":"projects/684643143905/locations/europe-west1/builds/a2812133-ee8d-42be-824a-f51b2559dac5","runtime":"nodejs22","entryPoint":"updateStandings","source":{"storageSource":{"bucket":"gcf-v2-sources-684643143905-europe-west1","object":"updateStandings/function-source.zip","generation":"1762154967309762"}},"environmentVariables":{"GOOGLE_NODE_RUN_SCRIPTS":""},"dockerRepository":"projects/win-finder/locations/europe-west1/repositories/gcf-artifacts","sourceProvenance":{"resolvedStorageSource":{"bucket":"gcf-v2-sources-684643143905-europe-west1","object":"updateStandings/function-source.zip","generation":"1762154967309762"}},"dockerRegistry":"ARTIFACT_REGISTRY","serviceAccount":"projects/win-finder/serviceAccounts/684643143905-compute@developer.gserviceaccount.com","automaticUpdatePolicy":{}},"serviceConfig":{"service":"projects/win-finder/locations/europe-west1/services/updatestandings","timeoutSeconds":60,"environmentVariables":{"FIREBASE_CONFIG":"{\"projectId\":\"win-finder\",\"storageBucket\":\"win-finder.firebasestorage.app\"}","GCLOUD_PROJECT":"win-finder","EVENTARC_CLOUD_EVENT_SOURCE":"projects/win-finder/locations/europe-west1/services/updateStandings","FUNCTION_SIGNATURE_TYPE":"cloudevent","FUNCTION_TARGET":"updateStandings","LOG_EXECUTION_ID":"true"},"maxInstanceCount":20,"ingressSettings":"ALLOW_ALL","uri":"https://updatestandings-jfm2n322wq-ew.a.run.app","serviceAccountEmail":"684643143905-compute@developer.gserviceaccount.com","availableMemory":"256Mi","allTrafficOnLatestRevision":true,"revision":"updatestandings-00001-ruq","maxInstanceRequestConcurrency":80,"availableCpu":"1"},"eventTrigger":{"trigger":"projects/win-finder/locations/europe-west1/triggers/updatestandings-526353","triggerRegion":"europe-west1","eventType":"google.cloud.pubsub.topic.v1.messagePublished","pubsubTopic":"projects/win-finder/topics/updateStandings","serviceAccountEmail":"684643143905-compute@developer.gserviceaccount.com","retryPolicy":"RETRY_POLICY_DO_NOT_RETRY"},"state":"ACTIVE","updateTime":"2025-11-03T07:29:57.165633129Z","labels":{"firebase-functions-hash":"460792e3ba71ba631921baa3ff184ad0aebe8d21","deployment-tool":"cli-firebase"},"environment":"GEN_2","url":"https://europe-west1-win-finder.cloudfunctions.net/updateStandings","createTime":"2025-11-03T07:29:28.397470173Z","satisfiesPzi":true},{"name":"projects/win-finder/locations/europe-west1/functions/cleanDatabase","buildConfig":{"build":"projects/684643143905/locations/europe-west1/builds/a2812133-ee8d-42be-824a-f51b2559dac5","runtime":"nodejs22","entryPoint":"cleanDatabase","source":{"storageSource":{"bucket":"gcf-v2-sources-684643143905-europe-west1","object":"cleanDatabase/function-source.zip","generation":"1762154886335192"}},"environmentVariables":{"GOOGLE_NODE_RUN_SCRIPTS":""},"dockerRepository":"projects/win-finder/locations/europe-west1/repositories/gcf-artifacts","sourceProvenance":{"resolvedStorageSource":{"bucket":"gcf-v2-sources-684643143905-europe-west1","object":"cleanDatabase/function-source.zip","generation":"1762154886335192"}},"dockerRegistry":"ARTIFACT_REGISTRY","serviceAccount":"projects/win-finder/serviceAccounts/684643143905-compute@developer.gserviceaccount.com","automaticUpdatePolicy":{}},"serviceConfig":{"service":"projects/win-finder/locations/europe-west1/services/cleandatabase","timeoutSeconds":60,"environmentVariables":{"FIREBASE_CONFIG":"{\"projectId\":\"win-finder\",\"storageBucket\":\"win-finder.firebasestorage.app\"}","GCLOUD_PROJECT":"win-finder","EVENTARC_CLOUD_EVENT_SOURCE":"projects/win-finder/locations/europe-west1/services/cleanDatabase","FUNCTION_SIGNATURE_TYPE":"cloudevent","FUNCTION_TARGET":"cleanDatabase","LOG_EXECUTION_ID":"true"},"maxInstanceCount":20,"ingressSettings":"ALLOW_ALL","uri":"https://cleandatabase-jfm2n322wq-ew.a.run.app","serviceAccountEmail":"684643143905-compute@developer.gserviceaccount.com","availableMemory":"256Mi","allTrafficOnLatestRevision":true,"revision":"cleandatabase-00001-tij","maxInstanceRequestConcurrency":80,"availableCpu":"1"},"eventTrigger":{"trigger":"projects/win-finder/locations/europe-west1/triggers/cleandatabase-192270","triggerRegion":"europe-west1","eventType":"google.cloud.pubsub.topic.v1.messagePublished","pubsubTopic":"projects/win-finder/topics/cleanDatabase","serviceAccountEmail":"684643143905-compute@developer.gserviceaccount.com","retryPolicy":"RETRY_POLICY_DO_NOT_RETRY"},"state":"ACTIVE","updateTime":"2025-11-03T07:29:38.729971147Z","labels":{"firebase-functions-hash":"460792e3ba71ba631921baa3ff184ad0aebe8d21","deployment-tool":"cli-firebase"},"environment":"GEN_2","url":"https://europe-west1-win-finder.cloudfunctions.net/cleanDatabase","createTime":"2025-11-03T07:28:08.722196909Z","satisfiesPzi":true}]}
[info] i  functions: ensuring required API cloudscheduler.googleapis.com is enabled... 
[debug] [2025-11-03T07:44:41.769Z] Checked if tokens are valid: true, expires at: 1762158412358
[debug] [2025-11-03T07:44:41.769Z] Checked if tokens are valid: true, expires at: 1762158412358
[debug] [2025-11-03T07:44:41.771Z] >>> [apiv2][query] GET https://serviceusage.googleapis.com/v1/projects/684643143905/services/cloudscheduler.googleapis.com [none]
[debug] [2025-11-03T07:44:41.771Z] >>> [apiv2][(partial)header] GET https://serviceusage.googleapis.com/v1/projects/684643143905/services/cloudscheduler.googleapis.com x-goog-quota-user=projects/684643143905
[debug] [2025-11-03T07:44:42.888Z] <<< [apiv2][status] GET https://serviceusage.googleapis.com/v1/projects/684643143905/services/cloudscheduler.googleapis.com 200
[debug] [2025-11-03T07:44:42.888Z] <<< [apiv2][body] GET https://serviceusage.googleapis.com/v1/projects/684643143905/services/cloudscheduler.googleapis.com [omitted]
[warn] ⚠  functions: missing required API cloudscheduler.googleapis.com. Enabling now... 
[debug] [2025-11-03T07:44:42.890Z] Checked if tokens are valid: true, expires at: 1762158412358
[debug] [2025-11-03T07:44:42.890Z] Checked if tokens are valid: true, expires at: 1762158412358
[debug] [2025-11-03T07:44:42.890Z] >>> [apiv2][query] POST https://serviceusage.googleapis.com/v1/projects/684643143905/services/cloudscheduler.googleapis.com:enable [none]
[debug] [2025-11-03T07:44:42.890Z] >>> [apiv2][(partial)header] POST https://serviceusage.googleapis.com/v1/projects/684643143905/services/cloudscheduler.googleapis.com:enable x-goog-quota-user=projects/684643143905
[debug] [2025-11-03T07:44:43.899Z] <<< [apiv2][status] POST https://serviceusage.googleapis.com/v1/projects/684643143905/services/cloudscheduler.googleapis.com:enable 200
[debug] [2025-11-03T07:44:43.900Z] <<< [apiv2][body] POST https://serviceusage.googleapis.com/v1/projects/684643143905/services/cloudscheduler.googleapis.com:enable [omitted]
[info] i  functions: ensuring required API run.googleapis.com is enabled... 
[info] i  functions: ensuring required API eventarc.googleapis.com is enabled... 
[info] i  functions: ensuring required API pubsub.googleapis.com is enabled... 
[info] i  functions: ensuring required API storage.googleapis.com is enabled... 
[info] i  functions: generating the service identity for pubsub.googleapis.com... 
[debug] [2025-11-03T07:44:53.939Z] Checked if tokens are valid: true, expires at: 1762158412358
[debug] [2025-11-03T07:44:53.939Z] Checked if tokens are valid: true, expires at: 1762158412358
[info] i  functions: generating the service identity for eventarc.googleapis.com... 
[debug] [2025-11-03T07:44:53.939Z] Checked if tokens are valid: true, expires at: 1762158412358
[debug] [2025-11-03T07:44:53.939Z] Checked if tokens are valid: true, expires at: 1762158412358
[debug] [2025-11-03T07:44:53.941Z] >>> [apiv2][query] POST https://serviceusage.googleapis.com/v1beta1/projects/684643143905/services/pubsub.googleapis.com:generateServiceIdentity [none]
[debug] [2025-11-03T07:44:53.941Z] >>> [apiv2][(partial)header] POST https://serviceusage.googleapis.com/v1beta1/projects/684643143905/services/pubsub.googleapis.com:generateServiceIdentity x-goog-quota-user=projects/684643143905
[debug] [2025-11-03T07:44:53.941Z] >>> [apiv2][body] POST https://serviceusage.googleapis.com/v1beta1/projects/684643143905/services/pubsub.googleapis.com:generateServiceIdentity {}
[debug] [2025-11-03T07:44:53.964Z] >>> [apiv2][query] POST https://serviceusage.googleapis.com/v1beta1/projects/684643143905/services/eventarc.googleapis.com:generateServiceIdentity [none]
[debug] [2025-11-03T07:44:53.964Z] >>> [apiv2][(partial)header] POST https://serviceusage.googleapis.com/v1beta1/projects/684643143905/services/eventarc.googleapis.com:generateServiceIdentity x-goog-quota-user=projects/684643143905
[debug] [2025-11-03T07:44:53.964Z] >>> [apiv2][body] POST https://serviceusage.googleapis.com/v1beta1/projects/684643143905/services/eventarc.googleapis.com:generateServiceIdentity {}
[debug] [2025-11-03T07:44:55.074Z] <<< [apiv2][status] POST https://serviceusage.googleapis.com/v1beta1/projects/684643143905/services/eventarc.googleapis.com:generateServiceIdentity 200
[debug] [2025-11-03T07:44:55.074Z] <<< [apiv2][body] POST https://serviceusage.googleapis.com/v1beta1/projects/684643143905/services/eventarc.googleapis.com:generateServiceIdentity {"name":"operations/finished.DONE_OPERATION","done":true,"response":{"@type":"type.googleapis.com/google.api.serviceusage.v1beta1.ServiceIdentity","email":"service-684643143905@gcp-sa-eventarc.iam.gserviceaccount.com","uniqueId":"102613563755502511243"}}
[debug] [2025-11-03T07:44:55.074Z] <<< [apiv2][status] POST https://serviceusage.googleapis.com/v1beta1/projects/684643143905/services/pubsub.googleapis.com:generateServiceIdentity 200
[debug] [2025-11-03T07:44:55.075Z] <<< [apiv2][body] POST https://serviceusage.googleapis.com/v1beta1/projects/684643143905/services/pubsub.googleapis.com:generateServiceIdentity {"name":"operations/finished.DONE_OPERATION","done":true,"response":{"@type":"type.googleapis.com/google.api.serviceusage.v1beta1.ServiceIdentity","email":"service-684643143905@gcp-sa-pubsub.iam.gserviceaccount.com","uniqueId":"112244603078099071677"}}
[debug] [2025-11-03T07:44:55.077Z] Checked if tokens are valid: true, expires at: 1762158412358
[debug] [2025-11-03T07:44:55.077Z] Checked if tokens are valid: true, expires at: 1762158412358
[debug] [2025-11-03T07:44:55.077Z] >>> [apiv2][query] GET https://cloudresourcemanager.googleapis.com/v1/projects/win-finder [none]
[debug] [2025-11-03T07:44:55.974Z] <<< [apiv2][status] GET https://cloudresourcemanager.googleapis.com/v1/projects/win-finder 200
[debug] [2025-11-03T07:44:55.974Z] <<< [apiv2][body] GET https://cloudresourcemanager.googleapis.com/v1/projects/win-finder {"projectNumber":"684643143905","projectId":"win-finder","lifecycleState":"ACTIVE","name":"WinFinder","labels":{"firebase":"enabled","firebase-core":"disabled"},"createTime":"2025-09-09T10:53:20.129381Z"}
[debug] [2025-11-03T07:44:55.975Z] Checked if tokens are valid: true, expires at: 1762158412358
[debug] [2025-11-03T07:44:55.976Z] Checked if tokens are valid: true, expires at: 1762158412358
[debug] [2025-11-03T07:44:55.976Z] >>> [apiv2][query] GET https://compute.googleapis.com/compute/v1/projects/684643143905 [none]
[debug] [2025-11-03T07:44:56.343Z] <<< [apiv2][status] GET https://compute.googleapis.com/compute/v1/projects/684643143905 403
[debug] [2025-11-03T07:44:56.344Z] <<< [apiv2][body] GET https://compute.googleapis.com/compute/v1/projects/684643143905 {"error":{"code":403,"message":"Compute Engine API has not been used in project 684643143905 before or it is disabled. Enable it by visiting https://console.developers.google.com/apis/api/compute.googleapis.com/overview?project=684643143905 then retry. If you enabled this API recently, wait a few minutes for the action to propagate to our systems and retry.","errors":[{"message":"Compute Engine API has not been used in project 684643143905 before or it is disabled. Enable it by visiting https://console.developers.google.com/apis/api/compute.googleapis.com/overview?project=684643143905 then retry. If you enabled this API recently, wait a few minutes for the action to propagate to our systems and retry.","domain":"usageLimits","reason":"accessNotConfigured","extendedHelp":"https://console.developers.google.com"}],"status":"PERMISSION_DENIED","details":[{"@type":"type.googleapis.com/google.rpc.ErrorInfo","reason":"SERVICE_DISABLED","domain":"googleapis.com","metadata":{"serviceTitle":"Compute Engine API","consumer":"projects/684643143905","service":"compute.googleapis.com","containerInfo":"684643143905","activationUrl":"https://console.developers.google.com/apis/api/compute.googleapis.com/overview?project=684643143905"}},{"@type":"type.googleapis.com/google.rpc.LocalizedMessage","locale":"en-US","message":"Compute Engine API has not been used in project 684643143905 before or it is disabled. Enable it by visiting https://console.developers.google.com/apis/api/compute.googleapis.com/overview?project=684643143905 then retry. If you enabled this API recently, wait a few minutes for the action to propagate to our systems and retry."},{"@type":"type.googleapis.com/google.rpc.Help","links":[{"description":"Google developers console API activation","url":"https://console.developers.google.com/apis/api/compute.googleapis.com/overview?project=684643143905"}]}]}}
[debug] [2025-11-03T07:44:56.346Z] unable to look up default compute service account. Falling back to 684643143905-compute@developer.gserviceaccount.com. Error: {"name":"FirebaseError","children":[],"context":{"body":{"error":{"code":403,"message":"Compute Engine API has not been used in project 684643143905 before or it is disabled. Enable it by visiting https://console.developers.google.com/apis/api/compute.googleapis.com/overview?project=684643143905 then retry. If you enabled this API recently, wait a few minutes for the action to propagate to our systems and retry.","errors":[{"message":"Compute Engine API has not been used in project 684643143905 before or it is disabled. Enable it by visiting https://console.developers.google.com/apis/api/compute.googleapis.com/overview?project=684643143905 then retry. If you enabled this API recently, wait a few minutes for the action to propagate to our systems and retry.","domain":"usageLimits","reason":"accessNotConfigured","extendedHelp":"https://console.developers.google.com"}],"status":"PERMISSION_DENIED","details":[{"@type":"type.googleapis.com/google.rpc.ErrorInfo","reason":"SERVICE_DISABLED","domain":"googleapis.com","metadata":{"serviceTitle":"Compute Engine API","consumer":"projects/684643143905","service":"compute.googleapis.com","containerInfo":"684643143905","activationUrl":"https://console.developers.google.com/apis/api/compute.googleapis.com/overview?project=684643143905"}},{"@type":"type.googleapis.com/google.rpc.LocalizedMessage","locale":"en-US","message":"Compute Engine API has not been used in project 684643143905 before or it is disabled. Enable it by visiting https://console.developers.google.com/apis/api/compute.googleapis.com/overview?project=684643143905 then retry. If you enabled this API recently, wait a few minutes for the action to propagate to our systems and retry."},{"@type":"type.googleapis.com/google.rpc.Help","links":[{"description":"Google developers console API activation","url":"https://console.developers.google.com/apis/api/compute.googleapis.com/overview?project=684643143905"}]}]}},"response":{"statusCode":403}},"exit":1,"message":"Request to https://compute.googleapis.com/compute/v1/projects/684643143905 had HTTP Error: 403, Compute Engine API has not been used in project 684643143905 before or it is disabled. Enable it by visiting https://console.developers.google.com/apis/api/compute.googleapis.com/overview?project=684643143905 then retry. If you enabled this API recently, wait a few minutes for the action to propagate to our systems and retry.","status":403}
[debug] [2025-11-03T07:44:56.347Z] Checked if tokens are valid: true, expires at: 1762158412358
[debug] [2025-11-03T07:44:56.347Z] Checked if tokens are valid: true, expires at: 1762158412358
[debug] [2025-11-03T07:44:56.347Z] >>> [apiv2][query] GET https://compute.googleapis.com/compute/v1/projects/684643143905 [none]
[debug] [2025-11-03T07:44:56.523Z] <<< [apiv2][status] GET https://compute.googleapis.com/compute/v1/projects/684643143905 403
[debug] [2025-11-03T07:44:56.524Z] <<< [apiv2][body] GET https://compute.googleapis.com/compute/v1/projects/684643143905 {"error":{"code":403,"message":"Compute Engine API has not been used in project 684643143905 before or it is disabled. Enable it by visiting https://console.developers.google.com/apis/api/compute.googleapis.com/overview?project=684643143905 then retry. If you enabled this API recently, wait a few minutes for the action to propagate to our systems and retry.","errors":[{"message":"Compute Engine API has not been used in project 684643143905 before or it is disabled. Enable it by visiting https://console.developers.google.com/apis/api/compute.googleapis.com/overview?project=684643143905 then retry. If you enabled this API recently, wait a few minutes for the action to propagate to our systems and retry.","domain":"usageLimits","reason":"accessNotConfigured","extendedHelp":"https://console.developers.google.com"}],"status":"PERMISSION_DENIED","details":[{"@type":"type.googleapis.com/google.rpc.ErrorInfo","reason":"SERVICE_DISABLED","domain":"googleapis.com","metadata":{"service":"compute.googleapis.com","activationUrl":"https://console.developers.google.com/apis/api/compute.googleapis.com/overview?project=684643143905","consumer":"projects/684643143905","serviceTitle":"Compute Engine API","containerInfo":"684643143905"}},{"@type":"type.googleapis.com/google.rpc.LocalizedMessage","locale":"en-US","message":"Compute Engine API has not been used in project 684643143905 before or it is disabled. Enable it by visiting https://console.developers.google.com/apis/api/compute.googleapis.com/overview?project=684643143905 then retry. If you enabled this API recently, wait a few minutes for the action to propagate to our systems and retry."},{"@type":"type.googleapis.com/google.rpc.Help","links":[{"description":"Google developers console API activation","url":"https://console.developers.google.com/apis/api/compute.googleapis.com/overview?project=684643143905"}]}]}}
[debug] [2025-11-03T07:44:56.524Z] unable to look up default compute service account. Falling back to 684643143905-compute@developer.gserviceaccount.com. Error: {"name":"FirebaseError","children":[],"context":{"body":{"error":{"code":403,"message":"Compute Engine API has not been used in project 684643143905 before or it is disabled. Enable it by visiting https://console.developers.google.com/apis/api/compute.googleapis.com/overview?project=684643143905 then retry. If you enabled this API recently, wait a few minutes for the action to propagate to our systems and retry.","errors":[{"message":"Compute Engine API has not been used in project 684643143905 before or it is disabled. Enable it by visiting https://console.developers.google.com/apis/api/compute.googleapis.com/overview?project=684643143905 then retry. If you enabled this API recently, wait a few minutes for the action to propagate to our systems and retry.","domain":"usageLimits","reason":"accessNotConfigured","extendedHelp":"https://console.developers.google.com"}],"status":"PERMISSION_DENIED","details":[{"@type":"type.googleapis.com/google.rpc.ErrorInfo","reason":"SERVICE_DISABLED","domain":"googleapis.com","metadata":{"service":"compute.googleapis.com","activationUrl":"https://console.developers.google.com/apis/api/compute.googleapis.com/overview?project=684643143905","consumer":"projects/684643143905","serviceTitle":"Compute Engine API","containerInfo":"684643143905"}},{"@type":"type.googleapis.com/google.rpc.LocalizedMessage","locale":"en-US","message":"Compute Engine API has not been used in project 684643143905 before or it is disabled. Enable it by visiting https://console.developers.google.com/apis/api/compute.googleapis.com/overview?project=684643143905 then retry. If you enabled this API recently, wait a few minutes for the action to propagate to our systems and retry."},{"@type":"type.googleapis.com/google.rpc.Help","links":[{"description":"Google developers console API activation","url":"https://console.developers.google.com/apis/api/compute.googleapis.com/overview?project=684643143905"}]}]}},"response":{"statusCode":403}},"exit":1,"message":"Request to https://compute.googleapis.com/compute/v1/projects/684643143905 had HTTP Error: 403, Compute Engine API has not been used in project 684643143905 before or it is disabled. Enable it by visiting https://console.developers.google.com/apis/api/compute.googleapis.com/overview?project=684643143905 then retry. If you enabled this API recently, wait a few minutes for the action to propagate to our systems and retry.","status":403}
[debug] [2025-11-03T07:44:56.524Z] Checked if tokens are valid: true, expires at: 1762158412358
[debug] [2025-11-03T07:44:56.524Z] Checked if tokens are valid: true, expires at: 1762158412358
[debug] [2025-11-03T07:44:56.525Z] >>> [apiv2][query] GET https://compute.googleapis.com/compute/v1/projects/684643143905 [none]
[debug] [2025-11-03T07:44:56.732Z] <<< [apiv2][status] GET https://compute.googleapis.com/compute/v1/projects/684643143905 403
[debug] [2025-11-03T07:44:56.734Z] <<< [apiv2][body] GET https://compute.googleapis.com/compute/v1/projects/684643143905 {"error":{"code":403,"message":"Compute Engine API has not been used in project 684643143905 before or it is disabled. Enable it by visiting https://console.developers.google.com/apis/api/compute.googleapis.com/overview?project=684643143905 then retry. If you enabled this API recently, wait a few minutes for the action to propagate to our systems and retry.","errors":[{"message":"Compute Engine API has not been used in project 684643143905 before or it is disabled. Enable it by visiting https://console.developers.google.com/apis/api/compute.googleapis.com/overview?project=684643143905 then retry. If you enabled this API recently, wait a few minutes for the action to propagate to our systems and retry.","domain":"usageLimits","reason":"accessNotConfigured","extendedHelp":"https://console.developers.google.com"}],"status":"PERMISSION_DENIED","details":[{"@type":"type.googleapis.com/google.rpc.ErrorInfo","reason":"SERVICE_DISABLED","domain":"googleapis.com","metadata":{"serviceTitle":"Compute Engine API","service":"compute.googleapis.com","activationUrl":"https://console.developers.google.com/apis/api/compute.googleapis.com/overview?project=684643143905","consumer":"projects/684643143905","containerInfo":"684643143905"}},{"@type":"type.googleapis.com/google.rpc.LocalizedMessage","locale":"en-US","message":"Compute Engine API has not been used in project 684643143905 before or it is disabled. Enable it by visiting https://console.developers.google.com/apis/api/compute.googleapis.com/overview?project=684643143905 then retry. If you enabled this API recently, wait a few minutes for the action to propagate to our systems and retry."},{"@type":"type.googleapis.com/google.rpc.Help","links":[{"description":"Google developers console API activation","url":"https://console.developers.google.com/apis/api/compute.googleapis.com/overview?project=684643143905"}]}]}}
[debug] [2025-11-03T07:44:56.736Z] unable to look up default compute service account. Falling back to 684643143905-compute@developer.gserviceaccount.com. Error: {"name":"FirebaseError","children":[],"context":{"body":{"error":{"code":403,"message":"Compute Engine API has not been used in project 684643143905 before or it is disabled. Enable it by visiting https://console.developers.google.com/apis/api/compute.googleapis.com/overview?project=684643143905 then retry. If you enabled this API recently, wait a few minutes for the action to propagate to our systems and retry.","errors":[{"message":"Compute Engine API has not been used in project 684643143905 before or it is disabled. Enable it by visiting https://console.developers.google.com/apis/api/compute.googleapis.com/overview?project=684643143905 then retry. If you enabled this API recently, wait a few minutes for the action to propagate to our systems and retry.","domain":"usageLimits","reason":"accessNotConfigured","extendedHelp":"https://console.developers.google.com"}],"status":"PERMISSION_DENIED","details":[{"@type":"type.googleapis.com/google.rpc.ErrorInfo","reason":"SERVICE_DISABLED","domain":"googleapis.com","metadata":{"serviceTitle":"Compute Engine API","service":"compute.googleapis.com","activationUrl":"https://console.developers.google.com/apis/api/compute.googleapis.com/overview?project=684643143905","consumer":"projects/684643143905","containerInfo":"684643143905"}},{"@type":"type.googleapis.com/google.rpc.LocalizedMessage","locale":"en-US","message":"Compute Engine API has not been used in project 684643143905 before or it is disabled. Enable it by visiting https://console.developers.google.com/apis/api/compute.googleapis.com/overview?project=684643143905 then retry. If you enabled this API recently, wait a few minutes for the action to propagate to our systems and retry."},{"@type":"type.googleapis.com/google.rpc.Help","links":[{"description":"Google developers console API activation","url":"https://console.developers.google.com/apis/api/compute.googleapis.com/overview?project=684643143905"}]}]}},"response":{"statusCode":403}},"exit":1,"message":"Request to https://compute.googleapis.com/compute/v1/projects/684643143905 had HTTP Error: 403, Compute Engine API has not been used in project 684643143905 before or it is disabled. Enable it by visiting https://console.developers.google.com/apis/api/compute.googleapis.com/overview?project=684643143905 then retry. If you enabled this API recently, wait a few minutes for the action to propagate to our systems and retry.","status":403}
[debug] [2025-11-03T07:44:56.740Z] Checked if tokens are valid: true, expires at: 1762158412358
[debug] [2025-11-03T07:44:56.741Z] Checked if tokens are valid: true, expires at: 1762158412358
[debug] [2025-11-03T07:44:56.741Z] >>> [apiv2][query] GET https://cloudbilling.googleapis.com/v1/projects/win-finder/billingInfo [none]
[debug] [2025-11-03T07:44:57.132Z] <<< [apiv2][status] GET https://cloudbilling.googleapis.com/v1/projects/win-finder/billingInfo 200
[debug] [2025-11-03T07:44:57.133Z] <<< [apiv2][body] GET https://cloudbilling.googleapis.com/v1/projects/win-finder/billingInfo {"name":"projects/win-finder/billingInfo","projectId":"win-finder","billingAccountName":"billingAccounts/000711-F0544E-276B60","billingEnabled":true}
[debug] [2025-11-03T07:44:57.138Z] Checked if tokens are valid: true, expires at: 1762158412358
[debug] [2025-11-03T07:44:57.138Z] Checked if tokens are valid: true, expires at: 1762158412358
[debug] [2025-11-03T07:44:57.138Z] >>> [apiv2][query] POST https://cloudfunctions.googleapis.com/v2/projects/win-finder/locations/us-central1/functions:generateUploadUrl [none]
[debug] [2025-11-03T07:44:59.056Z] <<< [apiv2][status] POST https://cloudfunctions.googleapis.com/v2/projects/win-finder/locations/us-central1/functions:generateUploadUrl 200
[debug] [2025-11-03T07:44:59.057Z] <<< [apiv2][body] POST https://cloudfunctions.googleapis.com/v2/projects/win-finder/locations/us-central1/functions:generateUploadUrl {"uploadUrl":"https://storage.googleapis.com/gcf-v2-uploads-684643143905.us-central1.cloudfunctions.appspot.com/f2548ed2-f20e-449b-a95e-2fbe1332b192.zip?GoogleAccessId=service-684643143905@gcf-admin-robot.iam.gserviceaccount.com&Expires=1762157698&Signature=ZlkIGQk%2Bsjrbgxw%2B8vNvRV7elSJNY8wwWx%2FF5jx%2B%2BAqzHxIjn6uFyFeePlNjtTxkcO8q6zRrtwqGUEck8fS7HkzXhuIP7r0FersNm%2Fi%2FSGRnlrgTouV7CCURANChcxywlt62fuyXcb7QVFNpm6WPCb9Vun4QHUrA%2BEGp0spyPMganJEfPs8x51LosdbcW5qoYN5mPqVuWdU6EiKcE%2F5%2FRjKBtkR%2FNluNLEnKIuWZfiFUKYxEQZmOEH2J1Tpxvk86cnglvzSGDqxon%2BZ71ZsQCmJxwgfkC8sBAibNPGTKfGwEbcqzRociu3hGmz6HBmjbXu6v%2FR9yZu0V%2BL%2BokGfFvw%3D%3D","storageSource":{"bucket":"gcf-v2-uploads-684643143905.us-central1.cloudfunctions.appspot.com","object":"f2548ed2-f20e-449b-a95e-2fbe1332b192.zip"}}
[debug] [2025-11-03T07:44:59.063Z] >>> [apiv2][query] PUT https://storage.googleapis.com/gcf-v2-uploads-684643143905.us-central1.cloudfunctions.appspot.com/f2548ed2-f20e-449b-a95e-2fbe1332b192.zip GoogleAccessId=service-684643143905%40gcf-admin-robot.iam.gserviceaccount.com&Expires=1762157698&Signature=ZlkIGQk%2Bsjrbgxw%2B8vNvRV7elSJNY8wwWx%2FF5jx%2B%2BAqzHxIjn6uFyFeePlNjtTxkcO8q6zRrtwqGUEck8fS7HkzXhuIP7r0FersNm%2Fi%2FSGRnlrgTouV7CCURANChcxywlt62fuyXcb7QVFNpm6WPCb9Vun4QHUrA%2BEGp0spyPMganJEfPs8x51LosdbcW5qoYN5mPqVuWdU6EiKcE%2F5%2FRjKBtkR%2FNluNLEnKIuWZfiFUKYxEQZmOEH2J1Tpxvk86cnglvzSGDqxon%2BZ71ZsQCmJxwgfkC8sBAibNPGTKfGwEbcqzRociu3hGmz6HBmjbXu6v%2FR9yZu0V%2BL%2BokGfFvw%3D%3D
[debug] [2025-11-03T07:44:59.063Z] >>> [apiv2][body] PUT https://storage.googleapis.com/gcf-v2-uploads-684643143905.us-central1.cloudfunctions.appspot.com/f2548ed2-f20e-449b-a95e-2fbe1332b192.zip [stream]
[debug] [2025-11-03T07:44:59.876Z] <<< [apiv2][status] PUT https://storage.googleapis.com/gcf-v2-uploads-684643143905.us-central1.cloudfunctions.appspot.com/f2548ed2-f20e-449b-a95e-2fbe1332b192.zip 200
[debug] [2025-11-03T07:44:59.877Z] <<< [apiv2][body] PUT https://storage.googleapis.com/gcf-v2-uploads-684643143905.us-central1.cloudfunctions.appspot.com/f2548ed2-f20e-449b-a95e-2fbe1332b192.zip [omitted]
[info] ✔  functions: functions source uploaded successfully 
[info] 
The following functions are found in your project but do not exist in your local source code:
	cleanDatabase(europe-west1)
	updateStandings(europe-west1)
	update_results(europe-west1)

If you are renaming a function or changing its region, it is recommended that you create the new function first before deleting the old one to prevent event loss. For more info, visit https://firebase.google.com/docs/functions/manage-functions#modify

[info] i  functions: creating Node.js 22 (2nd Gen) function update_results(us-central1)... 
[info] i  functions: creating Node.js 22 (2nd Gen) function updateStandings(us-central1)... 
[info] i  functions: creating Node.js 22 (2nd Gen) function cleanDatabase(us-central1)... 
[debug] [2025-11-03T07:45:13.752Z] Checked if tokens are valid: true, expires at: 1762158412358
[debug] [2025-11-03T07:45:13.752Z] Checked if tokens are valid: true, expires at: 1762158412358
[info] i  functions: deleting Node.js 22 (2nd Gen) function update_results(europe-west1)... 
[info] i  functions: deleting Node.js 22 (2nd Gen) function updateStandings(europe-west1)... 
[info] i  functions: deleting Node.js 22 (2nd Gen) function cleanDatabase(europe-west1)... 
[debug] [2025-11-03T07:45:13.754Z] Checked if tokens are valid: true, expires at: 1762158412358
[debug] [2025-11-03T07:45:13.754Z] Checked if tokens are valid: true, expires at: 1762158412358
[debug] [2025-11-03T07:45:13.755Z] Checked if tokens are valid: true, expires at: 1762158412358
[debug] [2025-11-03T07:45:13.757Z] Checked if tokens are valid: true, expires at: 1762158412358
[debug] [2025-11-03T07:45:13.757Z] Checked if tokens are valid: true, expires at: 1762158412358
[debug] [2025-11-03T07:45:13.757Z] Checked if tokens are valid: true, expires at: 1762158412358
[debug] [2025-11-03T07:45:13.759Z] >>> [apiv2][query] POST https://cloudfunctions.googleapis.com/v2/projects/win-finder/locations/us-central1/functions functionId=update_results
[debug] [2025-11-03T07:45:13.759Z] >>> [apiv2][body] POST https://cloudfunctions.googleapis.com/v2/projects/win-finder/locations/us-central1/functions {"name":"projects/win-finder/locations/us-central1/functions/update_results","buildConfig":{"runtime":"nodejs22","entryPoint":"update_results","source":{"storageSource":{"bucket":"gcf-v2-uploads-684643143905.us-central1.cloudfunctions.appspot.com","object":"f2548ed2-f20e-449b-a95e-2fbe1332b192.zip"}},"environmentVariables":{"GOOGLE_NODE_RUN_SCRIPTS":""}},"serviceConfig":{"environmentVariables":{"FIREBASE_CONFIG":"{\"projectId\":\"win-finder\",\"storageBucket\":\"win-finder.firebasestorage.app\"}","GCLOUD_PROJECT":"win-finder","EVENTARC_CLOUD_EVENT_SOURCE":"projects/win-finder/locations/us-central1/services/update_results","FUNCTION_TARGET":"update_results","LOG_EXECUTION_ID":"true"},"ingressSettings":null,"timeoutSeconds":null,"serviceAccountEmail":null,"availableMemory":"256Mi","minInstanceCount":null,"maxInstanceCount":null,"maxInstanceRequestConcurrency":80,"availableCpu":"1","vpcConnector":null,"vpcConnectorEgressSettings":null},"labels":{"deployment-tool":"cli-firebase","deployment-scheduled":"true","firebase-functions-hash":"ad005ec79999841c3a7fd981741b25e16a7b3f09"}}
[debug] [2025-11-03T07:45:13.762Z] >>> [apiv2][query] DELETE https://cloudfunctions.googleapis.com/v2/projects/win-finder/locations/europe-west1/functions/update_results [none]
[debug] [2025-11-03T07:45:13.765Z] >>> [apiv2][query] DELETE https://cloudfunctions.googleapis.com/v2/projects/win-finder/locations/europe-west1/functions/updateStandings [none]
[debug] [2025-11-03T07:45:13.767Z] >>> [apiv2][query] DELETE https://cloudfunctions.googleapis.com/v2/projects/win-finder/locations/europe-west1/functions/cleanDatabase [none]
[debug] [2025-11-03T07:45:14.226Z] <<< [apiv2][status] DELETE https://cloudfunctions.googleapis.com/v2/projects/win-finder/locations/europe-west1/functions/cleanDatabase 200
[debug] [2025-11-03T07:45:14.228Z] <<< [apiv2][body] DELETE https://cloudfunctions.googleapis.com/v2/projects/win-finder/locations/europe-west1/functions/cleanDatabase {"name":"projects/win-finder/locations/europe-west1/operations/operation-1762155914200-642abe54e040c-d966175d-09721074","metadata":{"@type":"type.googleapis.com/google.cloud.functions.v2.OperationMetadata","createTime":"2025-11-03T07:45:14.251450237Z","target":"projects/win-finder/locations/europe-west1/functions/cleanDatabase","verb":"delete","cancelRequested":false,"apiVersion":"v2"},"done":false}
[debug] [2025-11-03T07:45:14.230Z] Checked if tokens are valid: true, expires at: 1762158412358
[debug] [2025-11-03T07:45:14.231Z] Checked if tokens are valid: true, expires at: 1762158412358
[debug] [2025-11-03T07:45:14.234Z] >>> [apiv2][query] GET https://cloudfunctions.googleapis.com/v2/projects/win-finder/locations/europe-west1/operations/operation-1762155914200-642abe54e040c-d966175d-09721074 [none]
[debug] [2025-11-03T07:45:14.323Z] <<< [apiv2][status] DELETE https://cloudfunctions.googleapis.com/v2/projects/win-finder/locations/europe-west1/functions/update_results 200
[debug] [2025-11-03T07:45:14.324Z] <<< [apiv2][body] DELETE https://cloudfunctions.googleapis.com/v2/projects/win-finder/locations/europe-west1/functions/update_results {"name":"projects/win-finder/locations/europe-west1/operations/operation-1762155914334-642abe5501165-681c8ca9-095cfa80","metadata":{"@type":"type.googleapis.com/google.cloud.functions.v2.OperationMetadata","createTime":"2025-11-03T07:45:14.348515115Z","target":"projects/win-finder/locations/europe-west1/functions/update_results","verb":"delete","cancelRequested":false,"apiVersion":"v2"},"done":false}
[debug] [2025-11-03T07:45:14.324Z] Checked if tokens are valid: true, expires at: 1762158412358
[debug] [2025-11-03T07:45:14.328Z] Checked if tokens are valid: true, expires at: 1762158412358
[debug] [2025-11-03T07:45:14.328Z] >>> [apiv2][query] GET https://cloudfunctions.googleapis.com/v2/projects/win-finder/locations/europe-west1/operations/operation-1762155914334-642abe5501165-681c8ca9-095cfa80 [none]
[debug] [2025-11-03T07:45:14.331Z] <<< [apiv2][status] DELETE https://cloudfunctions.googleapis.com/v2/projects/win-finder/locations/europe-west1/functions/updateStandings 200
[debug] [2025-11-03T07:45:14.331Z] <<< [apiv2][body] DELETE https://cloudfunctions.googleapis.com/v2/projects/win-finder/locations/europe-west1/functions/updateStandings {"name":"projects/win-finder/locations/europe-west1/operations/operation-1762155914336-642abe55018bb-d3e6c8a7-0b331d77","metadata":{"@type":"type.googleapis.com/google.cloud.functions.v2.OperationMetadata","createTime":"2025-11-03T07:45:14.352045641Z","target":"projects/win-finder/locations/europe-west1/functions/updateStandings","verb":"delete","cancelRequested":false,"apiVersion":"v2"},"done":false}
[debug] [2025-11-03T07:45:14.331Z] Checked if tokens are valid: true, expires at: 1762158412358
[debug] [2025-11-03T07:45:14.332Z] Checked if tokens are valid: true, expires at: 1762158412358
[debug] [2025-11-03T07:45:14.332Z] >>> [apiv2][query] GET https://cloudfunctions.googleapis.com/v2/projects/win-finder/locations/europe-west1/operations/operation-1762155914336-642abe55018bb-d3e6c8a7-0b331d77 [none]
[debug] [2025-11-03T07:45:14.381Z] <<< [apiv2][status] GET https://cloudfunctions.googleapis.com/v2/projects/win-finder/locations/europe-west1/operations/operation-1762155914200-642abe54e040c-d966175d-09721074 200
[debug] [2025-11-03T07:45:14.382Z] <<< [apiv2][body] GET https://cloudfunctions.googleapis.com/v2/projects/win-finder/locations/europe-west1/operations/operation-1762155914200-642abe54e040c-d966175d-09721074 {"name":"projects/win-finder/locations/europe-west1/operations/operation-1762155914200-642abe54e040c-d966175d-09721074","metadata":{"@type":"type.googleapis.com/google.cloud.functions.v2.OperationMetadata","createTime":"2025-11-03T07:45:14.251450237Z","target":"projects/win-finder/locations/europe-west1/functions/cleanDatabase","verb":"delete","cancelRequested":false,"apiVersion":"v2","requestResource":{"@type":"type.googleapis.com/google.cloud.functions.v2.Function","name":"projects/win-finder/locations/europe-west1/functions/cleanDatabase","environment":"GEN_2"},"stages":[{"name":"ARTIFACT_REGISTRY","state":"NOT_STARTED"},{"name":"SERVICE","state":"NOT_STARTED"},{"name":"TRIGGER","message":"Deleting Eventarc trigger","state":"IN_PROGRESS","resource":"projects/win-finder/locations/europe-west1/triggers/cleandatabase-192270"}],"operationType":"DELETE_FUNCTION"},"done":false}
[debug] [2025-11-03T07:45:14.485Z] <<< [apiv2][status] GET https://cloudfunctions.googleapis.com/v2/projects/win-finder/locations/europe-west1/operations/operation-1762155914336-642abe55018bb-d3e6c8a7-0b331d77 200
[debug] [2025-11-03T07:45:14.485Z] <<< [apiv2][body] GET https://cloudfunctions.googleapis.com/v2/projects/win-finder/locations/europe-west1/operations/operation-1762155914336-642abe55018bb-d3e6c8a7-0b331d77 {"name":"projects/win-finder/locations/europe-west1/operations/operation-1762155914336-642abe55018bb-d3e6c8a7-0b331d77","metadata":{"@type":"type.googleapis.com/google.cloud.functions.v2.OperationMetadata","createTime":"2025-11-03T07:45:14.352045641Z","target":"projects/win-finder/locations/europe-west1/functions/updateStandings","verb":"delete","cancelRequested":false,"apiVersion":"v2","requestResource":{"@type":"type.googleapis.com/google.cloud.functions.v2.Function","name":"projects/win-finder/locations/europe-west1/functions/updateStandings","environment":"GEN_2"},"stages":[{"name":"ARTIFACT_REGISTRY","state":"NOT_STARTED"},{"name":"SERVICE","state":"NOT_STARTED"},{"name":"TRIGGER","message":"Deleting Eventarc trigger","state":"IN_PROGRESS","resource":"projects/win-finder/locations/europe-west1/triggers/updatestandings-526353"}],"operationType":"DELETE_FUNCTION"},"done":false}
[debug] [2025-11-03T07:45:14.488Z] <<< [apiv2][status] GET https://cloudfunctions.googleapis.com/v2/projects/win-finder/locations/europe-west1/operations/operation-1762155914334-642abe5501165-681c8ca9-095cfa80 200
[debug] [2025-11-03T07:45:14.488Z] <<< [apiv2][body] GET https://cloudfunctions.googleapis.com/v2/projects/win-finder/locations/europe-west1/operations/operation-1762155914334-642abe5501165-681c8ca9-095cfa80 {"name":"projects/win-finder/locations/europe-west1/operations/operation-1762155914334-642abe5501165-681c8ca9-095cfa80","metadata":{"@type":"type.googleapis.com/google.cloud.functions.v2.OperationMetadata","createTime":"2025-11-03T07:45:14.348515115Z","target":"projects/win-finder/locations/europe-west1/functions/update_results","verb":"delete","cancelRequested":false,"apiVersion":"v2","requestResource":{"@type":"type.googleapis.com/google.cloud.functions.v2.Function","name":"projects/win-finder/locations/europe-west1/functions/update_results","environment":"GEN_2"},"stages":[{"name":"ARTIFACT_REGISTRY","state":"NOT_STARTED"},{"name":"SERVICE","state":"NOT_STARTED"},{"name":"TRIGGER","message":"Deleting Eventarc trigger","state":"IN_PROGRESS","resource":"projects/win-finder/locations/europe-west1/triggers/update-results-956343"}],"operationType":"DELETE_FUNCTION"},"done":false}
[debug] [2025-11-03T07:45:14.884Z] [delete-default-europe-west1-cleanDatabase] Retrying task index 0
[debug] [2025-11-03T07:45:14.884Z] Checked if tokens are valid: true, expires at: 1762158412358
[debug] [2025-11-03T07:45:14.884Z] Checked if tokens are valid: true, expires at: 1762158412358
[debug] [2025-11-03T07:45:14.885Z] >>> [apiv2][query] GET https://cloudfunctions.googleapis.com/v2/projects/win-finder/locations/europe-west1/operations/operation-1762155914200-642abe54e040c-d966175d-09721074 [none]
[debug] [2025-11-03T07:45:14.988Z] [delete-default-europe-west1-updateStandings] Retrying task index 0
[debug] [2025-11-03T07:45:14.989Z] Checked if tokens are valid: true, expires at: 1762158412358
[debug] [2025-11-03T07:45:14.990Z] Checked if tokens are valid: true, expires at: 1762158412358
[debug] [2025-11-03T07:45:14.990Z] >>> [apiv2][query] GET https://cloudfunctions.googleapis.com/v2/projects/win-finder/locations/europe-west1/operations/operation-1762155914336-642abe55018bb-d3e6c8a7-0b331d77 [none]
[debug] [2025-11-03T07:45:14.992Z] [delete-default-europe-west1-update_results] Retrying task index 0
[debug] [2025-11-03T07:45:14.993Z] Checked if tokens are valid: true, expires at: 1762158412358
[debug] [2025-11-03T07:45:14.993Z] Checked if tokens are valid: true, expires at: 1762158412358
[debug] [2025-11-03T07:45:14.993Z] >>> [apiv2][query] GET https://cloudfunctions.googleapis.com/v2/projects/win-finder/locations/europe-west1/operations/operation-1762155914334-642abe5501165-681c8ca9-095cfa80 [none]
[debug] [2025-11-03T07:45:15.017Z] <<< [apiv2][status] GET https://cloudfunctions.googleapis.com/v2/projects/win-finder/locations/europe-west1/operations/operation-1762155914200-642abe54e040c-d966175d-09721074 200
[debug] [2025-11-03T07:45:15.017Z] <<< [apiv2][body] GET https://cloudfunctions.googleapis.com/v2/projects/win-finder/locations/europe-west1/operations/operation-1762155914200-642abe54e040c-d966175d-09721074 {"name":"projects/win-finder/locations/europe-west1/operations/operation-1762155914200-642abe54e040c-d966175d-09721074","metadata":{"@type":"type.googleapis.com/google.cloud.functions.v2.OperationMetadata","createTime":"2025-11-03T07:45:14.251450237Z","target":"projects/win-finder/locations/europe-west1/functions/cleanDatabase","verb":"delete","cancelRequested":false,"apiVersion":"v2","requestResource":{"@type":"type.googleapis.com/google.cloud.functions.v2.Function","name":"projects/win-finder/locations/europe-west1/functions/cleanDatabase","environment":"GEN_2"},"stages":[{"name":"ARTIFACT_REGISTRY","state":"NOT_STARTED"},{"name":"SERVICE","state":"NOT_STARTED"},{"name":"TRIGGER","message":"Deleting Eventarc trigger","state":"IN_PROGRESS","resource":"projects/win-finder/locations/europe-west1/triggers/cleandatabase-192270"}],"operationType":"DELETE_FUNCTION"},"done":false}
[debug] [2025-11-03T07:45:15.074Z] <<< [apiv2][status] GET https://cloudfunctions.googleapis.com/v2/projects/win-finder/locations/europe-west1/operations/operation-1762155914334-642abe5501165-681c8ca9-095cfa80 200
[debug] [2025-11-03T07:45:15.075Z] <<< [apiv2][body] GET https://cloudfunctions.googleapis.com/v2/projects/win-finder/locations/europe-west1/operations/operation-1762155914334-642abe5501165-681c8ca9-095cfa80 {"name":"projects/win-finder/locations/europe-west1/operations/operation-1762155914334-642abe5501165-681c8ca9-095cfa80","metadata":{"@type":"type.googleapis.com/google.cloud.functions.v2.OperationMetadata","createTime":"2025-11-03T07:45:14.348515115Z","target":"projects/win-finder/locations/europe-west1/functions/update_results","verb":"delete","cancelRequested":false,"apiVersion":"v2","requestResource":{"@type":"type.googleapis.com/google.cloud.functions.v2.Function","name":"projects/win-finder/locations/europe-west1/functions/update_results","environment":"GEN_2"},"stages":[{"name":"ARTIFACT_REGISTRY","state":"NOT_STARTED"},{"name":"SERVICE","state":"NOT_STARTED"},{"name":"TRIGGER","message":"Deleting Eventarc trigger","state":"IN_PROGRESS","resource":"projects/win-finder/locations/europe-west1/triggers/update-results-956343"}],"operationType":"DELETE_FUNCTION"},"done":false}
[debug] [2025-11-03T07:45:15.112Z] <<< [apiv2][status] GET https://cloudfunctions.googleapis.com/v2/projects/win-finder/locations/europe-west1/operations/operation-1762155914336-642abe55018bb-d3e6c8a7-0b331d77 200
[debug] [2025-11-03T07:45:15.113Z] <<< [apiv2][body] GET https://cloudfunctions.googleapis.com/v2/projects/win-finder/locations/europe-west1/operations/operation-1762155914336-642abe55018bb-d3e6c8a7-0b331d77 {"name":"projects/win-finder/locations/europe-west1/operations/operation-1762155914336-642abe55018bb-d3e6c8a7-0b331d77","metadata":{"@type":"type.googleapis.com/google.cloud.functions.v2.OperationMetadata","createTime":"2025-11-03T07:45:14.352045641Z","target":"projects/win-finder/locations/europe-west1/functions/updateStandings","verb":"delete","cancelRequested":false,"apiVersion":"v2","requestResource":{"@type":"type.googleapis.com/google.cloud.functions.v2.Function","name":"projects/win-finder/locations/europe-west1/functions/updateStandings","environment":"GEN_2"},"stages":[{"name":"ARTIFACT_REGISTRY","state":"NOT_STARTED"},{"name":"SERVICE","state":"NOT_STARTED"},{"name":"TRIGGER","message":"Deleting Eventarc trigger","state":"IN_PROGRESS","resource":"projects/win-finder/locations/europe-west1/triggers/updatestandings-526353"}],"operationType":"DELETE_FUNCTION"},"done":false}
[debug] [2025-11-03T07:45:16.018Z] [delete-default-europe-west1-cleanDatabase] Retrying task index 0
[debug] [2025-11-03T07:45:16.019Z] Checked if tokens are valid: true, expires at: 1762158412358
[debug] [2025-11-03T07:45:16.019Z] Checked if tokens are valid: true, expires at: 1762158412358
[debug] [2025-11-03T07:45:16.019Z] >>> [apiv2][query] GET https://cloudfunctions.googleapis.com/v2/projects/win-finder/locations/europe-west1/operations/operation-1762155914200-642abe54e040c-d966175d-09721074 [none]
[debug] [2025-11-03T07:45:16.076Z] [delete-default-europe-west1-update_results] Retrying task index 0
[debug] [2025-11-03T07:45:16.077Z] Checked if tokens are valid: true, expires at: 1762158412358
[debug] [2025-11-03T07:45:16.077Z] Checked if tokens are valid: true, expires at: 1762158412358
[debug] [2025-11-03T07:45:16.077Z] >>> [apiv2][query] GET https://cloudfunctions.googleapis.com/v2/projects/win-finder/locations/europe-west1/operations/operation-1762155914334-642abe5501165-681c8ca9-095cfa80 [none]
[debug] [2025-11-03T07:45:16.115Z] [delete-default-europe-west1-updateStandings] Retrying task index 0
[debug] [2025-11-03T07:45:16.116Z] Checked if tokens are valid: true, expires at: 1762158412358
[debug] [2025-11-03T07:45:16.116Z] Checked if tokens are valid: true, expires at: 1762158412358
[debug] [2025-11-03T07:45:16.117Z] >>> [apiv2][query] GET https://cloudfunctions.googleapis.com/v2/projects/win-finder/locations/europe-west1/operations/operation-1762155914336-642abe55018bb-d3e6c8a7-0b331d77 [none]
[debug] [2025-11-03T07:45:16.143Z] <<< [apiv2][status] GET https://cloudfunctions.googleapis.com/v2/projects/win-finder/locations/europe-west1/operations/operation-1762155914200-642abe54e040c-d966175d-09721074 200
[debug] [2025-11-03T07:45:16.143Z] <<< [apiv2][body] GET https://cloudfunctions.googleapis.com/v2/projects/win-finder/locations/europe-west1/operations/operation-1762155914200-642abe54e040c-d966175d-09721074 {"name":"projects/win-finder/locations/europe-west1/operations/operation-1762155914200-642abe54e040c-d966175d-09721074","metadata":{"@type":"type.googleapis.com/google.cloud.functions.v2.OperationMetadata","createTime":"2025-11-03T07:45:14.251450237Z","target":"projects/win-finder/locations/europe-west1/functions/cleanDatabase","verb":"delete","cancelRequested":false,"apiVersion":"v2","requestResource":{"@type":"type.googleapis.com/google.cloud.functions.v2.Function","name":"projects/win-finder/locations/europe-west1/functions/cleanDatabase","environment":"GEN_2"},"stages":[{"name":"ARTIFACT_REGISTRY","state":"NOT_STARTED"},{"name":"SERVICE","state":"NOT_STARTED"},{"name":"TRIGGER","message":"Deleting Eventarc trigger","state":"IN_PROGRESS","resource":"projects/win-finder/locations/europe-west1/triggers/cleandatabase-192270"}],"operationType":"DELETE_FUNCTION"},"done":false}
[debug] [2025-11-03T07:45:16.201Z] <<< [apiv2][status] POST https://cloudfunctions.googleapis.com/v2/projects/win-finder/locations/us-central1/functions 200
[debug] [2025-11-03T07:45:16.201Z] <<< [apiv2][body] POST https://cloudfunctions.googleapis.com/v2/projects/win-finder/locations/us-central1/functions {"name":"projects/win-finder/locations/us-central1/operations/operation-1762155914762-642abe5569774-cf02cc61-328cd4d6","metadata":{"@type":"type.googleapis.com/google.cloud.functions.v2.OperationMetadata","createTime":"2025-11-03T07:45:16.170417275Z","target":"projects/win-finder/locations/us-central1/functions/update_results","verb":"create","cancelRequested":false,"apiVersion":"v2"},"done":false}
[debug] [2025-11-03T07:45:16.203Z] Checked if tokens are valid: true, expires at: 1762158412358
[debug] [2025-11-03T07:45:16.203Z] Checked if tokens are valid: true, expires at: 1762158412358
[debug] [2025-11-03T07:45:16.203Z] >>> [apiv2][query] GET https://cloudfunctions.googleapis.com/v2/projects/win-finder/locations/us-central1/operations/operation-1762155914762-642abe5569774-cf02cc61-328cd4d6 [none]
[debug] [2025-11-03T07:45:16.225Z] <<< [apiv2][status] GET https://cloudfunctions.googleapis.com/v2/projects/win-finder/locations/europe-west1/operations/operation-1762155914334-642abe5501165-681c8ca9-095cfa80 200
[debug] [2025-11-03T07:45:16.225Z] <<< [apiv2][body] GET https://cloudfunctions.googleapis.com/v2/projects/win-finder/locations/europe-west1/operations/operation-1762155914334-642abe5501165-681c8ca9-095cfa80 {"name":"projects/win-finder/locations/europe-west1/operations/operation-1762155914334-642abe5501165-681c8ca9-095cfa80","metadata":{"@type":"type.googleapis.com/google.cloud.functions.v2.OperationMetadata","createTime":"2025-11-03T07:45:14.348515115Z","target":"projects/win-finder/locations/europe-west1/functions/update_results","verb":"delete","cancelRequested":false,"apiVersion":"v2","requestResource":{"@type":"type.googleapis.com/google.cloud.functions.v2.Function","name":"projects/win-finder/locations/europe-west1/functions/update_results","environment":"GEN_2"},"stages":[{"name":"ARTIFACT_REGISTRY","state":"NOT_STARTED"},{"name":"SERVICE","state":"NOT_STARTED"},{"name":"TRIGGER","message":"Deleting Eventarc trigger","state":"IN_PROGRESS","resource":"projects/win-finder/locations/europe-west1/triggers/update-results-956343"}],"operationType":"DELETE_FUNCTION"},"done":false}
[debug] [2025-11-03T07:45:16.251Z] <<< [apiv2][status] GET https://cloudfunctions.googleapis.com/v2/projects/win-finder/locations/europe-west1/operations/operation-1762155914336-642abe55018bb-d3e6c8a7-0b331d77 200
[debug] [2025-11-03T07:45:16.251Z] <<< [apiv2][body] GET https://cloudfunctions.googleapis.com/v2/projects/win-finder/locations/europe-west1/operations/operation-1762155914336-642abe55018bb-d3e6c8a7-0b331d77 {"name":"projects/win-finder/locations/europe-west1/operations/operation-1762155914336-642abe55018bb-d3e6c8a7-0b331d77","metadata":{"@type":"type.googleapis.com/google.cloud.functions.v2.OperationMetadata","createTime":"2025-11-03T07:45:14.352045641Z","target":"projects/win-finder/locations/europe-west1/functions/updateStandings","verb":"delete","cancelRequested":false,"apiVersion":"v2","requestResource":{"@type":"type.googleapis.com/google.cloud.functions.v2.Function","name":"projects/win-finder/locations/europe-west1/functions/updateStandings","environment":"GEN_2"},"stages":[{"name":"ARTIFACT_REGISTRY","state":"NOT_STARTED"},{"name":"SERVICE","state":"NOT_STARTED"},{"name":"TRIGGER","message":"Deleting Eventarc trigger","state":"IN_PROGRESS","resource":"projects/win-finder/locations/europe-west1/triggers/updatestandings-526353"}],"operationType":"DELETE_FUNCTION"},"done":false}
[debug] [2025-11-03T07:45:16.960Z] <<< [apiv2][status] GET https://cloudfunctions.googleapis.com/v2/projects/win-finder/locations/us-central1/operations/operation-1762155914762-642abe5569774-cf02cc61-328cd4d6 200
[debug] [2025-11-03T07:45:16.961Z] <<< [apiv2][body] GET https://cloudfunctions.googleapis.com/v2/projects/win-finder/locations/us-central1/operations/operation-1762155914762-642abe5569774-cf02cc61-328cd4d6 {"name":"projects/win-finder/locations/us-central1/operations/operation-1762155914762-642abe5569774-cf02cc61-328cd4d6","metadata":{"@type":"type.googleapis.com/google.cloud.functions.v2.OperationMetadata","createTime":"2025-11-03T07:45:16.170417275Z","target":"projects/win-finder/locations/us-central1/functions/update_results","verb":"create","cancelRequested":false,"apiVersion":"v2","requestResource":{"@type":"type.googleapis.com/google.cloud.functions.v2.Function","name":"projects/win-finder/locations/us-central1/functions/update_results","buildConfig":{"runtime":"nodejs22","entryPoint":"update_results","source":{"storageSource":{"bucket":"gcf-v2-sources-684643143905-us-central1","object":"update_results/function-source.zip","generation":"1762155915712335"}},"environmentVariables":{"GOOGLE_NODE_RUN_SCRIPTS":""},"serviceAccount":"projects/win-finder/serviceAccounts/684643143905-compute@developer.gserviceaccount.com","automaticUpdatePolicy":{}},"serviceConfig":{"service":"projects/win-finder/locations/us-central1/services/update-results","timeoutSeconds":60,"environmentVariables":{"FIREBASE_CONFIG":"{\"projectId\":\"win-finder\",\"storageBucket\":\"win-finder.firebasestorage.app\"}","GCLOUD_PROJECT":"win-finder","EVENTARC_CLOUD_EVENT_SOURCE":"projects/win-finder/locations/us-central1/services/update_results","FUNCTION_TARGET":"update_results","LOG_EXECUTION_ID":"true"},"ingressSettings":"ALLOW_ALL","serviceAccountEmail":"684643143905-compute@developer.gserviceaccount.com","availableMemory":"256Mi","maxInstanceRequestConcurrency":80,"availableCpu":"1"},"labels":{"deployment-tool":"cli-firebase","deployment-scheduled":"true","firebase-functions-hash":"ad005ec79999841c3a7fd981741b25e16a7b3f09"},"environment":"GEN_2"},"stages":[{"name":"BUILD","state":"NOT_STARTED"},{"name":"SERVICE","state":"NOT_STARTED"}],"operationType":"CREATE_FUNCTION"},"done":false}
[debug] [2025-11-03T07:45:17.463Z] [create-default-us-central1-update_results] Retrying task index 0
[debug] [2025-11-03T07:45:17.464Z] Checked if tokens are valid: true, expires at: 1762158412358
[debug] [2025-11-03T07:45:17.464Z] Checked if tokens are valid: true, expires at: 1762158412358
[debug] [2025-11-03T07:45:17.465Z] >>> [apiv2][query] GET https://cloudfunctions.googleapis.com/v2/projects/win-finder/locations/us-central1/operations/operation-1762155914762-642abe5569774-cf02cc61-328cd4d6 [none]
[debug] [2025-11-03T07:45:18.145Z] [delete-default-europe-west1-cleanDatabase] Retrying task index 0
[debug] [2025-11-03T07:45:18.147Z] Checked if tokens are valid: true, expires at: 1762158412358
[debug] [2025-11-03T07:45:18.147Z] Checked if tokens are valid: true, expires at: 1762158412358
[debug] [2025-11-03T07:45:18.148Z] >>> [apiv2][query] GET https://cloudfunctions.googleapis.com/v2/projects/win-finder/locations/europe-west1/operations/operation-1762155914200-642abe54e040c-d966175d-09721074 [none]
[debug] [2025-11-03T07:45:18.201Z] <<< [apiv2][status] GET https://cloudfunctions.googleapis.com/v2/projects/win-finder/locations/us-central1/operations/operation-1762155914762-642abe5569774-cf02cc61-328cd4d6 200
[debug] [2025-11-03T07:45:18.202Z] <<< [apiv2][body] GET https://cloudfunctions.googleapis.com/v2/projects/win-finder/locations/us-central1/operations/operation-1762155914762-642abe5569774-cf02cc61-328cd4d6 {"name":"projects/win-finder/locations/us-central1/operations/operation-1762155914762-642abe5569774-cf02cc61-328cd4d6","metadata":{"@type":"type.googleapis.com/google.cloud.functions.v2.OperationMetadata","createTime":"2025-11-03T07:45:16.170417275Z","target":"projects/win-finder/locations/us-central1/functions/update_results","verb":"create","cancelRequested":false,"apiVersion":"v2","requestResource":{"@type":"type.googleapis.com/google.cloud.functions.v2.Function","name":"projects/win-finder/locations/us-central1/functions/update_results","buildConfig":{"runtime":"nodejs22","entryPoint":"update_results","source":{"storageSource":{"bucket":"gcf-v2-sources-684643143905-us-central1","object":"update_results/function-source.zip","generation":"1762155915712335"}},"environmentVariables":{"GOOGLE_NODE_RUN_SCRIPTS":""},"serviceAccount":"projects/win-finder/serviceAccounts/684643143905-compute@developer.gserviceaccount.com","automaticUpdatePolicy":{}},"serviceConfig":{"service":"projects/win-finder/locations/us-central1/services/update-results","timeoutSeconds":60,"environmentVariables":{"FIREBASE_CONFIG":"{\"projectId\":\"win-finder\",\"storageBucket\":\"win-finder.firebasestorage.app\"}","GCLOUD_PROJECT":"win-finder","EVENTARC_CLOUD_EVENT_SOURCE":"projects/win-finder/locations/us-central1/services/update_results","FUNCTION_TARGET":"update_results","LOG_EXECUTION_ID":"true"},"ingressSettings":"ALLOW_ALL","serviceAccountEmail":"684643143905-compute@developer.gserviceaccount.com","availableMemory":"256Mi","maxInstanceRequestConcurrency":80,"availableCpu":"1"},"labels":{"deployment-tool":"cli-firebase","deployment-scheduled":"true","firebase-functions-hash":"ad005ec79999841c3a7fd981741b25e16a7b3f09"},"environment":"GEN_2"},"stages":[{"name":"BUILD","state":"NOT_STARTED"},{"name":"SERVICE","state":"NOT_STARTED"}],"operationType":"CREATE_FUNCTION"},"done":false}
[debug] [2025-11-03T07:45:18.226Z] [delete-default-europe-west1-update_results] Retrying task index 0
[debug] [2025-11-03T07:45:18.226Z] Checked if tokens are valid: true, expires at: 1762158412358
[debug] [2025-11-03T07:45:18.226Z] Checked if tokens are valid: true, expires at: 1762158412358
[debug] [2025-11-03T07:45:18.227Z] >>> [apiv2][query] GET https://cloudfunctions.googleapis.com/v2/projects/win-finder/locations/europe-west1/operations/operation-1762155914334-642abe5501165-681c8ca9-095cfa80 [none]
[debug] [2025-11-03T07:45:18.253Z] [delete-default-europe-west1-updateStandings] Retrying task index 0
[debug] [2025-11-03T07:45:18.260Z] Checked if tokens are valid: true, expires at: 1762158412358
[debug] [2025-11-03T07:45:18.262Z] Checked if tokens are valid: true, expires at: 1762158412358
[debug] [2025-11-03T07:45:18.262Z] >>> [apiv2][query] GET https://cloudfunctions.googleapis.com/v2/projects/win-finder/locations/europe-west1/operations/operation-1762155914336-642abe55018bb-d3e6c8a7-0b331d77 [none]
[debug] [2025-11-03T07:45:18.280Z] <<< [apiv2][status] GET https://cloudfunctions.googleapis.com/v2/projects/win-finder/locations/europe-west1/operations/operation-1762155914200-642abe54e040c-d966175d-09721074 200
[debug] [2025-11-03T07:45:18.282Z] <<< [apiv2][body] GET https://cloudfunctions.googleapis.com/v2/projects/win-finder/locations/europe-west1/operations/operation-1762155914200-642abe54e040c-d966175d-09721074 {"name":"projects/win-finder/locations/europe-west1/operations/operation-1762155914200-642abe54e040c-d966175d-09721074","metadata":{"@type":"type.googleapis.com/google.cloud.functions.v2.OperationMetadata","createTime":"2025-11-03T07:45:14.251450237Z","target":"projects/win-finder/locations/europe-west1/functions/cleanDatabase","verb":"delete","cancelRequested":false,"apiVersion":"v2","requestResource":{"@type":"type.googleapis.com/google.cloud.functions.v2.Function","name":"projects/win-finder/locations/europe-west1/functions/cleanDatabase","environment":"GEN_2"},"stages":[{"name":"ARTIFACT_REGISTRY","state":"NOT_STARTED"},{"name":"SERVICE","state":"NOT_STARTED"},{"name":"TRIGGER","message":"Deleting Eventarc trigger","state":"IN_PROGRESS","resource":"projects/win-finder/locations/europe-west1/triggers/cleandatabase-192270"}],"operationType":"DELETE_FUNCTION"},"done":false}
[debug] [2025-11-03T07:45:18.349Z] <<< [apiv2][status] GET https://cloudfunctions.googleapis.com/v2/projects/win-finder/locations/europe-west1/operations/operation-1762155914334-642abe5501165-681c8ca9-095cfa80 200
[debug] [2025-11-03T07:45:18.349Z] <<< [apiv2][body] GET https://cloudfunctions.googleapis.com/v2/projects/win-finder/locations/europe-west1/operations/operation-1762155914334-642abe5501165-681c8ca9-095cfa80 {"name":"projects/win-finder/locations/europe-west1/operations/operation-1762155914334-642abe5501165-681c8ca9-095cfa80","metadata":{"@type":"type.googleapis.com/google.cloud.functions.v2.OperationMetadata","createTime":"2025-11-03T07:45:14.348515115Z","target":"projects/win-finder/locations/europe-west1/functions/update_results","verb":"delete","cancelRequested":false,"apiVersion":"v2","requestResource":{"@type":"type.googleapis.com/google.cloud.functions.v2.Function","name":"projects/win-finder/locations/europe-west1/functions/update_results","environment":"GEN_2"},"stages":[{"name":"ARTIFACT_REGISTRY","state":"NOT_STARTED"},{"name":"SERVICE","state":"NOT_STARTED"},{"name":"TRIGGER","message":"Deleting Eventarc trigger","state":"IN_PROGRESS","resource":"projects/win-finder/locations/europe-west1/triggers/update-results-956343"}],"operationType":"DELETE_FUNCTION"},"done":false}
[debug] [2025-11-03T07:45:18.382Z] <<< [apiv2][status] GET https://cloudfunctions.googleapis.com/v2/projects/win-finder/locations/europe-west1/operations/operation-1762155914336-642abe55018bb-d3e6c8a7-0b331d77 200
[debug] [2025-11-03T07:45:18.382Z] <<< [apiv2][body] GET https://cloudfunctions.googleapis.com/v2/projects/win-finder/locations/europe-west1/operations/operation-1762155914336-642abe55018bb-d3e6c8a7-0b331d77 {"name":"projects/win-finder/locations/europe-west1/operations/operation-1762155914336-642abe55018bb-d3e6c8a7-0b331d77","metadata":{"@type":"type.googleapis.com/google.cloud.functions.v2.OperationMetadata","createTime":"2025-11-03T07:45:14.352045641Z","target":"projects/win-finder/locations/europe-west1/functions/updateStandings","verb":"delete","cancelRequested":false,"apiVersion":"v2","requestResource":{"@type":"type.googleapis.com/google.cloud.functions.v2.Function","name":"projects/win-finder/locations/europe-west1/functions/updateStandings","environment":"GEN_2"},"stages":[{"name":"ARTIFACT_REGISTRY","state":"NOT_STARTED"},{"name":"SERVICE","state":"NOT_STARTED"},{"name":"TRIGGER","message":"Deleting Eventarc trigger","state":"IN_PROGRESS","resource":"projects/win-finder/locations/europe-west1/triggers/updatestandings-526353"}],"operationType":"DELETE_FUNCTION"},"done":false}
[debug] [2025-11-03T07:45:19.205Z] [create-default-us-central1-update_results] Retrying task index 0
[debug] [2025-11-03T07:45:19.206Z] Checked if tokens are valid: true, expires at: 1762158412358
[debug] [2025-11-03T07:45:19.206Z] Checked if tokens are valid: true, expires at: 1762158412358
[debug] [2025-11-03T07:45:19.207Z] >>> [apiv2][query] GET https://cloudfunctions.googleapis.com/v2/projects/win-finder/locations/us-central1/operations/operation-1762155914762-642abe5569774-cf02cc61-328cd4d6 [none]
[debug] [2025-11-03T07:45:20.052Z] <<< [apiv2][status] GET https://cloudfunctions.googleapis.com/v2/projects/win-finder/locations/us-central1/operations/operation-1762155914762-642abe5569774-cf02cc61-328cd4d6 200
[debug] [2025-11-03T07:45:20.053Z] <<< [apiv2][body] GET https://cloudfunctions.googleapis.com/v2/projects/win-finder/locations/us-central1/operations/operation-1762155914762-642abe5569774-cf02cc61-328cd4d6 {"name":"projects/win-finder/locations/us-central1/operations/operation-1762155914762-642abe5569774-cf02cc61-328cd4d6","metadata":{"@type":"type.googleapis.com/google.cloud.functions.v2.OperationMetadata","createTime":"2025-11-03T07:45:16.170417275Z","target":"projects/win-finder/locations/us-central1/functions/update_results","verb":"create","cancelRequested":false,"apiVersion":"v2","requestResource":{"@type":"type.googleapis.com/google.cloud.functions.v2.Function","name":"projects/win-finder/locations/us-central1/functions/update_results","buildConfig":{"runtime":"nodejs22","entryPoint":"update_results","source":{"storageSource":{"bucket":"gcf-v2-sources-684643143905-us-central1","object":"update_results/function-source.zip","generation":"1762155915712335"}},"environmentVariables":{"GOOGLE_NODE_RUN_SCRIPTS":""},"serviceAccount":"projects/win-finder/serviceAccounts/684643143905-compute@developer.gserviceaccount.com","automaticUpdatePolicy":{}},"serviceConfig":{"service":"projects/win-finder/locations/us-central1/services/update-results","timeoutSeconds":60,"environmentVariables":{"FIREBASE_CONFIG":"{\"projectId\":\"win-finder\",\"storageBucket\":\"win-finder.firebasestorage.app\"}","GCLOUD_PROJECT":"win-finder","EVENTARC_CLOUD_EVENT_SOURCE":"projects/win-finder/locations/us-central1/services/update_results","FUNCTION_TARGET":"update_results","LOG_EXECUTION_ID":"true"},"ingressSettings":"ALLOW_ALL","serviceAccountEmail":"684643143905-compute@developer.gserviceaccount.com","availableMemory":"256Mi","maxInstanceRequestConcurrency":80,"availableCpu":"1"},"labels":{"deployment-tool":"cli-firebase","deployment-scheduled":"true","firebase-functions-hash":"ad005ec79999841c3a7fd981741b25e16a7b3f09"},"environment":"GEN_2"},"stages":[{"name":"BUILD","state":"NOT_STARTED"},{"name":"SERVICE","state":"NOT_STARTED"}],"operationType":"CREATE_FUNCTION"},"done":false}
[debug] [2025-11-03T07:45:22.055Z] [create-default-us-central1-update_results] Retrying task index 0
[debug] [2025-11-03T07:45:22.056Z] Checked if tokens are valid: true, expires at: 1762158412358
[debug] [2025-11-03T07:45:22.056Z] Checked if tokens are valid: true, expires at: 1762158412358
[debug] [2025-11-03T07:45:22.057Z] >>> [apiv2][query] GET https://cloudfunctions.googleapis.com/v2/projects/win-finder/locations/us-central1/operations/operation-1762155914762-642abe5569774-cf02cc61-328cd4d6 [none]
[debug] [2025-11-03T07:45:22.283Z] [delete-default-europe-west1-cleanDatabase] Retrying task index 0
[debug] [2025-11-03T07:45:22.283Z] Checked if tokens are valid: true, expires at: 1762158412358
[debug] [2025-11-03T07:45:22.284Z] Checked if tokens are valid: true, expires at: 1762158412358
[debug] [2025-11-03T07:45:22.284Z] >>> [apiv2][query] GET https://cloudfunctions.googleapis.com/v2/projects/win-finder/locations/europe-west1/operations/operation-1762155914200-642abe54e040c-d966175d-09721074 [none]
[debug] [2025-11-03T07:45:22.351Z] [delete-default-europe-west1-update_results] Retrying task index 0
[debug] [2025-11-03T07:45:22.354Z] Checked if tokens are valid: true, expires at: 1762158412358
[debug] [2025-11-03T07:45:22.354Z] Checked if tokens are valid: true, expires at: 1762158412358
[debug] [2025-11-03T07:45:22.354Z] >>> [apiv2][query] GET https://cloudfunctions.googleapis.com/v2/projects/win-finder/locations/europe-west1/operations/operation-1762155914334-642abe5501165-681c8ca9-095cfa80 [none]
[debug] [2025-11-03T07:45:22.383Z] [delete-default-europe-west1-updateStandings] Retrying task index 0
[debug] [2025-11-03T07:45:22.384Z] Checked if tokens are valid: true, expires at: 1762158412358
[debug] [2025-11-03T07:45:22.384Z] Checked if tokens are valid: true, expires at: 1762158412358
[debug] [2025-11-03T07:45:22.384Z] >>> [apiv2][query] GET https://cloudfunctions.googleapis.com/v2/projects/win-finder/locations/europe-west1/operations/operation-1762155914336-642abe55018bb-d3e6c8a7-0b331d77 [none]
[debug] [2025-11-03T07:45:22.401Z] <<< [apiv2][status] GET https://cloudfunctions.googleapis.com/v2/projects/win-finder/locations/europe-west1/operations/operation-1762155914200-642abe54e040c-d966175d-09721074 200
[debug] [2025-11-03T07:45:22.401Z] <<< [apiv2][body] GET https://cloudfunctions.googleapis.com/v2/projects/win-finder/locations/europe-west1/operations/operation-1762155914200-642abe54e040c-d966175d-09721074 {"name":"projects/win-finder/locations/europe-west1/operations/operation-1762155914200-642abe54e040c-d966175d-09721074","metadata":{"@type":"type.googleapis.com/google.cloud.functions.v2.OperationMetadata","createTime":"2025-11-03T07:45:14.251450237Z","target":"projects/win-finder/locations/europe-west1/functions/cleanDatabase","verb":"delete","cancelRequested":false,"apiVersion":"v2","requestResource":{"@type":"type.googleapis.com/google.cloud.functions.v2.Function","name":"projects/win-finder/locations/europe-west1/functions/cleanDatabase","environment":"GEN_2"},"stages":[{"name":"ARTIFACT_REGISTRY","state":"NOT_STARTED"},{"name":"SERVICE","state":"NOT_STARTED"},{"name":"TRIGGER","message":"Deleting Eventarc trigger","state":"IN_PROGRESS","resource":"projects/win-finder/locations/europe-west1/triggers/cleandatabase-192270"}],"operationType":"DELETE_FUNCTION"},"done":false}
[debug] [2025-11-03T07:45:22.478Z] <<< [apiv2][status] GET https://cloudfunctions.googleapis.com/v2/projects/win-finder/locations/europe-west1/operations/operation-1762155914334-642abe5501165-681c8ca9-095cfa80 200
[debug] [2025-11-03T07:45:22.478Z] <<< [apiv2][body] GET https://cloudfunctions.googleapis.com/v2/projects/win-finder/locations/europe-west1/operations/operation-1762155914334-642abe5501165-681c8ca9-095cfa80 {"name":"projects/win-finder/locations/europe-west1/operations/operation-1762155914334-642abe5501165-681c8ca9-095cfa80","metadata":{"@type":"type.googleapis.com/google.cloud.functions.v2.OperationMetadata","createTime":"2025-11-03T07:45:14.348515115Z","target":"projects/win-finder/locations/europe-west1/functions/update_results","verb":"delete","cancelRequested":false,"apiVersion":"v2","requestResource":{"@type":"type.googleapis.com/google.cloud.functions.v2.Function","name":"projects/win-finder/locations/europe-west1/functions/update_results","environment":"GEN_2"},"stages":[{"name":"ARTIFACT_REGISTRY","state":"NOT_STARTED"},{"name":"SERVICE","state":"NOT_STARTED"},{"name":"TRIGGER","message":"Deleting Eventarc trigger","state":"IN_PROGRESS","resource":"projects/win-finder/locations/europe-west1/triggers/update-results-956343"}],"operationType":"DELETE_FUNCTION"},"done":false}
[debug] [2025-11-03T07:45:22.626Z] <<< [apiv2][status] GET https://cloudfunctions.googleapis.com/v2/projects/win-finder/locations/europe-west1/operations/operation-1762155914336-642abe55018bb-d3e6c8a7-0b331d77 200
[debug] [2025-11-03T07:45:22.626Z] <<< [apiv2][body] GET https://cloudfunctions.googleapis.com/v2/projects/win-finder/locations/europe-west1/operations/operation-1762155914336-642abe55018bb-d3e6c8a7-0b331d77 {"name":"projects/win-finder/locations/europe-west1/operations/operation-1762155914336-642abe55018bb-d3e6c8a7-0b331d77","metadata":{"@type":"type.googleapis.com/google.cloud.functions.v2.OperationMetadata","createTime":"2025-11-03T07:45:14.352045641Z","target":"projects/win-finder/locations/europe-west1/functions/updateStandings","verb":"delete","cancelRequested":false,"apiVersion":"v2","requestResource":{"@type":"type.googleapis.com/google.cloud.functions.v2.Function","name":"projects/win-finder/locations/europe-west1/functions/updateStandings","environment":"GEN_2"},"stages":[{"name":"ARTIFACT_REGISTRY","state":"NOT_STARTED"},{"name":"SERVICE","message":"Deleting Cloud Run service","state":"IN_PROGRESS","resource":"projects/win-finder/locations/europe-west1/services/updatestandings"},{"name":"TRIGGER","message":"Deleting Eventarc trigger","state":"COMPLETE","resource":"projects/win-finder/locations/europe-west1/triggers/updatestandings-526353"}],"operationType":"DELETE_FUNCTION"},"done":false}
[debug] [2025-11-03T07:45:22.830Z] <<< [apiv2][status] GET https://cloudfunctions.googleapis.com/v2/projects/win-finder/locations/us-central1/operations/operation-1762155914762-642abe5569774-cf02cc61-328cd4d6 200
[debug] [2025-11-03T07:45:22.830Z] <<< [apiv2][body] GET https://cloudfunctions.googleapis.com/v2/projects/win-finder/locations/us-central1/operations/operation-1762155914762-642abe5569774-cf02cc61-328cd4d6 {"name":"projects/win-finder/locations/us-central1/operations/operation-1762155914762-642abe5569774-cf02cc61-328cd4d6","metadata":{"@type":"type.googleapis.com/google.cloud.functions.v2.OperationMetadata","createTime":"2025-11-03T07:45:16.170417275Z","target":"projects/win-finder/locations/us-central1/functions/update_results","verb":"create","cancelRequested":false,"apiVersion":"v2","requestResource":{"@type":"type.googleapis.com/google.cloud.functions.v2.Function","name":"projects/win-finder/locations/us-central1/functions/update_results","buildConfig":{"runtime":"nodejs22","entryPoint":"update_results","source":{"storageSource":{"bucket":"gcf-v2-sources-684643143905-us-central1","object":"update_results/function-source.zip","generation":"1762155915712335"}},"environmentVariables":{"GOOGLE_NODE_RUN_SCRIPTS":""},"serviceAccount":"projects/win-finder/serviceAccounts/684643143905-compute@developer.gserviceaccount.com","automaticUpdatePolicy":{}},"serviceConfig":{"service":"projects/win-finder/locations/us-central1/services/update-results","timeoutSeconds":60,"environmentVariables":{"FIREBASE_CONFIG":"{\"projectId\":\"win-finder\",\"storageBucket\":\"win-finder.firebasestorage.app\"}","GCLOUD_PROJECT":"win-finder","EVENTARC_CLOUD_EVENT_SOURCE":"projects/win-finder/locations/us-central1/services/update_results","FUNCTION_TARGET":"update_results","LOG_EXECUTION_ID":"true"},"ingressSettings":"ALLOW_ALL","serviceAccountEmail":"684643143905-compute@developer.gserviceaccount.com","availableMemory":"256Mi","maxInstanceRequestConcurrency":80,"availableCpu":"1"},"labels":{"deployment-tool":"cli-firebase","deployment-scheduled":"true","firebase-functions-hash":"ad005ec79999841c3a7fd981741b25e16a7b3f09"},"environment":"GEN_2"},"stages":[{"name":"BUILD","state":"NOT_STARTED"},{"name":"SERVICE","state":"NOT_STARTED"}],"operationType":"CREATE_FUNCTION"},"done":false}
[debug] [2025-11-03T07:47:30.697Z] ----------------------------------------------------------------------
[debug] [2025-11-03T07:47:30.700Z] Command:       /usr/local/Cellar/node/23.5.0/bin/node /usr/local/bin/firebase deploy --only functions
[debug] [2025-11-03T07:47:30.700Z] CLI Version:   14.23.0
[debug] [2025-11-03T07:47:30.701Z] Platform:      darwin
[debug] [2025-11-03T07:47:30.701Z] Node Version:  v23.5.0
[debug] [2025-11-03T07:47:30.702Z] Time:          Mon Nov 03 2025 08:47:30 GMT+0100 (Central European Standard Time)
[debug] [2025-11-03T07:47:30.703Z] ----------------------------------------------------------------------
[debug] 
[debug] [2025-11-03T07:47:30.903Z] > command requires scopes: ["email","openid","https://www.googleapis.com/auth/cloudplatformprojects.readonly","https://www.googleapis.com/auth/firebase","https://www.googleapis.com/auth/cloud-platform"]
[debug] [2025-11-03T07:47:30.904Z] > authorizing via signed-in user (konjina188@gmail.com)
[debug] [2025-11-03T07:47:30.904Z] [iam] checking project win-finder for permissions ["cloudfunctions.functions.create","cloudfunctions.functions.delete","cloudfunctions.functions.get","cloudfunctions.functions.list","cloudfunctions.functions.update","cloudfunctions.operations.get","firebase.projects.get"]
[debug] [2025-11-03T07:47:30.905Z] Checked if tokens are valid: true, expires at: 1762158412358
[debug] [2025-11-03T07:47:30.906Z] Checked if tokens are valid: true, expires at: 1762158412358
[debug] [2025-11-03T07:47:30.906Z] >>> [apiv2][query] POST https://cloudresourcemanager.googleapis.com/v1/projects/win-finder:testIamPermissions [none]
[debug] [2025-11-03T07:47:30.906Z] >>> [apiv2][(partial)header] POST https://cloudresourcemanager.googleapis.com/v1/projects/win-finder:testIamPermissions x-goog-quota-user=projects/win-finder
[debug] [2025-11-03T07:47:30.906Z] >>> [apiv2][body] POST https://cloudresourcemanager.googleapis.com/v1/projects/win-finder:testIamPermissions {"permissions":["cloudfunctions.functions.create","cloudfunctions.functions.delete","cloudfunctions.functions.get","cloudfunctions.functions.list","cloudfunctions.functions.update","cloudfunctions.operations.get","firebase.projects.get"]}
[debug] [2025-11-03T07:47:31.973Z] <<< [apiv2][status] POST https://cloudresourcemanager.googleapis.com/v1/projects/win-finder:testIamPermissions 200
[debug] [2025-11-03T07:47:31.974Z] <<< [apiv2][body] POST https://cloudresourcemanager.googleapis.com/v1/projects/win-finder:testIamPermissions {"permissions":["cloudfunctions.functions.create","cloudfunctions.functions.delete","cloudfunctions.functions.get","cloudfunctions.functions.list","cloudfunctions.functions.update","cloudfunctions.operations.get","firebase.projects.get"]}
[debug] [2025-11-03T07:47:31.975Z] Checked if tokens are valid: true, expires at: 1762158412358
[debug] [2025-11-03T07:47:31.975Z] Checked if tokens are valid: true, expires at: 1762158412358
[debug] [2025-11-03T07:47:31.975Z] >>> [apiv2][query] POST https://iam.googleapis.com/v1/projects/win-finder/serviceAccounts/win-finder@appspot.gserviceaccount.com:testIamPermissions [none]
[debug] [2025-11-03T07:47:31.975Z] >>> [apiv2][body] POST https://iam.googleapis.com/v1/projects/win-finder/serviceAccounts/win-finder@appspot.gserviceaccount.com:testIamPermissions {"permissions":["iam.serviceAccounts.actAs"]}
[debug] [2025-11-03T07:47:32.871Z] <<< [apiv2][status] POST https://iam.googleapis.com/v1/projects/win-finder/serviceAccounts/win-finder@appspot.gserviceaccount.com:testIamPermissions 200
[debug] [2025-11-03T07:47:32.872Z] <<< [apiv2][body] POST https://iam.googleapis.com/v1/projects/win-finder/serviceAccounts/win-finder@appspot.gserviceaccount.com:testIamPermissions {"permissions":["iam.serviceAccounts.actAs"]}
[info] 
[info] === Deploying to 'win-finder'...
[info] 
[info] i  deploying functions 
[info] Running command: npm --prefix "$RESOURCE_DIR" run build
[info] ✔  functions: Finished running predeploy script. 
[debug] [2025-11-03T07:47:38.923Z] Checked if tokens are valid: true, expires at: 1762158412358
[debug] [2025-11-03T07:47:38.923Z] Checked if tokens are valid: true, expires at: 1762158412358
[debug] [2025-11-03T07:47:38.923Z] >>> [apiv2][query] GET https://cloudresourcemanager.googleapis.com/v1/projects/win-finder [none]
[debug] [2025-11-03T07:47:39.936Z] <<< [apiv2][status] GET https://cloudresourcemanager.googleapis.com/v1/projects/win-finder 200
[debug] [2025-11-03T07:47:39.937Z] <<< [apiv2][body] GET https://cloudresourcemanager.googleapis.com/v1/projects/win-finder {"projectNumber":"684643143905","projectId":"win-finder","lifecycleState":"ACTIVE","name":"WinFinder","labels":{"firebase":"enabled","firebase-core":"disabled"},"createTime":"2025-09-09T10:53:20.129381Z"}
[info] i  functions: preparing codebase default for deployment 
[info] i  functions: ensuring required API cloudfunctions.googleapis.com is enabled... 
[info] i  functions: ensuring required API cloudbuild.googleapis.com is enabled... 
[info] i  artifactregistry: ensuring required API artifactregistry.googleapis.com is enabled... 
[debug] [2025-11-03T07:47:39.944Z] Checked if tokens are valid: true, expires at: 1762158412358
[debug] [2025-11-03T07:47:39.944Z] Checked if tokens are valid: true, expires at: 1762158412358
[debug] [2025-11-03T07:47:39.944Z] >>> [apiv2][query] GET https://firebase.googleapis.com/v1beta1/projects/win-finder/adminSdkConfig [none]
[debug] [2025-11-03T07:47:40.344Z] <<< [apiv2][status] GET https://firebase.googleapis.com/v1beta1/projects/win-finder/adminSdkConfig 200
[debug] [2025-11-03T07:47:40.344Z] <<< [apiv2][body] GET https://firebase.googleapis.com/v1beta1/projects/win-finder/adminSdkConfig {"projectId":"win-finder","storageBucket":"win-finder.firebasestorage.app"}
[debug] [2025-11-03T07:47:40.346Z] Checked if tokens are valid: true, expires at: 1762158412358
[debug] [2025-11-03T07:47:40.346Z] Checked if tokens are valid: true, expires at: 1762158412358
[debug] [2025-11-03T07:47:40.346Z] >>> [apiv2][query] GET https://runtimeconfig.googleapis.com/v1beta1/projects/win-finder/configs [none]
[debug] [2025-11-03T07:47:40.757Z] <<< [apiv2][status] GET https://runtimeconfig.googleapis.com/v1beta1/projects/win-finder/configs 200
[debug] [2025-11-03T07:47:40.757Z] <<< [apiv2][body] GET https://runtimeconfig.googleapis.com/v1beta1/projects/win-finder/configs {}
[debug] [2025-11-03T07:47:40.760Z] Validating nodejs source
[warn] ⚠  functions: package.json indicates an outdated version of firebase-functions. Please upgrade using npm install --save firebase-functions@latest in your functions directory. 
[debug] [2025-11-03T07:47:41.456Z] > [functions] package.json contents: {
  "name": "functions",
  "scripts": {
    "build": "tsc",
    "build:watch": "tsc --watch",
    "serve": "npm run build && firebase emulators:start --only functions",
    "shell": "npm run build && firebase functions:shell",
    "start": "npm run shell",
    "deploy": "firebase deploy --only functions",
    "logs": "firebase functions:log"
  },
  "engines": {
    "node": "22"
  },
  "main": "lib/index.js",
  "dependencies": {
    "firebase-admin": "^12.6.0",
    "firebase-functions": "^6.0.1"
  },
  "devDependencies": {
    "typescript": "^5.7.3",
    "firebase-functions-test": "^3.1.0"
  },
  "private": true
}
[debug] [2025-11-03T07:47:41.456Z] Building nodejs source
[info] i  functions: Loading and analyzing source code for codebase default to determine what to deploy 
[debug] [2025-11-03T07:47:41.458Z] Could not find functions.yaml. Must use http discovery
[debug] [2025-11-03T07:47:41.468Z] Found firebase-functions binary at '/Users/nexiv/dev/win_finder_functions/functions/node_modules/.bin/firebase-functions'
[info] Serving at port 8795

[debug] [2025-11-03T07:47:41.953Z] Got response from /__/functions.yaml {"endpoints":{"update_results":{"availableMemoryMb":null,"timeoutSeconds":null,"minInstances":null,"maxInstances":null,"ingressSettings":null,"concurrency":null,"serviceAccountEmail":null,"vpc":null,"platform":"gcfv2","region":["europe-west1"],"labels":{},"scheduleTrigger":{"schedule":"every 30 minutes","retryConfig":{}},"entryPoint":"update_results"},"updateStandings":{"availableMemoryMb":null,"timeoutSeconds":null,"minInstances":null,"maxInstances":null,"ingressSettings":null,"concurrency":null,"serviceAccountEmail":null,"vpc":null,"platform":"gcfv2","region":["europe-west1"],"labels":{},"scheduleTrigger":{"schedule":"every 4 hours","retryConfig":{}},"entryPoint":"updateStandings"},"cleanDatabase":{"availableMemoryMb":null,"timeoutSeconds":null,"minInstances":null,"maxInstances":null,"ingressSettings":null,"concurrency":null,"serviceAccountEmail":null,"vpc":null,"platform":"gcfv2","region":["europe-west1"],"labels":{},"scheduleTrigger":{"schedule":"every day","retryConfig":{}},"entryPoint":"cleanDatabase"}},"specVersion":"v1alpha1","requiredAPIs":[{"api":"cloudscheduler.googleapis.com","reason":"Needed for scheduled functions."}],"extensions":{}}
[info] i  extensions: ensuring required API firebaseextensions.googleapis.com is enabled... 
[debug] [2025-11-03T07:47:46.005Z] > command requires scopes: ["email","openid","https://www.googleapis.com/auth/cloudplatformprojects.readonly","https://www.googleapis.com/auth/firebase","https://www.googleapis.com/auth/cloud-platform"]
[debug] [2025-11-03T07:47:46.006Z] > authorizing via signed-in user (konjina188@gmail.com)
[debug] [2025-11-03T07:47:46.006Z] [iam] checking project win-finder for permissions ["firebase.projects.get","firebaseextensions.instances.list"]
[debug] [2025-11-03T07:47:46.006Z] Checked if tokens are valid: true, expires at: 1762158412358
[debug] [2025-11-03T07:47:46.006Z] Checked if tokens are valid: true, expires at: 1762158412358
[debug] [2025-11-03T07:47:46.007Z] >>> [apiv2][query] POST https://cloudresourcemanager.googleapis.com/v1/projects/win-finder:testIamPermissions [none]
[debug] [2025-11-03T07:47:46.007Z] >>> [apiv2][(partial)header] POST https://cloudresourcemanager.googleapis.com/v1/projects/win-finder:testIamPermissions x-goog-quota-user=projects/win-finder
[debug] [2025-11-03T07:47:46.007Z] >>> [apiv2][body] POST https://cloudresourcemanager.googleapis.com/v1/projects/win-finder:testIamPermissions {"permissions":["firebase.projects.get","firebaseextensions.instances.list"]}
[debug] [2025-11-03T07:47:46.996Z] <<< [apiv2][status] POST https://cloudresourcemanager.googleapis.com/v1/projects/win-finder:testIamPermissions 200
[debug] [2025-11-03T07:47:46.997Z] <<< [apiv2][body] POST https://cloudresourcemanager.googleapis.com/v1/projects/win-finder:testIamPermissions {"permissions":["firebase.projects.get","firebaseextensions.instances.list"]}
[debug] [2025-11-03T07:47:46.998Z] Checked if tokens are valid: true, expires at: 1762158412358
[debug] [2025-11-03T07:47:46.999Z] Checked if tokens are valid: true, expires at: 1762158412358
[debug] [2025-11-03T07:47:46.999Z] >>> [apiv2][query] GET https://firebaseextensions.googleapis.com/v1beta/projects/win-finder/instances pageSize=100&pageToken=
[debug] [2025-11-03T07:47:48.018Z] <<< [apiv2][status] GET https://firebaseextensions.googleapis.com/v1beta/projects/win-finder/instances 200
[debug] [2025-11-03T07:47:48.019Z] <<< [apiv2][body] GET https://firebaseextensions.googleapis.com/v1beta/projects/win-finder/instances {}
[info] i  functions: preparing functions directory for uploading... 
[info] i  functions: packaged /Users/nexiv/dev/win_finder_functions/functions (88.03 KB) for uploading 
[debug] [2025-11-03T07:47:48.162Z] Checked if tokens are valid: true, expires at: 1762158412358
[debug] [2025-11-03T07:47:48.163Z] Checked if tokens are valid: true, expires at: 1762158412358
[debug] [2025-11-03T07:47:48.163Z] >>> [apiv2][query] GET https://cloudfunctions.googleapis.com/v1/projects/win-finder/locations/-/functions [none]
[debug] [2025-11-03T07:47:48.949Z] <<< [apiv2][status] GET https://cloudfunctions.googleapis.com/v1/projects/win-finder/locations/-/functions 200
[debug] [2025-11-03T07:47:48.949Z] <<< [apiv2][body] GET https://cloudfunctions.googleapis.com/v1/projects/win-finder/locations/-/functions {}
[debug] [2025-11-03T07:47:48.950Z] Checked if tokens are valid: true, expires at: 1762158412358
[debug] [2025-11-03T07:47:48.950Z] Checked if tokens are valid: true, expires at: 1762158412358
[debug] [2025-11-03T07:47:48.952Z] >>> [apiv2][query] GET https://cloudfunctions.googleapis.com/v2/projects/win-finder/locations/-/functions filter=environment%3D%22GEN_2%22
[debug] [2025-11-03T07:47:50.068Z] <<< [apiv2][status] GET https://cloudfunctions.googleapis.com/v2/projects/win-finder/locations/-/functions 200
[debug] [2025-11-03T07:47:50.069Z] <<< [apiv2][body] GET https://cloudfunctions.googleapis.com/v2/projects/win-finder/locations/-/functions {"functions":[{"name":"projects/win-finder/locations/us-central1/functions/update_results","buildConfig":{"build":"projects/684643143905/locations/us-central1/builds/ad273ac2-2873-4f7c-b0cb-df570e920833","runtime":"nodejs22","entryPoint":"update_results","source":{"storageSource":{"bucket":"gcf-v2-sources-684643143905-us-central1","object":"update_results/function-source.zip","generation":"1762155915712335"}},"environmentVariables":{"GOOGLE_NODE_RUN_SCRIPTS":""},"dockerRepository":"projects/win-finder/locations/us-central1/repositories/gcf-artifacts","sourceProvenance":{"resolvedStorageSource":{"bucket":"gcf-v2-sources-684643143905-us-central1","object":"update_results/function-source.zip","generation":"1762155915712335"}},"dockerRegistry":"ARTIFACT_REGISTRY","serviceAccount":"projects/win-finder/serviceAccounts/684643143905-compute@developer.gserviceaccount.com","automaticUpdatePolicy":{}},"serviceConfig":{"service":"projects/win-finder/locations/us-central1/services/update-results","timeoutSeconds":60,"environmentVariables":{"FIREBASE_CONFIG":"{\"projectId\":\"win-finder\",\"storageBucket\":\"win-finder.firebasestorage.app\"}","GCLOUD_PROJECT":"win-finder","EVENTARC_CLOUD_EVENT_SOURCE":"projects/win-finder/locations/us-central1/services/update_results","FUNCTION_TARGET":"update_results","LOG_EXECUTION_ID":"true"},"maxInstanceCount":20,"ingressSettings":"ALLOW_ALL","uri":"https://update-results-jfm2n322wq-uc.a.run.app","serviceAccountEmail":"684643143905-compute@developer.gserviceaccount.com","availableMemory":"256Mi","allTrafficOnLatestRevision":true,"revision":"update-results-00001-xaw","maxInstanceRequestConcurrency":80,"availableCpu":"1"},"state":"ACTIVE","updateTime":"2025-11-03T07:46:27.561304044Z","labels":{"deployment-tool":"cli-firebase","deployment-scheduled":"true","firebase-functions-hash":"ad005ec79999841c3a7fd981741b25e16a7b3f09"},"environment":"GEN_2","url":"https://us-central1-win-finder.cloudfunctions.net/update_results","createTime":"2025-11-03T07:45:16.165844716Z","satisfiesPzi":true}]}
[info] i  functions: ensuring required API cloudscheduler.googleapis.com is enabled... 
[info] i  functions: ensuring required API run.googleapis.com is enabled... 
[info] i  functions: ensuring required API eventarc.googleapis.com is enabled... 
[info] i  functions: ensuring required API pubsub.googleapis.com is enabled... 
[info] i  functions: ensuring required API storage.googleapis.com is enabled... 
[info] i  functions: generating the service identity for pubsub.googleapis.com... 
[debug] [2025-11-03T07:47:50.080Z] Checked if tokens are valid: true, expires at: 1762158412358
[debug] [2025-11-03T07:47:50.080Z] Checked if tokens are valid: true, expires at: 1762158412358
[info] i  functions: generating the service identity for eventarc.googleapis.com... 
[debug] [2025-11-03T07:47:50.080Z] Checked if tokens are valid: true, expires at: 1762158412358
[debug] [2025-11-03T07:47:50.080Z] Checked if tokens are valid: true, expires at: 1762158412358
[debug] [2025-11-03T07:47:50.082Z] >>> [apiv2][query] POST https://serviceusage.googleapis.com/v1beta1/projects/684643143905/services/pubsub.googleapis.com:generateServiceIdentity [none]
[debug] [2025-11-03T07:47:50.082Z] >>> [apiv2][(partial)header] POST https://serviceusage.googleapis.com/v1beta1/projects/684643143905/services/pubsub.googleapis.com:generateServiceIdentity x-goog-quota-user=projects/684643143905
[debug] [2025-11-03T07:47:50.082Z] >>> [apiv2][body] POST https://serviceusage.googleapis.com/v1beta1/projects/684643143905/services/pubsub.googleapis.com:generateServiceIdentity {}
[debug] [2025-11-03T07:47:50.085Z] >>> [apiv2][query] POST https://serviceusage.googleapis.com/v1beta1/projects/684643143905/services/eventarc.googleapis.com:generateServiceIdentity [none]
[debug] [2025-11-03T07:47:50.086Z] >>> [apiv2][(partial)header] POST https://serviceusage.googleapis.com/v1beta1/projects/684643143905/services/eventarc.googleapis.com:generateServiceIdentity x-goog-quota-user=projects/684643143905
[debug] [2025-11-03T07:47:50.086Z] >>> [apiv2][body] POST https://serviceusage.googleapis.com/v1beta1/projects/684643143905/services/eventarc.googleapis.com:generateServiceIdentity {}
[debug] [2025-11-03T07:47:51.156Z] <<< [apiv2][status] POST https://serviceusage.googleapis.com/v1beta1/projects/684643143905/services/eventarc.googleapis.com:generateServiceIdentity 200
[debug] [2025-11-03T07:47:51.156Z] <<< [apiv2][body] POST https://serviceusage.googleapis.com/v1beta1/projects/684643143905/services/eventarc.googleapis.com:generateServiceIdentity {"name":"operations/finished.DONE_OPERATION","done":true,"response":{"@type":"type.googleapis.com/google.api.serviceusage.v1beta1.ServiceIdentity","email":"service-684643143905@gcp-sa-eventarc.iam.gserviceaccount.com","uniqueId":"102613563755502511243"}}
[debug] [2025-11-03T07:47:51.165Z] <<< [apiv2][status] POST https://serviceusage.googleapis.com/v1beta1/projects/684643143905/services/pubsub.googleapis.com:generateServiceIdentity 200
[debug] [2025-11-03T07:47:51.166Z] <<< [apiv2][body] POST https://serviceusage.googleapis.com/v1beta1/projects/684643143905/services/pubsub.googleapis.com:generateServiceIdentity {"name":"operations/finished.DONE_OPERATION","done":true,"response":{"@type":"type.googleapis.com/google.api.serviceusage.v1beta1.ServiceIdentity","email":"service-684643143905@gcp-sa-pubsub.iam.gserviceaccount.com","uniqueId":"112244603078099071677"}}
[debug] [2025-11-03T07:47:51.171Z] Checked if tokens are valid: true, expires at: 1762158412358
[debug] [2025-11-03T07:47:51.171Z] Checked if tokens are valid: true, expires at: 1762158412358
[debug] [2025-11-03T07:47:51.171Z] >>> [apiv2][query] GET https://cloudresourcemanager.googleapis.com/v1/projects/win-finder [none]
[debug] [2025-11-03T07:47:51.405Z] <<< [apiv2][status] GET https://cloudresourcemanager.googleapis.com/v1/projects/win-finder 200
[debug] [2025-11-03T07:47:51.405Z] <<< [apiv2][body] GET https://cloudresourcemanager.googleapis.com/v1/projects/win-finder {"projectNumber":"684643143905","projectId":"win-finder","lifecycleState":"ACTIVE","name":"WinFinder","labels":{"firebase":"enabled","firebase-core":"disabled"},"createTime":"2025-09-09T10:53:20.129381Z"}
[debug] [2025-11-03T07:47:51.406Z] Checked if tokens are valid: true, expires at: 1762158412358
[debug] [2025-11-03T07:47:51.407Z] Checked if tokens are valid: true, expires at: 1762158412358
[debug] [2025-11-03T07:47:51.407Z] >>> [apiv2][query] GET https://compute.googleapis.com/compute/v1/projects/684643143905 [none]
[debug] [2025-11-03T07:47:51.723Z] <<< [apiv2][status] GET https://compute.googleapis.com/compute/v1/projects/684643143905 403
[debug] [2025-11-03T07:47:51.724Z] <<< [apiv2][body] GET https://compute.googleapis.com/compute/v1/projects/684643143905 {"error":{"code":403,"message":"Compute Engine API has not been used in project 684643143905 before or it is disabled. Enable it by visiting https://console.developers.google.com/apis/api/compute.googleapis.com/overview?project=684643143905 then retry. If you enabled this API recently, wait a few minutes for the action to propagate to our systems and retry.","errors":[{"message":"Compute Engine API has not been used in project 684643143905 before or it is disabled. Enable it by visiting https://console.developers.google.com/apis/api/compute.googleapis.com/overview?project=684643143905 then retry. If you enabled this API recently, wait a few minutes for the action to propagate to our systems and retry.","domain":"usageLimits","reason":"accessNotConfigured","extendedHelp":"https://console.developers.google.com"}],"status":"PERMISSION_DENIED","details":[{"@type":"type.googleapis.com/google.rpc.ErrorInfo","reason":"SERVICE_DISABLED","domain":"googleapis.com","metadata":{"activationUrl":"https://console.developers.google.com/apis/api/compute.googleapis.com/overview?project=684643143905","serviceTitle":"Compute Engine API","consumer":"projects/684643143905","service":"compute.googleapis.com","containerInfo":"684643143905"}},{"@type":"type.googleapis.com/google.rpc.LocalizedMessage","locale":"en-US","message":"Compute Engine API has not been used in project 684643143905 before or it is disabled. Enable it by visiting https://console.developers.google.com/apis/api/compute.googleapis.com/overview?project=684643143905 then retry. If you enabled this API recently, wait a few minutes for the action to propagate to our systems and retry."},{"@type":"type.googleapis.com/google.rpc.Help","links":[{"description":"Google developers console API activation","url":"https://console.developers.google.com/apis/api/compute.googleapis.com/overview?project=684643143905"}]}]}}
[debug] [2025-11-03T07:47:51.727Z] unable to look up default compute service account. Falling back to 684643143905-compute@developer.gserviceaccount.com. Error: {"name":"FirebaseError","children":[],"context":{"body":{"error":{"code":403,"message":"Compute Engine API has not been used in project 684643143905 before or it is disabled. Enable it by visiting https://console.developers.google.com/apis/api/compute.googleapis.com/overview?project=684643143905 then retry. If you enabled this API recently, wait a few minutes for the action to propagate to our systems and retry.","errors":[{"message":"Compute Engine API has not been used in project 684643143905 before or it is disabled. Enable it by visiting https://console.developers.google.com/apis/api/compute.googleapis.com/overview?project=684643143905 then retry. If you enabled this API recently, wait a few minutes for the action to propagate to our systems and retry.","domain":"usageLimits","reason":"accessNotConfigured","extendedHelp":"https://console.developers.google.com"}],"status":"PERMISSION_DENIED","details":[{"@type":"type.googleapis.com/google.rpc.ErrorInfo","reason":"SERVICE_DISABLED","domain":"googleapis.com","metadata":{"activationUrl":"https://console.developers.google.com/apis/api/compute.googleapis.com/overview?project=684643143905","serviceTitle":"Compute Engine API","consumer":"projects/684643143905","service":"compute.googleapis.com","containerInfo":"684643143905"}},{"@type":"type.googleapis.com/google.rpc.LocalizedMessage","locale":"en-US","message":"Compute Engine API has not been used in project 684643143905 before or it is disabled. Enable it by visiting https://console.developers.google.com/apis/api/compute.googleapis.com/overview?project=684643143905 then retry. If you enabled this API recently, wait a few minutes for the action to propagate to our systems and retry."},{"@type":"type.googleapis.com/google.rpc.Help","links":[{"description":"Google developers console API activation","url":"https://console.developers.google.com/apis/api/compute.googleapis.com/overview?project=684643143905"}]}]}},"response":{"statusCode":403}},"exit":1,"message":"Request to https://compute.googleapis.com/compute/v1/projects/684643143905 had HTTP Error: 403, Compute Engine API has not been used in project 684643143905 before or it is disabled. Enable it by visiting https://console.developers.google.com/apis/api/compute.googleapis.com/overview?project=684643143905 then retry. If you enabled this API recently, wait a few minutes for the action to propagate to our systems and retry.","status":403}
[debug] [2025-11-03T07:47:51.727Z] Checked if tokens are valid: true, expires at: 1762158412358
[debug] [2025-11-03T07:47:51.727Z] Checked if tokens are valid: true, expires at: 1762158412358
[debug] [2025-11-03T07:47:51.728Z] >>> [apiv2][query] GET https://compute.googleapis.com/compute/v1/projects/684643143905 [none]
[debug] [2025-11-03T07:47:51.939Z] <<< [apiv2][status] GET https://compute.googleapis.com/compute/v1/projects/684643143905 403
[debug] [2025-11-03T07:47:51.940Z] <<< [apiv2][body] GET https://compute.googleapis.com/compute/v1/projects/684643143905 {"error":{"code":403,"message":"Compute Engine API has not been used in project 684643143905 before or it is disabled. Enable it by visiting https://console.developers.google.com/apis/api/compute.googleapis.com/overview?project=684643143905 then retry. If you enabled this API recently, wait a few minutes for the action to propagate to our systems and retry.","errors":[{"message":"Compute Engine API has not been used in project 684643143905 before or it is disabled. Enable it by visiting https://console.developers.google.com/apis/api/compute.googleapis.com/overview?project=684643143905 then retry. If you enabled this API recently, wait a few minutes for the action to propagate to our systems and retry.","domain":"usageLimits","reason":"accessNotConfigured","extendedHelp":"https://console.developers.google.com"}],"status":"PERMISSION_DENIED","details":[{"@type":"type.googleapis.com/google.rpc.ErrorInfo","reason":"SERVICE_DISABLED","domain":"googleapis.com","metadata":{"containerInfo":"684643143905","activationUrl":"https://console.developers.google.com/apis/api/compute.googleapis.com/overview?project=684643143905","service":"compute.googleapis.com","consumer":"projects/684643143905","serviceTitle":"Compute Engine API"}},{"@type":"type.googleapis.com/google.rpc.LocalizedMessage","locale":"en-US","message":"Compute Engine API has not been used in project 684643143905 before or it is disabled. Enable it by visiting https://console.developers.google.com/apis/api/compute.googleapis.com/overview?project=684643143905 then retry. If you enabled this API recently, wait a few minutes for the action to propagate to our systems and retry."},{"@type":"type.googleapis.com/google.rpc.Help","links":[{"description":"Google developers console API activation","url":"https://console.developers.google.com/apis/api/compute.googleapis.com/overview?project=684643143905"}]}]}}
[debug] [2025-11-03T07:47:51.941Z] unable to look up default compute service account. Falling back to 684643143905-compute@developer.gserviceaccount.com. Error: {"name":"FirebaseError","children":[],"context":{"body":{"error":{"code":403,"message":"Compute Engine API has not been used in project 684643143905 before or it is disabled. Enable it by visiting https://console.developers.google.com/apis/api/compute.googleapis.com/overview?project=684643143905 then retry. If you enabled this API recently, wait a few minutes for the action to propagate to our systems and retry.","errors":[{"message":"Compute Engine API has not been used in project 684643143905 before or it is disabled. Enable it by visiting https://console.developers.google.com/apis/api/compute.googleapis.com/overview?project=684643143905 then retry. If you enabled this API recently, wait a few minutes for the action to propagate to our systems and retry.","domain":"usageLimits","reason":"accessNotConfigured","extendedHelp":"https://console.developers.google.com"}],"status":"PERMISSION_DENIED","details":[{"@type":"type.googleapis.com/google.rpc.ErrorInfo","reason":"SERVICE_DISABLED","domain":"googleapis.com","metadata":{"containerInfo":"684643143905","activationUrl":"https://console.developers.google.com/apis/api/compute.googleapis.com/overview?project=684643143905","service":"compute.googleapis.com","consumer":"projects/684643143905","serviceTitle":"Compute Engine API"}},{"@type":"type.googleapis.com/google.rpc.LocalizedMessage","locale":"en-US","message":"Compute Engine API has not been used in project 684643143905 before or it is disabled. Enable it by visiting https://console.developers.google.com/apis/api/compute.googleapis.com/overview?project=684643143905 then retry. If you enabled this API recently, wait a few minutes for the action to propagate to our systems and retry."},{"@type":"type.googleapis.com/google.rpc.Help","links":[{"description":"Google developers console API activation","url":"https://console.developers.google.com/apis/api/compute.googleapis.com/overview?project=684643143905"}]}]}},"response":{"statusCode":403}},"exit":1,"message":"Request to https://compute.googleapis.com/compute/v1/projects/684643143905 had HTTP Error: 403, Compute Engine API has not been used in project 684643143905 before or it is disabled. Enable it by visiting https://console.developers.google.com/apis/api/compute.googleapis.com/overview?project=684643143905 then retry. If you enabled this API recently, wait a few minutes for the action to propagate to our systems and retry.","status":403}
[debug] [2025-11-03T07:47:51.941Z] Checked if tokens are valid: true, expires at: 1762158412358
[debug] [2025-11-03T07:47:51.941Z] Checked if tokens are valid: true, expires at: 1762158412358
[debug] [2025-11-03T07:47:51.942Z] >>> [apiv2][query] GET https://compute.googleapis.com/compute/v1/projects/684643143905 [none]
[debug] [2025-11-03T07:47:52.154Z] <<< [apiv2][status] GET https://compute.googleapis.com/compute/v1/projects/684643143905 403
[debug] [2025-11-03T07:47:52.155Z] <<< [apiv2][body] GET https://compute.googleapis.com/compute/v1/projects/684643143905 {"error":{"code":403,"message":"Compute Engine API has not been used in project 684643143905 before or it is disabled. Enable it by visiting https://console.developers.google.com/apis/api/compute.googleapis.com/overview?project=684643143905 then retry. If you enabled this API recently, wait a few minutes for the action to propagate to our systems and retry.","errors":[{"message":"Compute Engine API has not been used in project 684643143905 before or it is disabled. Enable it by visiting https://console.developers.google.com/apis/api/compute.googleapis.com/overview?project=684643143905 then retry. If you enabled this API recently, wait a few minutes for the action to propagate to our systems and retry.","domain":"usageLimits","reason":"accessNotConfigured","extendedHelp":"https://console.developers.google.com"}],"status":"PERMISSION_DENIED","details":[{"@type":"type.googleapis.com/google.rpc.ErrorInfo","reason":"SERVICE_DISABLED","domain":"googleapis.com","metadata":{"serviceTitle":"Compute Engine API","consumer":"projects/684643143905","activationUrl":"https://console.developers.google.com/apis/api/compute.googleapis.com/overview?project=684643143905","service":"compute.googleapis.com","containerInfo":"684643143905"}},{"@type":"type.googleapis.com/google.rpc.LocalizedMessage","locale":"en-US","message":"Compute Engine API has not been used in project 684643143905 before or it is disabled. Enable it by visiting https://console.developers.google.com/apis/api/compute.googleapis.com/overview?project=684643143905 then retry. If you enabled this API recently, wait a few minutes for the action to propagate to our systems and retry."},{"@type":"type.googleapis.com/google.rpc.Help","links":[{"description":"Google developers console API activation","url":"https://console.developers.google.com/apis/api/compute.googleapis.com/overview?project=684643143905"}]}]}}
[debug] [2025-11-03T07:47:52.155Z] unable to look up default compute service account. Falling back to 684643143905-compute@developer.gserviceaccount.com. Error: {"name":"FirebaseError","children":[],"context":{"body":{"error":{"code":403,"message":"Compute Engine API has not been used in project 684643143905 before or it is disabled. Enable it by visiting https://console.developers.google.com/apis/api/compute.googleapis.com/overview?project=684643143905 then retry. If you enabled this API recently, wait a few minutes for the action to propagate to our systems and retry.","errors":[{"message":"Compute Engine API has not been used in project 684643143905 before or it is disabled. Enable it by visiting https://console.developers.google.com/apis/api/compute.googleapis.com/overview?project=684643143905 then retry. If you enabled this API recently, wait a few minutes for the action to propagate to our systems and retry.","domain":"usageLimits","reason":"accessNotConfigured","extendedHelp":"https://console.developers.google.com"}],"status":"PERMISSION_DENIED","details":[{"@type":"type.googleapis.com/google.rpc.ErrorInfo","reason":"SERVICE_DISABLED","domain":"googleapis.com","metadata":{"serviceTitle":"Compute Engine API","consumer":"projects/684643143905","activationUrl":"https://console.developers.google.com/apis/api/compute.googleapis.com/overview?project=684643143905","service":"compute.googleapis.com","containerInfo":"684643143905"}},{"@type":"type.googleapis.com/google.rpc.LocalizedMessage","locale":"en-US","message":"Compute Engine API has not been used in project 684643143905 before or it is disabled. Enable it by visiting https://console.developers.google.com/apis/api/compute.googleapis.com/overview?project=684643143905 then retry. If you enabled this API recently, wait a few minutes for the action to propagate to our systems and retry."},{"@type":"type.googleapis.com/google.rpc.Help","links":[{"description":"Google developers console API activation","url":"https://console.developers.google.com/apis/api/compute.googleapis.com/overview?project=684643143905"}]}]}},"response":{"statusCode":403}},"exit":1,"message":"Request to https://compute.googleapis.com/compute/v1/projects/684643143905 had HTTP Error: 403, Compute Engine API has not been used in project 684643143905 before or it is disabled. Enable it by visiting https://console.developers.google.com/apis/api/compute.googleapis.com/overview?project=684643143905 then retry. If you enabled this API recently, wait a few minutes for the action to propagate to our systems and retry.","status":403}
[debug] [2025-11-03T07:47:52.159Z] Checked if tokens are valid: true, expires at: 1762158412358
[debug] [2025-11-03T07:47:52.159Z] Checked if tokens are valid: true, expires at: 1762158412358
[debug] [2025-11-03T07:47:52.159Z] >>> [apiv2][query] GET https://cloudbilling.googleapis.com/v1/projects/win-finder/billingInfo [none]
[debug] [2025-11-03T07:47:53.034Z] <<< [apiv2][status] GET https://cloudbilling.googleapis.com/v1/projects/win-finder/billingInfo 200
[debug] [2025-11-03T07:47:53.035Z] <<< [apiv2][body] GET https://cloudbilling.googleapis.com/v1/projects/win-finder/billingInfo {"name":"projects/win-finder/billingInfo","projectId":"win-finder","billingAccountName":"billingAccounts/000711-F0544E-276B60","billingEnabled":true}
[debug] [2025-11-03T07:47:53.040Z] Checked if tokens are valid: true, expires at: 1762158412358
[debug] [2025-11-03T07:47:53.040Z] Checked if tokens are valid: true, expires at: 1762158412358
[debug] [2025-11-03T07:47:53.040Z] >>> [apiv2][query] POST https://cloudfunctions.googleapis.com/v2/projects/win-finder/locations/europe-west1/functions:generateUploadUrl [none]
[debug] [2025-11-03T07:47:53.256Z] <<< [apiv2][status] POST https://cloudfunctions.googleapis.com/v2/projects/win-finder/locations/europe-west1/functions:generateUploadUrl 200
[debug] [2025-11-03T07:47:53.257Z] <<< [apiv2][body] POST https://cloudfunctions.googleapis.com/v2/projects/win-finder/locations/europe-west1/functions:generateUploadUrl {"uploadUrl":"https://storage.googleapis.com/gcf-v2-uploads-684643143905.europe-west1.cloudfunctions.appspot.com/5dae8dc2-7e3c-4498-bca7-20227ddb9788.zip?GoogleAccessId=service-684643143905@gcf-admin-robot.iam.gserviceaccount.com&Expires=1762157873&Signature=KQIECndpZi3mDP%2FMuvuBuhFxrUb0ekOlU16o7sZDh3n1q3Sqzx5Bqc7jzUX0khWhQR4yuxBaEXZcN7So5wce78qHIW5utQ%2FW888ZIDMZSYQ15VW1HUmU3fD5G2AVan9mYNqbAnbd02Lgax1%2B3ILFtLMObnnuPyvlE65%2FWp3zIPu1nlkZWK3XQ9ZKAmHlaDb0qcXddYEWj6J2UeJDmmXzX%2Fo0awZetNT2rLWHBljqee6kDU9qq%2FqIvBc4gojLJGDMAYMNbKDCV8N4pSRnrmL9lcNPjqf%2Fn%2FgyM1Kg%2FfMHgliyC%2FQYBODjlazGVA4B%2FFFXWoKVv3Jv0lG%2FKoZBViAtQg%3D%3D","storageSource":{"bucket":"gcf-v2-uploads-684643143905.europe-west1.cloudfunctions.appspot.com","object":"5dae8dc2-7e3c-4498-bca7-20227ddb9788.zip"}}
[debug] [2025-11-03T07:47:53.259Z] >>> [apiv2][query] PUT https://storage.googleapis.com/gcf-v2-uploads-684643143905.europe-west1.cloudfunctions.appspot.com/5dae8dc2-7e3c-4498-bca7-20227ddb9788.zip GoogleAccessId=service-684643143905%40gcf-admin-robot.iam.gserviceaccount.com&Expires=1762157873&Signature=KQIECndpZi3mDP%2FMuvuBuhFxrUb0ekOlU16o7sZDh3n1q3Sqzx5Bqc7jzUX0khWhQR4yuxBaEXZcN7So5wce78qHIW5utQ%2FW888ZIDMZSYQ15VW1HUmU3fD5G2AVan9mYNqbAnbd02Lgax1%2B3ILFtLMObnnuPyvlE65%2FWp3zIPu1nlkZWK3XQ9ZKAmHlaDb0qcXddYEWj6J2UeJDmmXzX%2Fo0awZetNT2rLWHBljqee6kDU9qq%2FqIvBc4gojLJGDMAYMNbKDCV8N4pSRnrmL9lcNPjqf%2Fn%2FgyM1Kg%2FfMHgliyC%2FQYBODjlazGVA4B%2FFFXWoKVv3Jv0lG%2FKoZBViAtQg%3D%3D
[debug] [2025-11-03T07:47:53.260Z] >>> [apiv2][body] PUT https://storage.googleapis.com/gcf-v2-uploads-684643143905.europe-west1.cloudfunctions.appspot.com/5dae8dc2-7e3c-4498-bca7-20227ddb9788.zip [stream]
[debug] [2025-11-03T07:47:53.590Z] <<< [apiv2][status] PUT https://storage.googleapis.com/gcf-v2-uploads-684643143905.europe-west1.cloudfunctions.appspot.com/5dae8dc2-7e3c-4498-bca7-20227ddb9788.zip 200
[debug] [2025-11-03T07:47:53.592Z] <<< [apiv2][body] PUT https://storage.googleapis.com/gcf-v2-uploads-684643143905.europe-west1.cloudfunctions.appspot.com/5dae8dc2-7e3c-4498-bca7-20227ddb9788.zip [omitted]
[info] ✔  functions: functions source uploaded successfully 
[info] 
The following functions are found in your project but do not exist in your local source code:
	update_results(us-central1)

If you are renaming a function or changing its region, it is recommended that you create the new function first before deleting the old one to prevent event loss. For more info, visit https://firebase.google.com/docs/functions/manage-functions#modify

[info] i  functions: creating Node.js 22 (2nd Gen) function update_results(europe-west1)... 
[info] i  functions: creating Node.js 22 (2nd Gen) function updateStandings(europe-west1)... 
[info] i  functions: creating Node.js 22 (2nd Gen) function cleanDatabase(europe-west1)... 
[debug] [2025-11-03T07:47:57.345Z] Checked if tokens are valid: true, expires at: 1762158412358
[debug] [2025-11-03T07:47:57.346Z] Checked if tokens are valid: true, expires at: 1762158412358
[info] i  functions: deleting Node.js 22 (2nd Gen) function update_results(us-central1)... 
[debug] [2025-11-03T07:47:57.346Z] Checked if tokens are valid: true, expires at: 1762158412358
[debug] [2025-11-03T07:47:57.346Z] Checked if tokens are valid: true, expires at: 1762158412358
[debug] [2025-11-03T07:47:57.348Z] >>> [apiv2][query] POST https://cloudfunctions.googleapis.com/v2/projects/win-finder/locations/europe-west1/functions functionId=update_results
[debug] [2025-11-03T07:47:57.348Z] >>> [apiv2][body] POST https://cloudfunctions.googleapis.com/v2/projects/win-finder/locations/europe-west1/functions {"name":"projects/win-finder/locations/europe-west1/functions/update_results","buildConfig":{"runtime":"nodejs22","entryPoint":"update_results","source":{"storageSource":{"bucket":"gcf-v2-uploads-684643143905.europe-west1.cloudfunctions.appspot.com","object":"5dae8dc2-7e3c-4498-bca7-20227ddb9788.zip"}},"environmentVariables":{"GOOGLE_NODE_RUN_SCRIPTS":""}},"serviceConfig":{"environmentVariables":{"FIREBASE_CONFIG":"{\"projectId\":\"win-finder\",\"storageBucket\":\"win-finder.firebasestorage.app\"}","GCLOUD_PROJECT":"win-finder","EVENTARC_CLOUD_EVENT_SOURCE":"projects/win-finder/locations/europe-west1/services/update_results","FUNCTION_TARGET":"update_results","LOG_EXECUTION_ID":"true"},"ingressSettings":null,"timeoutSeconds":null,"serviceAccountEmail":null,"availableMemory":"256Mi","minInstanceCount":null,"maxInstanceCount":null,"maxInstanceRequestConcurrency":80,"availableCpu":"1","vpcConnector":null,"vpcConnectorEgressSettings":null},"labels":{"deployment-tool":"cli-firebase","deployment-scheduled":"true","firebase-functions-hash":"ee75f44b903cf0e91e5c1d13a9a270a78387caeb"}}
[debug] [2025-11-03T07:47:57.356Z] >>> [apiv2][query] DELETE https://cloudscheduler.googleapis.com/v1/projects/win-finder/locations/us-central1/jobs/firebase-schedule-update_results-us-central1 [none]
[debug] [2025-11-03T07:47:58.229Z] <<< [apiv2][status] POST https://cloudfunctions.googleapis.com/v2/projects/win-finder/locations/europe-west1/functions 200
[debug] [2025-11-03T07:47:58.230Z] <<< [apiv2][body] POST https://cloudfunctions.googleapis.com/v2/projects/win-finder/locations/europe-west1/functions {"name":"projects/win-finder/locations/europe-west1/operations/operation-1762156077565-642abef0ac655-45b86aa9-9dedd24d","metadata":{"@type":"type.googleapis.com/google.cloud.functions.v2.OperationMetadata","createTime":"2025-11-03T07:47:58.241500528Z","target":"projects/win-finder/locations/europe-west1/functions/update_results","verb":"create","cancelRequested":false,"apiVersion":"v2"},"done":false}
[debug] [2025-11-03T07:47:58.231Z] Checked if tokens are valid: true, expires at: 1762158412358
[debug] [2025-11-03T07:47:58.231Z] Checked if tokens are valid: true, expires at: 1762158412358
[debug] [2025-11-03T07:47:58.232Z] >>> [apiv2][query] GET https://cloudfunctions.googleapis.com/v2/projects/win-finder/locations/europe-west1/operations/operation-1762156077565-642abef0ac655-45b86aa9-9dedd24d [none]
[debug] [2025-11-03T07:47:58.256Z] <<< [apiv2][status] DELETE https://cloudscheduler.googleapis.com/v1/projects/win-finder/locations/us-central1/jobs/firebase-schedule-update_results-us-central1 404
[debug] [2025-11-03T07:47:58.256Z] <<< [apiv2][body] DELETE https://cloudscheduler.googleapis.com/v1/projects/win-finder/locations/us-central1/jobs/firebase-schedule-update_results-us-central1 {"error":{"code":404,"message":"Job not found.","status":"NOT_FOUND"}}
[error] Request to https://cloudscheduler.googleapis.com/v1/projects/win-finder/locations/us-central1/jobs/firebase-schedule-update_results-us-central1 had HTTP Error: 404, Job not found.
[debug] [2025-11-03T07:47:58.380Z] <<< [apiv2][status] GET https://cloudfunctions.googleapis.com/v2/projects/win-finder/locations/europe-west1/operations/operation-1762156077565-642abef0ac655-45b86aa9-9dedd24d 200
[debug] [2025-11-03T07:47:58.381Z] <<< [apiv2][body] GET https://cloudfunctions.googleapis.com/v2/projects/win-finder/locations/europe-west1/operations/operation-1762156077565-642abef0ac655-45b86aa9-9dedd24d {"name":"projects/win-finder/locations/europe-west1/operations/operation-1762156077565-642abef0ac655-45b86aa9-9dedd24d","metadata":{"@type":"type.googleapis.com/google.cloud.functions.v2.OperationMetadata","createTime":"2025-11-03T07:47:58.241500528Z","target":"projects/win-finder/locations/europe-west1/functions/update_results","verb":"create","cancelRequested":false,"apiVersion":"v2","requestResource":{"@type":"type.googleapis.com/google.cloud.functions.v2.Function","name":"projects/win-finder/locations/europe-west1/functions/update_results","buildConfig":{"runtime":"nodejs22","entryPoint":"update_results","source":{"storageSource":{"bucket":"gcf-v2-sources-684643143905-europe-west1","object":"update_results/function-source.zip","generation":"1762156077801777"}},"environmentVariables":{"GOOGLE_NODE_RUN_SCRIPTS":""},"serviceAccount":"projects/win-finder/serviceAccounts/684643143905-compute@developer.gserviceaccount.com","automaticUpdatePolicy":{}},"serviceConfig":{"service":"projects/win-finder/locations/europe-west1/services/update-results","timeoutSeconds":60,"environmentVariables":{"FIREBASE_CONFIG":"{\"projectId\":\"win-finder\",\"storageBucket\":\"win-finder.firebasestorage.app\"}","GCLOUD_PROJECT":"win-finder","EVENTARC_CLOUD_EVENT_SOURCE":"projects/win-finder/locations/europe-west1/services/update_results","FUNCTION_TARGET":"update_results","LOG_EXECUTION_ID":"true"},"ingressSettings":"ALLOW_ALL","serviceAccountEmail":"684643143905-compute@developer.gserviceaccount.com","availableMemory":"256Mi","maxInstanceRequestConcurrency":80,"availableCpu":"1"},"labels":{"deployment-tool":"cli-firebase","deployment-scheduled":"true","firebase-functions-hash":"ee75f44b903cf0e91e5c1d13a9a270a78387caeb"},"environment":"GEN_2"},"stages":[{"name":"BUILD","state":"NOT_STARTED"},{"name":"SERVICE","state":"NOT_STARTED"}],"operationType":"CREATE_FUNCTION"},"done":false}
[debug] [2025-11-03T07:47:58.884Z] [create-default-europe-west1-update_results] Retrying task index 0
[debug] [2025-11-03T07:47:58.885Z] Checked if tokens are valid: true, expires at: 1762158412358
[debug] [2025-11-03T07:47:58.886Z] Checked if tokens are valid: true, expires at: 1762158412358
[debug] [2025-11-03T07:47:58.886Z] >>> [apiv2][query] GET https://cloudfunctions.googleapis.com/v2/projects/win-finder/locations/europe-west1/operations/operation-1762156077565-642abef0ac655-45b86aa9-9dedd24d [none]
[debug] [2025-11-03T07:47:59.037Z] <<< [apiv2][status] GET https://cloudfunctions.googleapis.com/v2/projects/win-finder/locations/europe-west1/operations/operation-1762156077565-642abef0ac655-45b86aa9-9dedd24d 200
[debug] [2025-11-03T07:47:59.038Z] <<< [apiv2][body] GET https://cloudfunctions.googleapis.com/v2/projects/win-finder/locations/europe-west1/operations/operation-1762156077565-642abef0ac655-45b86aa9-9dedd24d {"name":"projects/win-finder/locations/europe-west1/operations/operation-1762156077565-642abef0ac655-45b86aa9-9dedd24d","metadata":{"@type":"type.googleapis.com/google.cloud.functions.v2.OperationMetadata","createTime":"2025-11-03T07:47:58.241500528Z","target":"projects/win-finder/locations/europe-west1/functions/update_results","verb":"create","cancelRequested":false,"apiVersion":"v2","requestResource":{"@type":"type.googleapis.com/google.cloud.functions.v2.Function","name":"projects/win-finder/locations/europe-west1/functions/update_results","buildConfig":{"runtime":"nodejs22","entryPoint":"update_results","source":{"storageSource":{"bucket":"gcf-v2-sources-684643143905-europe-west1","object":"update_results/function-source.zip","generation":"1762156077801777"}},"environmentVariables":{"GOOGLE_NODE_RUN_SCRIPTS":""},"serviceAccount":"projects/win-finder/serviceAccounts/684643143905-compute@developer.gserviceaccount.com","automaticUpdatePolicy":{}},"serviceConfig":{"service":"projects/win-finder/locations/europe-west1/services/update-results","timeoutSeconds":60,"environmentVariables":{"FIREBASE_CONFIG":"{\"projectId\":\"win-finder\",\"storageBucket\":\"win-finder.firebasestorage.app\"}","GCLOUD_PROJECT":"win-finder","EVENTARC_CLOUD_EVENT_SOURCE":"projects/win-finder/locations/europe-west1/services/update_results","FUNCTION_TARGET":"update_results","LOG_EXECUTION_ID":"true"},"ingressSettings":"ALLOW_ALL","serviceAccountEmail":"684643143905-compute@developer.gserviceaccount.com","availableMemory":"256Mi","maxInstanceRequestConcurrency":80,"availableCpu":"1"},"labels":{"deployment-tool":"cli-firebase","deployment-scheduled":"true","firebase-functions-hash":"ee75f44b903cf0e91e5c1d13a9a270a78387caeb"},"environment":"GEN_2"},"stages":[{"name":"BUILD","state":"NOT_STARTED"},{"name":"SERVICE","state":"NOT_STARTED"}],"operationType":"CREATE_FUNCTION"},"done":false}
[debug] [2025-11-03T07:48:00.040Z] [create-default-europe-west1-update_results] Retrying task index 0
[debug] [2025-11-03T07:48:00.044Z] Checked if tokens are valid: true, expires at: 1762158412358
[debug] [2025-11-03T07:48:00.045Z] Checked if tokens are valid: true, expires at: 1762158412358
[debug] [2025-11-03T07:48:00.045Z] >>> [apiv2][query] GET https://cloudfunctions.googleapis.com/v2/projects/win-finder/locations/europe-west1/operations/operation-1762156077565-642abef0ac655-45b86aa9-9dedd24d [none]
[debug] [2025-11-03T07:48:00.193Z] <<< [apiv2][status] GET https://cloudfunctions.googleapis.com/v2/projects/win-finder/locations/europe-west1/operations/operation-1762156077565-642abef0ac655-45b86aa9-9dedd24d 200
[debug] [2025-11-03T07:48:00.194Z] <<< [apiv2][body] GET https://cloudfunctions.googleapis.com/v2/projects/win-finder/locations/europe-west1/operations/operation-1762156077565-642abef0ac655-45b86aa9-9dedd24d {"name":"projects/win-finder/locations/europe-west1/operations/operation-1762156077565-642abef0ac655-45b86aa9-9dedd24d","metadata":{"@type":"type.googleapis.com/google.cloud.functions.v2.OperationMetadata","createTime":"2025-11-03T07:47:58.241500528Z","target":"projects/win-finder/locations/europe-west1/functions/update_results","verb":"create","cancelRequested":false,"apiVersion":"v2","requestResource":{"@type":"type.googleapis.com/google.cloud.functions.v2.Function","name":"projects/win-finder/locations/europe-west1/functions/update_results","buildConfig":{"runtime":"nodejs22","entryPoint":"update_results","source":{"storageSource":{"bucket":"gcf-v2-sources-684643143905-europe-west1","object":"update_results/function-source.zip","generation":"1762156077801777"}},"environmentVariables":{"GOOGLE_NODE_RUN_SCRIPTS":""},"serviceAccount":"projects/win-finder/serviceAccounts/684643143905-compute@developer.gserviceaccount.com","automaticUpdatePolicy":{}},"serviceConfig":{"service":"projects/win-finder/locations/europe-west1/services/update-results","timeoutSeconds":60,"environmentVariables":{"FIREBASE_CONFIG":"{\"projectId\":\"win-finder\",\"storageBucket\":\"win-finder.firebasestorage.app\"}","GCLOUD_PROJECT":"win-finder","EVENTARC_CLOUD_EVENT_SOURCE":"projects/win-finder/locations/europe-west1/services/update_results","FUNCTION_TARGET":"update_results","LOG_EXECUTION_ID":"true"},"ingressSettings":"ALLOW_ALL","serviceAccountEmail":"684643143905-compute@developer.gserviceaccount.com","availableMemory":"256Mi","maxInstanceRequestConcurrency":80,"availableCpu":"1"},"labels":{"deployment-tool":"cli-firebase","deployment-scheduled":"true","firebase-functions-hash":"ee75f44b903cf0e91e5c1d13a9a270a78387caeb"},"environment":"GEN_2"},"stages":[{"name":"BUILD","message":"Build in progress","state":"IN_PROGRESS","resource":"projects/684643143905/locations/europe-west1/builds/a86d7cab-c923-4c4c-8f4f-d54dfe490345","resourceUri":"https://console.cloud.google.com/cloud-build/builds;region=europe-west1/a86d7cab-c923-4c4c-8f4f-d54dfe490345?project=684643143905"},{"name":"SERVICE","state":"NOT_STARTED"}],"operationType":"CREATE_FUNCTION","buildName":"projects/684643143905/locations/europe-west1/builds/a86d7cab-c923-4c4c-8f4f-d54dfe490345"},"done":false}
[debug] [2025-11-03T07:48:02.195Z] [create-default-europe-west1-update_results] Retrying task index 0
[debug] [2025-11-03T07:48:02.196Z] Checked if tokens are valid: true, expires at: 1762158412358
[debug] [2025-11-03T07:48:02.196Z] Checked if tokens are valid: true, expires at: 1762158412358
[debug] [2025-11-03T07:48:02.197Z] >>> [apiv2][query] GET https://cloudfunctions.googleapis.com/v2/projects/win-finder/locations/europe-west1/operations/operation-1762156077565-642abef0ac655-45b86aa9-9dedd24d [none]
[debug] [2025-11-03T07:48:02.332Z] <<< [apiv2][status] GET https://cloudfunctions.googleapis.com/v2/projects/win-finder/locations/europe-west1/operations/operation-1762156077565-642abef0ac655-45b86aa9-9dedd24d 200
[debug] [2025-11-03T07:48:02.336Z] <<< [apiv2][body] GET https://cloudfunctions.googleapis.com/v2/projects/win-finder/locations/europe-west1/operations/operation-1762156077565-642abef0ac655-45b86aa9-9dedd24d {"name":"projects/win-finder/locations/europe-west1/operations/operation-1762156077565-642abef0ac655-45b86aa9-9dedd24d","metadata":{"@type":"type.googleapis.com/google.cloud.functions.v2.OperationMetadata","createTime":"2025-11-03T07:47:58.241500528Z","target":"projects/win-finder/locations/europe-west1/functions/update_results","verb":"create","cancelRequested":false,"apiVersion":"v2","requestResource":{"@type":"type.googleapis.com/google.cloud.functions.v2.Function","name":"projects/win-finder/locations/europe-west1/functions/update_results","buildConfig":{"runtime":"nodejs22","entryPoint":"update_results","source":{"storageSource":{"bucket":"gcf-v2-sources-684643143905-europe-west1","object":"update_results/function-source.zip","generation":"1762156077801777"}},"environmentVariables":{"GOOGLE_NODE_RUN_SCRIPTS":""},"serviceAccount":"projects/win-finder/serviceAccounts/684643143905-compute@developer.gserviceaccount.com","automaticUpdatePolicy":{}},"serviceConfig":{"service":"projects/win-finder/locations/europe-west1/services/update-results","timeoutSeconds":60,"environmentVariables":{"FIREBASE_CONFIG":"{\"projectId\":\"win-finder\",\"storageBucket\":\"win-finder.firebasestorage.app\"}","GCLOUD_PROJECT":"win-finder","EVENTARC_CLOUD_EVENT_SOURCE":"projects/win-finder/locations/europe-west1/services/update_results","FUNCTION_TARGET":"update_results","LOG_EXECUTION_ID":"true"},"ingressSettings":"ALLOW_ALL","serviceAccountEmail":"684643143905-compute@developer.gserviceaccount.com","availableMemory":"256Mi","maxInstanceRequestConcurrency":80,"availableCpu":"1"},"labels":{"deployment-tool":"cli-firebase","deployment-scheduled":"true","firebase-functions-hash":"ee75f44b903cf0e91e5c1d13a9a270a78387caeb"},"environment":"GEN_2"},"stages":[{"name":"BUILD","message":"Build in progress","state":"IN_PROGRESS","resource":"projects/684643143905/locations/europe-west1/builds/a86d7cab-c923-4c4c-8f4f-d54dfe490345","resourceUri":"https://console.cloud.google.com/cloud-build/builds;region=europe-west1/a86d7cab-c923-4c4c-8f4f-d54dfe490345?project=684643143905"},{"name":"SERVICE","state":"NOT_STARTED"}],"operationType":"CREATE_FUNCTION","buildName":"projects/684643143905/locations/europe-west1/builds/a86d7cab-c923-4c4c-8f4f-d54dfe490345"},"done":false}
[debug] [2025-11-03T07:48:06.338Z] [create-default-europe-west1-update_results] Retrying task index 0
[debug] [2025-11-03T07:48:06.340Z] Checked if tokens are valid: true, expires at: 1762158412358
[debug] [2025-11-03T07:48:06.340Z] Checked if tokens are valid: true, expires at: 1762158412358
[debug] [2025-11-03T07:48:06.340Z] >>> [apiv2][query] GET https://cloudfunctions.googleapis.com/v2/projects/win-finder/locations/europe-west1/operations/operation-1762156077565-642abef0ac655-45b86aa9-9dedd24d [none]
[debug] [2025-11-03T07:48:06.437Z] <<< [apiv2][status] GET https://cloudfunctions.googleapis.com/v2/projects/win-finder/locations/europe-west1/operations/operation-1762156077565-642abef0ac655-45b86aa9-9dedd24d 200
[debug] [2025-11-03T07:48:06.437Z] <<< [apiv2][body] GET https://cloudfunctions.googleapis.com/v2/projects/win-finder/locations/europe-west1/operations/operation-1762156077565-642abef0ac655-45b86aa9-9dedd24d {"name":"projects/win-finder/locations/europe-west1/operations/operation-1762156077565-642abef0ac655-45b86aa9-9dedd24d","metadata":{"@type":"type.googleapis.com/google.cloud.functions.v2.OperationMetadata","createTime":"2025-11-03T07:47:58.241500528Z","target":"projects/win-finder/locations/europe-west1/functions/update_results","verb":"create","cancelRequested":false,"apiVersion":"v2","requestResource":{"@type":"type.googleapis.com/google.cloud.functions.v2.Function","name":"projects/win-finder/locations/europe-west1/functions/update_results","buildConfig":{"runtime":"nodejs22","entryPoint":"update_results","source":{"storageSource":{"bucket":"gcf-v2-sources-684643143905-europe-west1","object":"update_results/function-source.zip","generation":"1762156077801777"}},"environmentVariables":{"GOOGLE_NODE_RUN_SCRIPTS":""},"serviceAccount":"projects/win-finder/serviceAccounts/684643143905-compute@developer.gserviceaccount.com","automaticUpdatePolicy":{}},"serviceConfig":{"service":"projects/win-finder/locations/europe-west1/services/update-results","timeoutSeconds":60,"environmentVariables":{"FIREBASE_CONFIG":"{\"projectId\":\"win-finder\",\"storageBucket\":\"win-finder.firebasestorage.app\"}","GCLOUD_PROJECT":"win-finder","EVENTARC_CLOUD_EVENT_SOURCE":"projects/win-finder/locations/europe-west1/services/update_results","FUNCTION_TARGET":"update_results","LOG_EXECUTION_ID":"true"},"ingressSettings":"ALLOW_ALL","serviceAccountEmail":"684643143905-compute@developer.gserviceaccount.com","availableMemory":"256Mi","maxInstanceRequestConcurrency":80,"availableCpu":"1"},"labels":{"deployment-tool":"cli-firebase","deployment-scheduled":"true","firebase-functions-hash":"ee75f44b903cf0e91e5c1d13a9a270a78387caeb"},"environment":"GEN_2"},"stages":[{"name":"BUILD","message":"Build in progress","state":"IN_PROGRESS","resource":"projects/684643143905/locations/europe-west1/builds/a86d7cab-c923-4c4c-8f4f-d54dfe490345","resourceUri":"https://console.cloud.google.com/cloud-build/builds;region=europe-west1/a86d7cab-c923-4c4c-8f4f-d54dfe490345?project=684643143905"},{"name":"SERVICE","state":"NOT_STARTED"}],"operationType":"CREATE_FUNCTION","buildName":"projects/684643143905/locations/europe-west1/builds/a86d7cab-c923-4c4c-8f4f-d54dfe490345"},"done":false}
[debug] [2025-11-03T07:48:14.438Z] [create-default-europe-west1-update_results] Retrying task index 0
[debug] [2025-11-03T07:48:14.440Z] Checked if tokens are valid: true, expires at: 1762158412358
[debug] [2025-11-03T07:48:14.441Z] Checked if tokens are valid: true, expires at: 1762158412358
[debug] [2025-11-03T07:48:14.441Z] >>> [apiv2][query] GET https://cloudfunctions.googleapis.com/v2/projects/win-finder/locations/europe-west1/operations/operation-1762156077565-642abef0ac655-45b86aa9-9dedd24d [none]
[debug] [2025-11-03T07:48:14.714Z] <<< [apiv2][status] GET https://cloudfunctions.googleapis.com/v2/projects/win-finder/locations/europe-west1/operations/operation-1762156077565-642abef0ac655-45b86aa9-9dedd24d 200
[debug] [2025-11-03T07:48:14.715Z] <<< [apiv2][body] GET https://cloudfunctions.googleapis.com/v2/projects/win-finder/locations/europe-west1/operations/operation-1762156077565-642abef0ac655-45b86aa9-9dedd24d {"name":"projects/win-finder/locations/europe-west1/operations/operation-1762156077565-642abef0ac655-45b86aa9-9dedd24d","metadata":{"@type":"type.googleapis.com/google.cloud.functions.v2.OperationMetadata","createTime":"2025-11-03T07:47:58.241500528Z","target":"projects/win-finder/locations/europe-west1/functions/update_results","verb":"create","cancelRequested":false,"apiVersion":"v2","requestResource":{"@type":"type.googleapis.com/google.cloud.functions.v2.Function","name":"projects/win-finder/locations/europe-west1/functions/update_results","buildConfig":{"runtime":"nodejs22","entryPoint":"update_results","source":{"storageSource":{"bucket":"gcf-v2-sources-684643143905-europe-west1","object":"update_results/function-source.zip","generation":"1762156077801777"}},"environmentVariables":{"GOOGLE_NODE_RUN_SCRIPTS":""},"serviceAccount":"projects/win-finder/serviceAccounts/684643143905-compute@developer.gserviceaccount.com","automaticUpdatePolicy":{}},"serviceConfig":{"service":"projects/win-finder/locations/europe-west1/services/update-results","timeoutSeconds":60,"environmentVariables":{"FIREBASE_CONFIG":"{\"projectId\":\"win-finder\",\"storageBucket\":\"win-finder.firebasestorage.app\"}","GCLOUD_PROJECT":"win-finder","EVENTARC_CLOUD_EVENT_SOURCE":"projects/win-finder/locations/europe-west1/services/update_results","FUNCTION_TARGET":"update_results","LOG_EXECUTION_ID":"true"},"ingressSettings":"ALLOW_ALL","serviceAccountEmail":"684643143905-compute@developer.gserviceaccount.com","availableMemory":"256Mi","maxInstanceRequestConcurrency":80,"availableCpu":"1"},"labels":{"deployment-tool":"cli-firebase","deployment-scheduled":"true","firebase-functions-hash":"ee75f44b903cf0e91e5c1d13a9a270a78387caeb"},"environment":"GEN_2"},"stages":[{"name":"BUILD","message":"Build in progress","state":"IN_PROGRESS","resource":"projects/684643143905/locations/europe-west1/builds/a86d7cab-c923-4c4c-8f4f-d54dfe490345","resourceUri":"https://console.cloud.google.com/cloud-build/builds;region=europe-west1/a86d7cab-c923-4c4c-8f4f-d54dfe490345?project=684643143905"},{"name":"SERVICE","state":"NOT_STARTED"}],"operationType":"CREATE_FUNCTION","buildName":"projects/684643143905/locations/europe-west1/builds/a86d7cab-c923-4c4c-8f4f-d54dfe490345"},"done":false}
[debug] [2025-11-03T07:48:24.716Z] [create-default-europe-west1-update_results] Retrying task index 0
[debug] [2025-11-03T07:48:24.720Z] Checked if tokens are valid: true, expires at: 1762158412358
[debug] [2025-11-03T07:48:24.721Z] Checked if tokens are valid: true, expires at: 1762158412358
[debug] [2025-11-03T07:48:24.721Z] >>> [apiv2][query] GET https://cloudfunctions.googleapis.com/v2/projects/win-finder/locations/europe-west1/operations/operation-1762156077565-642abef0ac655-45b86aa9-9dedd24d [none]
[debug] [2025-11-03T07:48:24.975Z] <<< [apiv2][status] GET https://cloudfunctions.googleapis.com/v2/projects/win-finder/locations/europe-west1/operations/operation-1762156077565-642abef0ac655-45b86aa9-9dedd24d 200
[debug] [2025-11-03T07:48:24.976Z] <<< [apiv2][body] GET https://cloudfunctions.googleapis.com/v2/projects/win-finder/locations/europe-west1/operations/operation-1762156077565-642abef0ac655-45b86aa9-9dedd24d {"name":"projects/win-finder/locations/europe-west1/operations/operation-1762156077565-642abef0ac655-45b86aa9-9dedd24d","metadata":{"@type":"type.googleapis.com/google.cloud.functions.v2.OperationMetadata","createTime":"2025-11-03T07:47:58.241500528Z","target":"projects/win-finder/locations/europe-west1/functions/update_results","verb":"create","cancelRequested":false,"apiVersion":"v2","requestResource":{"@type":"type.googleapis.com/google.cloud.functions.v2.Function","name":"projects/win-finder/locations/europe-west1/functions/update_results","buildConfig":{"runtime":"nodejs22","entryPoint":"update_results","source":{"storageSource":{"bucket":"gcf-v2-sources-684643143905-europe-west1","object":"update_results/function-source.zip","generation":"1762156077801777"}},"environmentVariables":{"GOOGLE_NODE_RUN_SCRIPTS":""},"serviceAccount":"projects/win-finder/serviceAccounts/684643143905-compute@developer.gserviceaccount.com","automaticUpdatePolicy":{}},"serviceConfig":{"service":"projects/win-finder/locations/europe-west1/services/update-results","timeoutSeconds":60,"environmentVariables":{"FIREBASE_CONFIG":"{\"projectId\":\"win-finder\",\"storageBucket\":\"win-finder.firebasestorage.app\"}","GCLOUD_PROJECT":"win-finder","EVENTARC_CLOUD_EVENT_SOURCE":"projects/win-finder/locations/europe-west1/services/update_results","FUNCTION_TARGET":"update_results","LOG_EXECUTION_ID":"true"},"ingressSettings":"ALLOW_ALL","serviceAccountEmail":"684643143905-compute@developer.gserviceaccount.com","availableMemory":"256Mi","maxInstanceRequestConcurrency":80,"availableCpu":"1"},"labels":{"deployment-tool":"cli-firebase","deployment-scheduled":"true","firebase-functions-hash":"ee75f44b903cf0e91e5c1d13a9a270a78387caeb"},"environment":"GEN_2"},"stages":[{"name":"BUILD","message":"Build in progress","state":"IN_PROGRESS","resource":"projects/684643143905/locations/europe-west1/builds/a86d7cab-c923-4c4c-8f4f-d54dfe490345","resourceUri":"https://console.cloud.google.com/cloud-build/builds;region=europe-west1/a86d7cab-c923-4c4c-8f4f-d54dfe490345?project=684643143905"},{"name":"SERVICE","state":"NOT_STARTED"}],"operationType":"CREATE_FUNCTION","buildName":"projects/684643143905/locations/europe-west1/builds/a86d7cab-c923-4c4c-8f4f-d54dfe490345"},"done":false}
[debug] [2025-11-03T07:48:34.978Z] [create-default-europe-west1-update_results] Retrying task index 0
[debug] [2025-11-03T07:48:34.979Z] Checked if tokens are valid: true, expires at: 1762158412358
[debug] [2025-11-03T07:48:34.979Z] Checked if tokens are valid: true, expires at: 1762158412358
[debug] [2025-11-03T07:48:34.980Z] >>> [apiv2][query] GET https://cloudfunctions.googleapis.com/v2/projects/win-finder/locations/europe-west1/operations/operation-1762156077565-642abef0ac655-45b86aa9-9dedd24d [none]
[debug] [2025-11-03T07:48:35.238Z] <<< [apiv2][status] GET https://cloudfunctions.googleapis.com/v2/projects/win-finder/locations/europe-west1/operations/operation-1762156077565-642abef0ac655-45b86aa9-9dedd24d 200
[debug] [2025-11-03T07:48:35.240Z] <<< [apiv2][body] GET https://cloudfunctions.googleapis.com/v2/projects/win-finder/locations/europe-west1/operations/operation-1762156077565-642abef0ac655-45b86aa9-9dedd24d {"name":"projects/win-finder/locations/europe-west1/operations/operation-1762156077565-642abef0ac655-45b86aa9-9dedd24d","metadata":{"@type":"type.googleapis.com/google.cloud.functions.v2.OperationMetadata","createTime":"2025-11-03T07:47:58.241500528Z","target":"projects/win-finder/locations/europe-west1/functions/update_results","verb":"create","cancelRequested":false,"apiVersion":"v2","requestResource":{"@type":"type.googleapis.com/google.cloud.functions.v2.Function","name":"projects/win-finder/locations/europe-west1/functions/update_results","buildConfig":{"runtime":"nodejs22","entryPoint":"update_results","source":{"storageSource":{"bucket":"gcf-v2-sources-684643143905-europe-west1","object":"update_results/function-source.zip","generation":"1762156077801777"}},"environmentVariables":{"GOOGLE_NODE_RUN_SCRIPTS":""},"serviceAccount":"projects/win-finder/serviceAccounts/684643143905-compute@developer.gserviceaccount.com","automaticUpdatePolicy":{}},"serviceConfig":{"service":"projects/win-finder/locations/europe-west1/services/update-results","timeoutSeconds":60,"environmentVariables":{"FIREBASE_CONFIG":"{\"projectId\":\"win-finder\",\"storageBucket\":\"win-finder.firebasestorage.app\"}","GCLOUD_PROJECT":"win-finder","EVENTARC_CLOUD_EVENT_SOURCE":"projects/win-finder/locations/europe-west1/services/update_results","FUNCTION_TARGET":"update_results","LOG_EXECUTION_ID":"true"},"ingressSettings":"ALLOW_ALL","serviceAccountEmail":"684643143905-compute@developer.gserviceaccount.com","availableMemory":"256Mi","maxInstanceRequestConcurrency":80,"availableCpu":"1"},"labels":{"deployment-tool":"cli-firebase","deployment-scheduled":"true","firebase-functions-hash":"ee75f44b903cf0e91e5c1d13a9a270a78387caeb"},"environment":"GEN_2"},"stages":[{"name":"BUILD","message":"Build in progress","state":"IN_PROGRESS","resource":"projects/684643143905/locations/europe-west1/builds/a86d7cab-c923-4c4c-8f4f-d54dfe490345","resourceUri":"https://console.cloud.google.com/cloud-build/builds;region=europe-west1/a86d7cab-c923-4c4c-8f4f-d54dfe490345?project=684643143905"},{"name":"SERVICE","state":"NOT_STARTED"}],"operationType":"CREATE_FUNCTION","buildName":"projects/684643143905/locations/europe-west1/builds/a86d7cab-c923-4c4c-8f4f-d54dfe490345"},"done":false}
[debug] [2025-11-03T07:48:45.241Z] [create-default-europe-west1-update_results] Retrying task index 0
[debug] [2025-11-03T07:48:45.242Z] Checked if tokens are valid: true, expires at: 1762158412358
[debug] [2025-11-03T07:48:45.242Z] Checked if tokens are valid: true, expires at: 1762158412358
[debug] [2025-11-03T07:48:45.243Z] >>> [apiv2][query] GET https://cloudfunctions.googleapis.com/v2/projects/win-finder/locations/europe-west1/operations/operation-1762156077565-642abef0ac655-45b86aa9-9dedd24d [none]
[debug] [2025-11-03T07:48:45.480Z] <<< [apiv2][status] GET https://cloudfunctions.googleapis.com/v2/projects/win-finder/locations/europe-west1/operations/operation-1762156077565-642abef0ac655-45b86aa9-9dedd24d 200
[debug] [2025-11-03T07:48:45.480Z] <<< [apiv2][body] GET https://cloudfunctions.googleapis.com/v2/projects/win-finder/locations/europe-west1/operations/operation-1762156077565-642abef0ac655-45b86aa9-9dedd24d {"name":"projects/win-finder/locations/europe-west1/operations/operation-1762156077565-642abef0ac655-45b86aa9-9dedd24d","metadata":{"@type":"type.googleapis.com/google.cloud.functions.v2.OperationMetadata","createTime":"2025-11-03T07:47:58.241500528Z","target":"projects/win-finder/locations/europe-west1/functions/update_results","verb":"create","cancelRequested":false,"apiVersion":"v2","requestResource":{"@type":"type.googleapis.com/google.cloud.functions.v2.Function","name":"projects/win-finder/locations/europe-west1/functions/update_results","buildConfig":{"runtime":"nodejs22","entryPoint":"update_results","source":{"storageSource":{"bucket":"gcf-v2-sources-684643143905-europe-west1","object":"update_results/function-source.zip","generation":"1762156077801777"}},"environmentVariables":{"GOOGLE_NODE_RUN_SCRIPTS":""},"serviceAccount":"projects/win-finder/serviceAccounts/684643143905-compute@developer.gserviceaccount.com","automaticUpdatePolicy":{}},"serviceConfig":{"service":"projects/win-finder/locations/europe-west1/services/update-results","timeoutSeconds":60,"environmentVariables":{"FIREBASE_CONFIG":"{\"projectId\":\"win-finder\",\"storageBucket\":\"win-finder.firebasestorage.app\"}","GCLOUD_PROJECT":"win-finder","EVENTARC_CLOUD_EVENT_SOURCE":"projects/win-finder/locations/europe-west1/services/update_results","FUNCTION_TARGET":"update_results","LOG_EXECUTION_ID":"true"},"ingressSettings":"ALLOW_ALL","serviceAccountEmail":"684643143905-compute@developer.gserviceaccount.com","availableMemory":"256Mi","maxInstanceRequestConcurrency":80,"availableCpu":"1"},"labels":{"deployment-tool":"cli-firebase","deployment-scheduled":"true","firebase-functions-hash":"ee75f44b903cf0e91e5c1d13a9a270a78387caeb"},"environment":"GEN_2"},"stages":[{"name":"BUILD","message":"Build in progress","state":"IN_PROGRESS","resource":"projects/684643143905/locations/europe-west1/builds/a86d7cab-c923-4c4c-8f4f-d54dfe490345","resourceUri":"https://console.cloud.google.com/cloud-build/builds;region=europe-west1/a86d7cab-c923-4c4c-8f4f-d54dfe490345?project=684643143905"},{"name":"SERVICE","state":"NOT_STARTED"}],"operationType":"CREATE_FUNCTION","buildName":"projects/684643143905/locations/europe-west1/builds/a86d7cab-c923-4c4c-8f4f-d54dfe490345"},"done":false}
[debug] [2025-11-03T07:48:55.483Z] [create-default-europe-west1-update_results] Retrying task index 0
[debug] [2025-11-03T07:48:55.486Z] Checked if tokens are valid: true, expires at: 1762158412358
[debug] [2025-11-03T07:48:55.488Z] Checked if tokens are valid: true, expires at: 1762158412358
[debug] [2025-11-03T07:48:55.489Z] >>> [apiv2][query] GET https://cloudfunctions.googleapis.com/v2/projects/win-finder/locations/europe-west1/operations/operation-1762156077565-642abef0ac655-45b86aa9-9dedd24d [none]
[debug] [2025-11-03T07:48:55.723Z] <<< [apiv2][status] GET https://cloudfunctions.googleapis.com/v2/projects/win-finder/locations/europe-west1/operations/operation-1762156077565-642abef0ac655-45b86aa9-9dedd24d 200
[debug] [2025-11-03T07:48:55.723Z] <<< [apiv2][body] GET https://cloudfunctions.googleapis.com/v2/projects/win-finder/locations/europe-west1/operations/operation-1762156077565-642abef0ac655-45b86aa9-9dedd24d {"name":"projects/win-finder/locations/europe-west1/operations/operation-1762156077565-642abef0ac655-45b86aa9-9dedd24d","metadata":{"@type":"type.googleapis.com/google.cloud.functions.v2.OperationMetadata","createTime":"2025-11-03T07:47:58.241500528Z","target":"projects/win-finder/locations/europe-west1/functions/update_results","verb":"create","cancelRequested":false,"apiVersion":"v2","requestResource":{"@type":"type.googleapis.com/google.cloud.functions.v2.Function","name":"projects/win-finder/locations/europe-west1/functions/update_results","buildConfig":{"runtime":"nodejs22","entryPoint":"update_results","source":{"storageSource":{"bucket":"gcf-v2-sources-684643143905-europe-west1","object":"update_results/function-source.zip","generation":"1762156077801777"}},"environmentVariables":{"GOOGLE_NODE_RUN_SCRIPTS":""},"serviceAccount":"projects/win-finder/serviceAccounts/684643143905-compute@developer.gserviceaccount.com","automaticUpdatePolicy":{}},"serviceConfig":{"service":"projects/win-finder/locations/europe-west1/services/update-results","timeoutSeconds":60,"environmentVariables":{"FIREBASE_CONFIG":"{\"projectId\":\"win-finder\",\"storageBucket\":\"win-finder.firebasestorage.app\"}","GCLOUD_PROJECT":"win-finder","EVENTARC_CLOUD_EVENT_SOURCE":"projects/win-finder/locations/europe-west1/services/update_results","FUNCTION_TARGET":"update_results","LOG_EXECUTION_ID":"true"},"ingressSettings":"ALLOW_ALL","serviceAccountEmail":"684643143905-compute@developer.gserviceaccount.com","availableMemory":"256Mi","maxInstanceRequestConcurrency":80,"availableCpu":"1"},"labels":{"deployment-tool":"cli-firebase","deployment-scheduled":"true","firebase-functions-hash":"ee75f44b903cf0e91e5c1d13a9a270a78387caeb"},"environment":"GEN_2"},"stages":[{"name":"BUILD","message":"Build finished","state":"COMPLETE","resource":"projects/684643143905/locations/europe-west1/builds/a86d7cab-c923-4c4c-8f4f-d54dfe490345","resourceUri":"https://console.cloud.google.com/cloud-build/builds;region=europe-west1/a86d7cab-c923-4c4c-8f4f-d54dfe490345?project=684643143905"},{"name":"SERVICE","message":"Creating Cloud Run service","state":"IN_PROGRESS","resource":"projects/win-finder/locations/europe-west1/services/update-results","resourceUri":"https://console.cloud.google.com/run/detail/europe-west1/update-results?project=win-finder"}],"sourceToken":"Clhwcm9qZWN0cy82ODQ2NDMxNDM5MDUvbG9jYXRpb25zL2V1cm9wZS13ZXN0MS9idWlsZHMvYTg2ZDdjYWItYzkyMy00YzRjLThmNGYtZDU0ZGZlNDkwMzQ1EmpldXJvcGUtd2VzdDEtZG9ja2VyLnBrZy5kZXYvd2luLWZpbmRlci9nY2YtYXJ0aWZhY3RzL3dpbi0tZmluZGVyX19ldXJvcGUtLXdlc3QxX191cGRhdGVfX3Jlc3VsdHM6dmVyc2lvbl8xGOGhpb/2EyJDcHJvamVjdHMvd2luLWZpbmRlci9sb2NhdGlvbnMvZXVyb3BlLXdlc3QxL2Z1bmN0aW9ucy91cGRhdGVfcmVzdWx0cyoMCN+8ocgGEMCDz4UBMghub2RlanMyMjp3CiNnY3IuaW8vZ2FlLXJ1bnRpbWVzL25vZGVqczIyOnN0YWJsZRJQZXVyb3BlLXdlc3QxLWRvY2tlci5wa2cuZGV2L3NlcnZlcmxlc3MtcnVudGltZXMvZ29vZ2xlLTIyLWZ1bGwvcnVudGltZXMvbm9kZWpzMjJAAQ==","operationType":"CREATE_FUNCTION","buildName":"projects/684643143905/locations/europe-west1/builds/a86d7cab-c923-4c4c-8f4f-d54dfe490345"},"done":false}
[debug] [2025-11-03T07:48:55.724Z] Got source token Clhwcm9qZWN0cy82ODQ2NDMxNDM5MDUvbG9jYXRpb25zL2V1cm9wZS13ZXN0MS9idWlsZHMvYTg2ZDdjYWItYzkyMy00YzRjLThmNGYtZDU0ZGZlNDkwMzQ1EmpldXJvcGUtd2VzdDEtZG9ja2VyLnBrZy5kZXYvd2luLWZpbmRlci9nY2YtYXJ0aWZhY3RzL3dpbi0tZmluZGVyX19ldXJvcGUtLXdlc3QxX191cGRhdGVfX3Jlc3VsdHM6dmVyc2lvbl8xGOGhpb/2EyJDcHJvamVjdHMvd2luLWZpbmRlci9sb2NhdGlvbnMvZXVyb3BlLXdlc3QxL2Z1bmN0aW9ucy91cGRhdGVfcmVzdWx0cyoMCN+8ocgGEMCDz4UBMghub2RlanMyMjp3CiNnY3IuaW8vZ2FlLXJ1bnRpbWVzL25vZGVqczIyOnN0YWJsZRJQZXVyb3BlLXdlc3QxLWRvY2tlci5wa2cuZGV2L3NlcnZlcmxlc3MtcnVudGltZXMvZ29vZ2xlLTIyLWZ1bGwvcnVudGltZXMvbm9kZWpzMjJAAQ== for region europe-west1
[debug] [2025-11-03T07:48:55.725Z] Checked if tokens are valid: true, expires at: 1762158412358
[debug] [2025-11-03T07:48:55.725Z] Checked if tokens are valid: true, expires at: 1762158412358
[debug] [2025-11-03T07:48:55.725Z] Checked if tokens are valid: true, expires at: 1762158412358
[debug] [2025-11-03T07:48:55.725Z] Checked if tokens are valid: true, expires at: 1762158412358
[debug] [2025-11-03T07:48:55.725Z] >>> [apiv2][query] POST https://cloudfunctions.googleapis.com/v2/projects/win-finder/locations/europe-west1/functions functionId=updateStandings
[debug] [2025-11-03T07:48:55.725Z] >>> [apiv2][body] POST https://cloudfunctions.googleapis.com/v2/projects/win-finder/locations/europe-west1/functions {"name":"projects/win-finder/locations/europe-west1/functions/updateStandings","buildConfig":{"runtime":"nodejs22","entryPoint":"updateStandings","source":{"storageSource":{"bucket":"gcf-v2-uploads-684643143905.europe-west1.cloudfunctions.appspot.com","object":"5dae8dc2-7e3c-4498-bca7-20227ddb9788.zip"}},"environmentVariables":{"GOOGLE_NODE_RUN_SCRIPTS":""},"sourceToken":"Clhwcm9qZWN0cy82ODQ2NDMxNDM5MDUvbG9jYXRpb25zL2V1cm9wZS13ZXN0MS9idWlsZHMvYTg2ZDdjYWItYzkyMy00YzRjLThmNGYtZDU0ZGZlNDkwMzQ1EmpldXJvcGUtd2VzdDEtZG9ja2VyLnBrZy5kZXYvd2luLWZpbmRlci9nY2YtYXJ0aWZhY3RzL3dpbi0tZmluZGVyX19ldXJvcGUtLXdlc3QxX191cGRhdGVfX3Jlc3VsdHM6dmVyc2lvbl8xGOGhpb/2EyJDcHJvamVjdHMvd2luLWZpbmRlci9sb2NhdGlvbnMvZXVyb3BlLXdlc3QxL2Z1bmN0aW9ucy91cGRhdGVfcmVzdWx0cyoMCN+8ocgGEMCDz4UBMghub2RlanMyMjp3CiNnY3IuaW8vZ2FlLXJ1bnRpbWVzL25vZGVqczIyOnN0YWJsZRJQZXVyb3BlLXdlc3QxLWRvY2tlci5wa2cuZGV2L3NlcnZlcmxlc3MtcnVudGltZXMvZ29vZ2xlLTIyLWZ1bGwvcnVudGltZXMvbm9kZWpzMjJAAQ=="},"serviceConfig":{"environmentVariables":{"FIREBASE_CONFIG":"{\"projectId\":\"win-finder\",\"storageBucket\":\"win-finder.firebasestorage.app\"}","GCLOUD_PROJECT":"win-finder","EVENTARC_CLOUD_EVENT_SOURCE":"projects/win-finder/locations/europe-west1/services/updateStandings","FUNCTION_TARGET":"updateStandings","LOG_EXECUTION_ID":"true"},"ingressSettings":null,"timeoutSeconds":null,"serviceAccountEmail":null,"availableMemory":"256Mi","minInstanceCount":null,"maxInstanceCount":null,"maxInstanceRequestConcurrency":80,"availableCpu":"1","vpcConnector":null,"vpcConnectorEgressSettings":null},"labels":{"deployment-tool":"cli-firebase","deployment-scheduled":"true","firebase-functions-hash":"ee75f44b903cf0e91e5c1d13a9a270a78387caeb"}}
[debug] [2025-11-03T07:48:55.728Z] >>> [apiv2][query] POST https://cloudfunctions.googleapis.com/v2/projects/win-finder/locations/europe-west1/functions functionId=cleanDatabase
[debug] [2025-11-03T07:48:55.728Z] >>> [apiv2][body] POST https://cloudfunctions.googleapis.com/v2/projects/win-finder/locations/europe-west1/functions {"name":"projects/win-finder/locations/europe-west1/functions/cleanDatabase","buildConfig":{"runtime":"nodejs22","entryPoint":"cleanDatabase","source":{"storageSource":{"bucket":"gcf-v2-uploads-684643143905.europe-west1.cloudfunctions.appspot.com","object":"5dae8dc2-7e3c-4498-bca7-20227ddb9788.zip"}},"environmentVariables":{"GOOGLE_NODE_RUN_SCRIPTS":""},"sourceToken":"Clhwcm9qZWN0cy82ODQ2NDMxNDM5MDUvbG9jYXRpb25zL2V1cm9wZS13ZXN0MS9idWlsZHMvYTg2ZDdjYWItYzkyMy00YzRjLThmNGYtZDU0ZGZlNDkwMzQ1EmpldXJvcGUtd2VzdDEtZG9ja2VyLnBrZy5kZXYvd2luLWZpbmRlci9nY2YtYXJ0aWZhY3RzL3dpbi0tZmluZGVyX19ldXJvcGUtLXdlc3QxX191cGRhdGVfX3Jlc3VsdHM6dmVyc2lvbl8xGOGhpb/2EyJDcHJvamVjdHMvd2luLWZpbmRlci9sb2NhdGlvbnMvZXVyb3BlLXdlc3QxL2Z1bmN0aW9ucy91cGRhdGVfcmVzdWx0cyoMCN+8ocgGEMCDz4UBMghub2RlanMyMjp3CiNnY3IuaW8vZ2FlLXJ1bnRpbWVzL25vZGVqczIyOnN0YWJsZRJQZXVyb3BlLXdlc3QxLWRvY2tlci5wa2cuZGV2L3NlcnZlcmxlc3MtcnVudGltZXMvZ29vZ2xlLTIyLWZ1bGwvcnVudGltZXMvbm9kZWpzMjJAAQ=="},"serviceConfig":{"environmentVariables":{"FIREBASE_CONFIG":"{\"projectId\":\"win-finder\",\"storageBucket\":\"win-finder.firebasestorage.app\"}","GCLOUD_PROJECT":"win-finder","EVENTARC_CLOUD_EVENT_SOURCE":"projects/win-finder/locations/europe-west1/services/cleanDatabase","FUNCTION_TARGET":"cleanDatabase","LOG_EXECUTION_ID":"true"},"ingressSettings":null,"timeoutSeconds":null,"serviceAccountEmail":null,"availableMemory":"256Mi","minInstanceCount":null,"maxInstanceCount":null,"maxInstanceRequestConcurrency":80,"availableCpu":"1","vpcConnector":null,"vpcConnectorEgressSettings":null},"labels":{"deployment-tool":"cli-firebase","deployment-scheduled":"true","firebase-functions-hash":"ee75f44b903cf0e91e5c1d13a9a270a78387caeb"}}
[debug] [2025-11-03T07:48:56.529Z] <<< [apiv2][status] POST https://cloudfunctions.googleapis.com/v2/projects/win-finder/locations/europe-west1/functions 200
[debug] [2025-11-03T07:48:56.530Z] <<< [apiv2][body] POST https://cloudfunctions.googleapis.com/v2/projects/win-finder/locations/europe-west1/functions {"name":"projects/win-finder/locations/europe-west1/operations/operation-1762156136018-642abf286b23a-609aad9b-475ae42e","metadata":{"@type":"type.googleapis.com/google.cloud.functions.v2.OperationMetadata","createTime":"2025-11-03T07:48:56.565234820Z","target":"projects/win-finder/locations/europe-west1/functions/cleanDatabase","verb":"create","cancelRequested":false,"apiVersion":"v2"},"done":false}
[debug] [2025-11-03T07:48:56.531Z] Checked if tokens are valid: true, expires at: 1762158412358
[debug] [2025-11-03T07:48:56.531Z] Checked if tokens are valid: true, expires at: 1762158412358
[debug] [2025-11-03T07:48:56.531Z] >>> [apiv2][query] GET https://cloudfunctions.googleapis.com/v2/projects/win-finder/locations/europe-west1/operations/operation-1762156136018-642abf286b23a-609aad9b-475ae42e [none]
[debug] [2025-11-03T07:48:56.533Z] <<< [apiv2][status] POST https://cloudfunctions.googleapis.com/v2/projects/win-finder/locations/europe-west1/functions 200
[debug] [2025-11-03T07:48:56.533Z] <<< [apiv2][body] POST https://cloudfunctions.googleapis.com/v2/projects/win-finder/locations/europe-west1/functions {"name":"projects/win-finder/locations/europe-west1/operations/operation-1762156135921-642abf285391e-525ec69e-20f3106d","metadata":{"@type":"type.googleapis.com/google.cloud.functions.v2.OperationMetadata","createTime":"2025-11-03T07:48:56.510573040Z","target":"projects/win-finder/locations/europe-west1/functions/updateStandings","verb":"create","cancelRequested":false,"apiVersion":"v2"},"done":false}
[debug] [2025-11-03T07:48:56.533Z] Checked if tokens are valid: true, expires at: 1762158412358
[debug] [2025-11-03T07:48:56.533Z] Checked if tokens are valid: true, expires at: 1762158412358
[debug] [2025-11-03T07:48:56.533Z] >>> [apiv2][query] GET https://cloudfunctions.googleapis.com/v2/projects/win-finder/locations/europe-west1/operations/operation-1762156135921-642abf285391e-525ec69e-20f3106d [none]
[debug] [2025-11-03T07:48:56.826Z] <<< [apiv2][status] GET https://cloudfunctions.googleapis.com/v2/projects/win-finder/locations/europe-west1/operations/operation-1762156136018-642abf286b23a-609aad9b-475ae42e 200
[debug] [2025-11-03T07:48:56.826Z] <<< [apiv2][body] GET https://cloudfunctions.googleapis.com/v2/projects/win-finder/locations/europe-west1/operations/operation-1762156136018-642abf286b23a-609aad9b-475ae42e {"name":"projects/win-finder/locations/europe-west1/operations/operation-1762156136018-642abf286b23a-609aad9b-475ae42e","metadata":{"@type":"type.googleapis.com/google.cloud.functions.v2.OperationMetadata","createTime":"2025-11-03T07:48:56.565234820Z","target":"projects/win-finder/locations/europe-west1/functions/cleanDatabase","verb":"create","cancelRequested":false,"apiVersion":"v2","requestResource":{"@type":"type.googleapis.com/google.cloud.functions.v2.Function","name":"projects/win-finder/locations/europe-west1/functions/cleanDatabase","buildConfig":{"runtime":"nodejs22","entryPoint":"cleanDatabase","source":{"storageSource":{"bucket":"gcf-v2-sources-684643143905-europe-west1","object":"cleanDatabase/function-source.zip","generation":"1762156136214262"}},"environmentVariables":{"GOOGLE_NODE_RUN_SCRIPTS":""},"sourceToken":"Clhwcm9qZWN0cy82ODQ2NDMxNDM5MDUvbG9jYXRpb25zL2V1cm9wZS13ZXN0MS9idWlsZHMvYTg2ZDdjYWItYzkyMy00YzRjLThmNGYtZDU0ZGZlNDkwMzQ1EmpldXJvcGUtd2VzdDEtZG9ja2VyLnBrZy5kZXYvd2luLWZpbmRlci9nY2YtYXJ0aWZhY3RzL3dpbi0tZmluZGVyX19ldXJvcGUtLXdlc3QxX191cGRhdGVfX3Jlc3VsdHM6dmVyc2lvbl8xGOGhpb/2EyJDcHJvamVjdHMvd2luLWZpbmRlci9sb2NhdGlvbnMvZXVyb3BlLXdlc3QxL2Z1bmN0aW9ucy91cGRhdGVfcmVzdWx0cyoMCN+8ocgGEMCDz4UBMghub2RlanMyMjp3CiNnY3IuaW8vZ2FlLXJ1bnRpbWVzL25vZGVqczIyOnN0YWJsZRJQZXVyb3BlLXdlc3QxLWRvY2tlci5wa2cuZGV2L3NlcnZlcmxlc3MtcnVudGltZXMvZ29vZ2xlLTIyLWZ1bGwvcnVudGltZXMvbm9kZWpzMjJAAQ==","serviceAccount":"projects/win-finder/serviceAccounts/684643143905-compute@developer.gserviceaccount.com","automaticUpdatePolicy":{}},"serviceConfig":{"service":"projects/win-finder/locations/europe-west1/services/cleandatabase","timeoutSeconds":60,"environmentVariables":{"FIREBASE_CONFIG":"{\"projectId\":\"win-finder\",\"storageBucket\":\"win-finder.firebasestorage.app\"}","GCLOUD_PROJECT":"win-finder","EVENTARC_CLOUD_EVENT_SOURCE":"projects/win-finder/locations/europe-west1/services/cleanDatabase","FUNCTION_TARGET":"cleanDatabase","LOG_EXECUTION_ID":"true","FUNCTION_SIGNATURE_TYPE":"http"},"ingressSettings":"ALLOW_ALL","serviceAccountEmail":"684643143905-compute@developer.gserviceaccount.com","availableMemory":"256Mi","maxInstanceRequestConcurrency":80,"availableCpu":"1"},"labels":{"deployment-tool":"cli-firebase","deployment-scheduled":"true","firebase-functions-hash":"ee75f44b903cf0e91e5c1d13a9a270a78387caeb"},"environment":"GEN_2"},"stages":[{"name":"BUILD","message":"Reusing build","state":"COMPLETE","resource":"projects/684643143905/locations/europe-west1/builds/a86d7cab-c923-4c4c-8f4f-d54dfe490345"},{"name":"SERVICE","state":"NOT_STARTED"}],"sourceToken":"Clhwcm9qZWN0cy82ODQ2NDMxNDM5MDUvbG9jYXRpb25zL2V1cm9wZS13ZXN0MS9idWlsZHMvYTg2ZDdjYWItYzkyMy00YzRjLThmNGYtZDU0ZGZlNDkwMzQ1EmpldXJvcGUtd2VzdDEtZG9ja2VyLnBrZy5kZXYvd2luLWZpbmRlci9nY2YtYXJ0aWZhY3RzL3dpbi0tZmluZGVyX19ldXJvcGUtLXdlc3QxX191cGRhdGVfX3Jlc3VsdHM6dmVyc2lvbl8xGOGhpb/2EyJDcHJvamVjdHMvd2luLWZpbmRlci9sb2NhdGlvbnMvZXVyb3BlLXdlc3QxL2Z1bmN0aW9ucy91cGRhdGVfcmVzdWx0cyoMCN+8ocgGEMCDz4UBMghub2RlanMyMjp3CiNnY3IuaW8vZ2FlLXJ1bnRpbWVzL25vZGVqczIyOnN0YWJsZRJQZXVyb3BlLXdlc3QxLWRvY2tlci5wa2cuZGV2L3NlcnZlcmxlc3MtcnVudGltZXMvZ29vZ2xlLTIyLWZ1bGwvcnVudGltZXMvbm9kZWpzMjJAAQ==","operationType":"CREATE_FUNCTION","buildName":"projects/684643143905/locations/europe-west1/builds/a86d7cab-c923-4c4c-8f4f-d54dfe490345"},"done":false}
[debug] [2025-11-03T07:48:56.827Z] Got source token Clhwcm9qZWN0cy82ODQ2NDMxNDM5MDUvbG9jYXRpb25zL2V1cm9wZS13ZXN0MS9idWlsZHMvYTg2ZDdjYWItYzkyMy00YzRjLThmNGYtZDU0ZGZlNDkwMzQ1EmpldXJvcGUtd2VzdDEtZG9ja2VyLnBrZy5kZXYvd2luLWZpbmRlci9nY2YtYXJ0aWZhY3RzL3dpbi0tZmluZGVyX19ldXJvcGUtLXdlc3QxX191cGRhdGVfX3Jlc3VsdHM6dmVyc2lvbl8xGOGhpb/2EyJDcHJvamVjdHMvd2luLWZpbmRlci9sb2NhdGlvbnMvZXVyb3BlLXdlc3QxL2Z1bmN0aW9ucy91cGRhdGVfcmVzdWx0cyoMCN+8ocgGEMCDz4UBMghub2RlanMyMjp3CiNnY3IuaW8vZ2FlLXJ1bnRpbWVzL25vZGVqczIyOnN0YWJsZRJQZXVyb3BlLXdlc3QxLWRvY2tlci5wa2cuZGV2L3NlcnZlcmxlc3MtcnVudGltZXMvZ29vZ2xlLTIyLWZ1bGwvcnVudGltZXMvbm9kZWpzMjJAAQ== for region europe-west1
[debug] [2025-11-03T07:48:56.918Z] <<< [apiv2][status] GET https://cloudfunctions.googleapis.com/v2/projects/win-finder/locations/europe-west1/operations/operation-1762156135921-642abf285391e-525ec69e-20f3106d 200
[debug] [2025-11-03T07:48:56.918Z] <<< [apiv2][body] GET https://cloudfunctions.googleapis.com/v2/projects/win-finder/locations/europe-west1/operations/operation-1762156135921-642abf285391e-525ec69e-20f3106d {"name":"projects/win-finder/locations/europe-west1/operations/operation-1762156135921-642abf285391e-525ec69e-20f3106d","metadata":{"@type":"type.googleapis.com/google.cloud.functions.v2.OperationMetadata","createTime":"2025-11-03T07:48:56.510573040Z","target":"projects/win-finder/locations/europe-west1/functions/updateStandings","verb":"create","cancelRequested":false,"apiVersion":"v2","requestResource":{"@type":"type.googleapis.com/google.cloud.functions.v2.Function","name":"projects/win-finder/locations/europe-west1/functions/updateStandings","buildConfig":{"runtime":"nodejs22","entryPoint":"updateStandings","source":{"storageSource":{"bucket":"gcf-v2-sources-684643143905-europe-west1","object":"updateStandings/function-source.zip","generation":"1762156136120801"}},"environmentVariables":{"GOOGLE_NODE_RUN_SCRIPTS":""},"sourceToken":"Clhwcm9qZWN0cy82ODQ2NDMxNDM5MDUvbG9jYXRpb25zL2V1cm9wZS13ZXN0MS9idWlsZHMvYTg2ZDdjYWItYzkyMy00YzRjLThmNGYtZDU0ZGZlNDkwMzQ1EmpldXJvcGUtd2VzdDEtZG9ja2VyLnBrZy5kZXYvd2luLWZpbmRlci9nY2YtYXJ0aWZhY3RzL3dpbi0tZmluZGVyX19ldXJvcGUtLXdlc3QxX191cGRhdGVfX3Jlc3VsdHM6dmVyc2lvbl8xGOGhpb/2EyJDcHJvamVjdHMvd2luLWZpbmRlci9sb2NhdGlvbnMvZXVyb3BlLXdlc3QxL2Z1bmN0aW9ucy91cGRhdGVfcmVzdWx0cyoMCN+8ocgGEMCDz4UBMghub2RlanMyMjp3CiNnY3IuaW8vZ2FlLXJ1bnRpbWVzL25vZGVqczIyOnN0YWJsZRJQZXVyb3BlLXdlc3QxLWRvY2tlci5wa2cuZGV2L3NlcnZlcmxlc3MtcnVudGltZXMvZ29vZ2xlLTIyLWZ1bGwvcnVudGltZXMvbm9kZWpzMjJAAQ==","serviceAccount":"projects/win-finder/serviceAccounts/684643143905-compute@developer.gserviceaccount.com","automaticUpdatePolicy":{}},"serviceConfig":{"service":"projects/win-finder/locations/europe-west1/services/updatestandings","timeoutSeconds":60,"environmentVariables":{"FIREBASE_CONFIG":"{\"projectId\":\"win-finder\",\"storageBucket\":\"win-finder.firebasestorage.app\"}","GCLOUD_PROJECT":"win-finder","EVENTARC_CLOUD_EVENT_SOURCE":"projects/win-finder/locations/europe-west1/services/updateStandings","FUNCTION_TARGET":"updateStandings","LOG_EXECUTION_ID":"true","FUNCTION_SIGNATURE_TYPE":"http"},"ingressSettings":"ALLOW_ALL","serviceAccountEmail":"684643143905-compute@developer.gserviceaccount.com","availableMemory":"256Mi","maxInstanceRequestConcurrency":80,"availableCpu":"1"},"labels":{"deployment-tool":"cli-firebase","deployment-scheduled":"true","firebase-functions-hash":"ee75f44b903cf0e91e5c1d13a9a270a78387caeb"},"environment":"GEN_2"},"stages":[{"name":"BUILD","message":"Reusing build","state":"COMPLETE","resource":"projects/684643143905/locations/europe-west1/builds/a86d7cab-c923-4c4c-8f4f-d54dfe490345"},{"name":"SERVICE","state":"NOT_STARTED"}],"sourceToken":"Clhwcm9qZWN0cy82ODQ2NDMxNDM5MDUvbG9jYXRpb25zL2V1cm9wZS13ZXN0MS9idWlsZHMvYTg2ZDdjYWItYzkyMy00YzRjLThmNGYtZDU0ZGZlNDkwMzQ1EmpldXJvcGUtd2VzdDEtZG9ja2VyLnBrZy5kZXYvd2luLWZpbmRlci9nY2YtYXJ0aWZhY3RzL3dpbi0tZmluZGVyX19ldXJvcGUtLXdlc3QxX191cGRhdGVfX3Jlc3VsdHM6dmVyc2lvbl8xGOGhpb/2EyJDcHJvamVjdHMvd2luLWZpbmRlci9sb2NhdGlvbnMvZXVyb3BlLXdlc3QxL2Z1bmN0aW9ucy91cGRhdGVfcmVzdWx0cyoMCN+8ocgGEMCDz4UBMghub2RlanMyMjp3CiNnY3IuaW8vZ2FlLXJ1bnRpbWVzL25vZGVqczIyOnN0YWJsZRJQZXVyb3BlLXdlc3QxLWRvY2tlci5wa2cuZGV2L3NlcnZlcmxlc3MtcnVudGltZXMvZ29vZ2xlLTIyLWZ1bGwvcnVudGltZXMvbm9kZWpzMjJAAQ==","operationType":"CREATE_FUNCTION","buildName":"projects/684643143905/locations/europe-west1/builds/a86d7cab-c923-4c4c-8f4f-d54dfe490345"},"done":false}
[debug] [2025-11-03T07:48:56.919Z] Got source token Clhwcm9qZWN0cy82ODQ2NDMxNDM5MDUvbG9jYXRpb25zL2V1cm9wZS13ZXN0MS9idWlsZHMvYTg2ZDdjYWItYzkyMy00YzRjLThmNGYtZDU0ZGZlNDkwMzQ1EmpldXJvcGUtd2VzdDEtZG9ja2VyLnBrZy5kZXYvd2luLWZpbmRlci9nY2YtYXJ0aWZhY3RzL3dpbi0tZmluZGVyX19ldXJvcGUtLXdlc3QxX191cGRhdGVfX3Jlc3VsdHM6dmVyc2lvbl8xGOGhpb/2EyJDcHJvamVjdHMvd2luLWZpbmRlci9sb2NhdGlvbnMvZXVyb3BlLXdlc3QxL2Z1bmN0aW9ucy91cGRhdGVfcmVzdWx0cyoMCN+8ocgGEMCDz4UBMghub2RlanMyMjp3CiNnY3IuaW8vZ2FlLXJ1bnRpbWVzL25vZGVqczIyOnN0YWJsZRJQZXVyb3BlLXdlc3QxLWRvY2tlci5wa2cuZGV2L3NlcnZlcmxlc3MtcnVudGltZXMvZ29vZ2xlLTIyLWZ1bGwvcnVudGltZXMvbm9kZWpzMjJAAQ== for region europe-west1
[debug] [2025-11-03T07:48:57.328Z] [create-default-europe-west1-cleanDatabase] Retrying task index 0
[debug] [2025-11-03T07:48:57.329Z] Checked if tokens are valid: true, expires at: 1762158412358
[debug] [2025-11-03T07:48:57.330Z] Checked if tokens are valid: true, expires at: 1762158412358
[debug] [2025-11-03T07:48:57.330Z] >>> [apiv2][query] GET https://cloudfunctions.googleapis.com/v2/projects/win-finder/locations/europe-west1/operations/operation-1762156136018-642abf286b23a-609aad9b-475ae42e [none]
[debug] [2025-11-03T07:48:57.420Z] [create-default-europe-west1-updateStandings] Retrying task index 0
[debug] [2025-11-03T07:48:57.421Z] Checked if tokens are valid: true, expires at: 1762158412358
[debug] [2025-11-03T07:48:57.421Z] Checked if tokens are valid: true, expires at: 1762158412358
[debug] [2025-11-03T07:48:57.422Z] >>> [apiv2][query] GET https://cloudfunctions.googleapis.com/v2/projects/win-finder/locations/europe-west1/operations/operation-1762156135921-642abf285391e-525ec69e-20f3106d [none]
[debug] [2025-11-03T07:48:57.471Z] <<< [apiv2][status] GET https://cloudfunctions.googleapis.com/v2/projects/win-finder/locations/europe-west1/operations/operation-1762156136018-642abf286b23a-609aad9b-475ae42e 200
[debug] [2025-11-03T07:48:57.471Z] <<< [apiv2][body] GET https://cloudfunctions.googleapis.com/v2/projects/win-finder/locations/europe-west1/operations/operation-1762156136018-642abf286b23a-609aad9b-475ae42e {"name":"projects/win-finder/locations/europe-west1/operations/operation-1762156136018-642abf286b23a-609aad9b-475ae42e","metadata":{"@type":"type.googleapis.com/google.cloud.functions.v2.OperationMetadata","createTime":"2025-11-03T07:48:56.565234820Z","target":"projects/win-finder/locations/europe-west1/functions/cleanDatabase","verb":"create","cancelRequested":false,"apiVersion":"v2","requestResource":{"@type":"type.googleapis.com/google.cloud.functions.v2.Function","name":"projects/win-finder/locations/europe-west1/functions/cleanDatabase","buildConfig":{"runtime":"nodejs22","entryPoint":"cleanDatabase","source":{"storageSource":{"bucket":"gcf-v2-sources-684643143905-europe-west1","object":"cleanDatabase/function-source.zip","generation":"1762156136214262"}},"environmentVariables":{"GOOGLE_NODE_RUN_SCRIPTS":""},"sourceToken":"Clhwcm9qZWN0cy82ODQ2NDMxNDM5MDUvbG9jYXRpb25zL2V1cm9wZS13ZXN0MS9idWlsZHMvYTg2ZDdjYWItYzkyMy00YzRjLThmNGYtZDU0ZGZlNDkwMzQ1EmpldXJvcGUtd2VzdDEtZG9ja2VyLnBrZy5kZXYvd2luLWZpbmRlci9nY2YtYXJ0aWZhY3RzL3dpbi0tZmluZGVyX19ldXJvcGUtLXdlc3QxX191cGRhdGVfX3Jlc3VsdHM6dmVyc2lvbl8xGOGhpb/2EyJDcHJvamVjdHMvd2luLWZpbmRlci9sb2NhdGlvbnMvZXVyb3BlLXdlc3QxL2Z1bmN0aW9ucy91cGRhdGVfcmVzdWx0cyoMCN+8ocgGEMCDz4UBMghub2RlanMyMjp3CiNnY3IuaW8vZ2FlLXJ1bnRpbWVzL25vZGVqczIyOnN0YWJsZRJQZXVyb3BlLXdlc3QxLWRvY2tlci5wa2cuZGV2L3NlcnZlcmxlc3MtcnVudGltZXMvZ29vZ2xlLTIyLWZ1bGwvcnVudGltZXMvbm9kZWpzMjJAAQ==","serviceAccount":"projects/win-finder/serviceAccounts/684643143905-compute@developer.gserviceaccount.com","automaticUpdatePolicy":{}},"serviceConfig":{"service":"projects/win-finder/locations/europe-west1/services/cleandatabase","timeoutSeconds":60,"environmentVariables":{"FIREBASE_CONFIG":"{\"projectId\":\"win-finder\",\"storageBucket\":\"win-finder.firebasestorage.app\"}","GCLOUD_PROJECT":"win-finder","EVENTARC_CLOUD_EVENT_SOURCE":"projects/win-finder/locations/europe-west1/services/cleanDatabase","FUNCTION_TARGET":"cleanDatabase","LOG_EXECUTION_ID":"true","FUNCTION_SIGNATURE_TYPE":"http"},"ingressSettings":"ALLOW_ALL","serviceAccountEmail":"684643143905-compute@developer.gserviceaccount.com","availableMemory":"256Mi","maxInstanceRequestConcurrency":80,"availableCpu":"1"},"labels":{"deployment-tool":"cli-firebase","deployment-scheduled":"true","firebase-functions-hash":"ee75f44b903cf0e91e5c1d13a9a270a78387caeb"},"environment":"GEN_2"},"stages":[{"name":"BUILD","message":"Reusing build","state":"COMPLETE","resource":"projects/684643143905/locations/europe-west1/builds/a86d7cab-c923-4c4c-8f4f-d54dfe490345"},{"name":"SERVICE","message":"Creating Cloud Run service","state":"IN_PROGRESS","resource":"projects/win-finder/locations/europe-west1/services/cleandatabase","resourceUri":"https://console.cloud.google.com/run/detail/europe-west1/cleandatabase?project=win-finder"}],"sourceToken":"Clhwcm9qZWN0cy82ODQ2NDMxNDM5MDUvbG9jYXRpb25zL2V1cm9wZS13ZXN0MS9idWlsZHMvYTg2ZDdjYWItYzkyMy00YzRjLThmNGYtZDU0ZGZlNDkwMzQ1EmpldXJvcGUtd2VzdDEtZG9ja2VyLnBrZy5kZXYvd2luLWZpbmRlci9nY2YtYXJ0aWZhY3RzL3dpbi0tZmluZGVyX19ldXJvcGUtLXdlc3QxX191cGRhdGVfX3Jlc3VsdHM6dmVyc2lvbl8xGOGhpb/2EyJDcHJvamVjdHMvd2luLWZpbmRlci9sb2NhdGlvbnMvZXVyb3BlLXdlc3QxL2Z1bmN0aW9ucy91cGRhdGVfcmVzdWx0cyoMCN+8ocgGEMCDz4UBMghub2RlanMyMjp3CiNnY3IuaW8vZ2FlLXJ1bnRpbWVzL25vZGVqczIyOnN0YWJsZRJQZXVyb3BlLXdlc3QxLWRvY2tlci5wa2cuZGV2L3NlcnZlcmxlc3MtcnVudGltZXMvZ29vZ2xlLTIyLWZ1bGwvcnVudGltZXMvbm9kZWpzMjJAAQ==","operationType":"CREATE_FUNCTION","buildName":"projects/684643143905/locations/europe-west1/builds/a86d7cab-c923-4c4c-8f4f-d54dfe490345"},"done":false}
[debug] [2025-11-03T07:48:57.473Z] Got source token Clhwcm9qZWN0cy82ODQ2NDMxNDM5MDUvbG9jYXRpb25zL2V1cm9wZS13ZXN0MS9idWlsZHMvYTg2ZDdjYWItYzkyMy00YzRjLThmNGYtZDU0ZGZlNDkwMzQ1EmpldXJvcGUtd2VzdDEtZG9ja2VyLnBrZy5kZXYvd2luLWZpbmRlci9nY2YtYXJ0aWZhY3RzL3dpbi0tZmluZGVyX19ldXJvcGUtLXdlc3QxX191cGRhdGVfX3Jlc3VsdHM6dmVyc2lvbl8xGOGhpb/2EyJDcHJvamVjdHMvd2luLWZpbmRlci9sb2NhdGlvbnMvZXVyb3BlLXdlc3QxL2Z1bmN0aW9ucy91cGRhdGVfcmVzdWx0cyoMCN+8ocgGEMCDz4UBMghub2RlanMyMjp3CiNnY3IuaW8vZ2FlLXJ1bnRpbWVzL25vZGVqczIyOnN0YWJsZRJQZXVyb3BlLXdlc3QxLWRvY2tlci5wa2cuZGV2L3NlcnZlcmxlc3MtcnVudGltZXMvZ29vZ2xlLTIyLWZ1bGwvcnVudGltZXMvbm9kZWpzMjJAAQ== for region europe-west1
[debug] [2025-11-03T07:48:57.549Z] <<< [apiv2][status] GET https://cloudfunctions.googleapis.com/v2/projects/win-finder/locations/europe-west1/operations/operation-1762156135921-642abf285391e-525ec69e-20f3106d 200
[debug] [2025-11-03T07:48:57.553Z] <<< [apiv2][body] GET https://cloudfunctions.googleapis.com/v2/projects/win-finder/locations/europe-west1/operations/operation-1762156135921-642abf285391e-525ec69e-20f3106d {"name":"projects/win-finder/locations/europe-west1/operations/operation-1762156135921-642abf285391e-525ec69e-20f3106d","metadata":{"@type":"type.googleapis.com/google.cloud.functions.v2.OperationMetadata","createTime":"2025-11-03T07:48:56.510573040Z","target":"projects/win-finder/locations/europe-west1/functions/updateStandings","verb":"create","cancelRequested":false,"apiVersion":"v2","requestResource":{"@type":"type.googleapis.com/google.cloud.functions.v2.Function","name":"projects/win-finder/locations/europe-west1/functions/updateStandings","buildConfig":{"runtime":"nodejs22","entryPoint":"updateStandings","source":{"storageSource":{"bucket":"gcf-v2-sources-684643143905-europe-west1","object":"updateStandings/function-source.zip","generation":"1762156136120801"}},"environmentVariables":{"GOOGLE_NODE_RUN_SCRIPTS":""},"sourceToken":"Clhwcm9qZWN0cy82ODQ2NDMxNDM5MDUvbG9jYXRpb25zL2V1cm9wZS13ZXN0MS9idWlsZHMvYTg2ZDdjYWItYzkyMy00YzRjLThmNGYtZDU0ZGZlNDkwMzQ1EmpldXJvcGUtd2VzdDEtZG9ja2VyLnBrZy5kZXYvd2luLWZpbmRlci9nY2YtYXJ0aWZhY3RzL3dpbi0tZmluZGVyX19ldXJvcGUtLXdlc3QxX191cGRhdGVfX3Jlc3VsdHM6dmVyc2lvbl8xGOGhpb/2EyJDcHJvamVjdHMvd2luLWZpbmRlci9sb2NhdGlvbnMvZXVyb3BlLXdlc3QxL2Z1bmN0aW9ucy91cGRhdGVfcmVzdWx0cyoMCN+8ocgGEMCDz4UBMghub2RlanMyMjp3CiNnY3IuaW8vZ2FlLXJ1bnRpbWVzL25vZGVqczIyOnN0YWJsZRJQZXVyb3BlLXdlc3QxLWRvY2tlci5wa2cuZGV2L3NlcnZlcmxlc3MtcnVudGltZXMvZ29vZ2xlLTIyLWZ1bGwvcnVudGltZXMvbm9kZWpzMjJAAQ==","serviceAccount":"projects/win-finder/serviceAccounts/684643143905-compute@developer.gserviceaccount.com","automaticUpdatePolicy":{}},"serviceConfig":{"service":"projects/win-finder/locations/europe-west1/services/updatestandings","timeoutSeconds":60,"environmentVariables":{"FIREBASE_CONFIG":"{\"projectId\":\"win-finder\",\"storageBucket\":\"win-finder.firebasestorage.app\"}","GCLOUD_PROJECT":"win-finder","EVENTARC_CLOUD_EVENT_SOURCE":"projects/win-finder/locations/europe-west1/services/updateStandings","FUNCTION_TARGET":"updateStandings","LOG_EXECUTION_ID":"true","FUNCTION_SIGNATURE_TYPE":"http"},"ingressSettings":"ALLOW_ALL","serviceAccountEmail":"684643143905-compute@developer.gserviceaccount.com","availableMemory":"256Mi","maxInstanceRequestConcurrency":80,"availableCpu":"1"},"labels":{"deployment-tool":"cli-firebase","deployment-scheduled":"true","firebase-functions-hash":"ee75f44b903cf0e91e5c1d13a9a270a78387caeb"},"environment":"GEN_2"},"stages":[{"name":"BUILD","message":"Reusing build","state":"COMPLETE","resource":"projects/684643143905/locations/europe-west1/builds/a86d7cab-c923-4c4c-8f4f-d54dfe490345"},{"name":"SERVICE","message":"Creating Cloud Run service","state":"IN_PROGRESS","resource":"projects/win-finder/locations/europe-west1/services/updatestandings","resourceUri":"https://console.cloud.google.com/run/detail/europe-west1/updatestandings?project=win-finder"}],"sourceToken":"Clhwcm9qZWN0cy82ODQ2NDMxNDM5MDUvbG9jYXRpb25zL2V1cm9wZS13ZXN0MS9idWlsZHMvYTg2ZDdjYWItYzkyMy00YzRjLThmNGYtZDU0ZGZlNDkwMzQ1EmpldXJvcGUtd2VzdDEtZG9ja2VyLnBrZy5kZXYvd2luLWZpbmRlci9nY2YtYXJ0aWZhY3RzL3dpbi0tZmluZGVyX19ldXJvcGUtLXdlc3QxX191cGRhdGVfX3Jlc3VsdHM6dmVyc2lvbl8xGOGhpb/2EyJDcHJvamVjdHMvd2luLWZpbmRlci9sb2NhdGlvbnMvZXVyb3BlLXdlc3QxL2Z1bmN0aW9ucy91cGRhdGVfcmVzdWx0cyoMCN+8ocgGEMCDz4UBMghub2RlanMyMjp3CiNnY3IuaW8vZ2FlLXJ1bnRpbWVzL25vZGVqczIyOnN0YWJsZRJQZXVyb3BlLXdlc3QxLWRvY2tlci5wa2cuZGV2L3NlcnZlcmxlc3MtcnVudGltZXMvZ29vZ2xlLTIyLWZ1bGwvcnVudGltZXMvbm9kZWpzMjJAAQ==","operationType":"CREATE_FUNCTION","buildName":"projects/684643143905/locations/europe-west1/builds/a86d7cab-c923-4c4c-8f4f-d54dfe490345"},"done":false}
[debug] [2025-11-03T07:48:57.553Z] Got source token Clhwcm9qZWN0cy82ODQ2NDMxNDM5MDUvbG9jYXRpb25zL2V1cm9wZS13ZXN0MS9idWlsZHMvYTg2ZDdjYWItYzkyMy00YzRjLThmNGYtZDU0ZGZlNDkwMzQ1EmpldXJvcGUtd2VzdDEtZG9ja2VyLnBrZy5kZXYvd2luLWZpbmRlci9nY2YtYXJ0aWZhY3RzL3dpbi0tZmluZGVyX19ldXJvcGUtLXdlc3QxX191cGRhdGVfX3Jlc3VsdHM6dmVyc2lvbl8xGOGhpb/2EyJDcHJvamVjdHMvd2luLWZpbmRlci9sb2NhdGlvbnMvZXVyb3BlLXdlc3QxL2Z1bmN0aW9ucy91cGRhdGVfcmVzdWx0cyoMCN+8ocgGEMCDz4UBMghub2RlanMyMjp3CiNnY3IuaW8vZ2FlLXJ1bnRpbWVzL25vZGVqczIyOnN0YWJsZRJQZXVyb3BlLXdlc3QxLWRvY2tlci5wa2cuZGV2L3NlcnZlcmxlc3MtcnVudGltZXMvZ29vZ2xlLTIyLWZ1bGwvcnVudGltZXMvbm9kZWpzMjJAAQ== for region europe-west1
[debug] [2025-11-03T07:48:58.480Z] [create-default-europe-west1-cleanDatabase] Retrying task index 0
[debug] [2025-11-03T07:48:58.482Z] Checked if tokens are valid: true, expires at: 1762158412358
[debug] [2025-11-03T07:48:58.482Z] Checked if tokens are valid: true, expires at: 1762158412358
[debug] [2025-11-03T07:48:58.483Z] >>> [apiv2][query] GET https://cloudfunctions.googleapis.com/v2/projects/win-finder/locations/europe-west1/operations/operation-1762156136018-642abf286b23a-609aad9b-475ae42e [none]
[debug] [2025-11-03T07:48:58.554Z] [create-default-europe-west1-updateStandings] Retrying task index 0
[debug] [2025-11-03T07:48:58.555Z] Checked if tokens are valid: true, expires at: 1762158412358
[debug] [2025-11-03T07:48:58.555Z] Checked if tokens are valid: true, expires at: 1762158412358
[debug] [2025-11-03T07:48:58.555Z] >>> [apiv2][query] GET https://cloudfunctions.googleapis.com/v2/projects/win-finder/locations/europe-west1/operations/operation-1762156135921-642abf285391e-525ec69e-20f3106d [none]
[debug] [2025-11-03T07:48:58.618Z] <<< [apiv2][status] GET https://cloudfunctions.googleapis.com/v2/projects/win-finder/locations/europe-west1/operations/operation-1762156136018-642abf286b23a-609aad9b-475ae42e 200
[debug] [2025-11-03T07:48:58.618Z] <<< [apiv2][body] GET https://cloudfunctions.googleapis.com/v2/projects/win-finder/locations/europe-west1/operations/operation-1762156136018-642abf286b23a-609aad9b-475ae42e {"name":"projects/win-finder/locations/europe-west1/operations/operation-1762156136018-642abf286b23a-609aad9b-475ae42e","metadata":{"@type":"type.googleapis.com/google.cloud.functions.v2.OperationMetadata","createTime":"2025-11-03T07:48:56.565234820Z","target":"projects/win-finder/locations/europe-west1/functions/cleanDatabase","verb":"create","cancelRequested":false,"apiVersion":"v2","requestResource":{"@type":"type.googleapis.com/google.cloud.functions.v2.Function","name":"projects/win-finder/locations/europe-west1/functions/cleanDatabase","buildConfig":{"runtime":"nodejs22","entryPoint":"cleanDatabase","source":{"storageSource":{"bucket":"gcf-v2-sources-684643143905-europe-west1","object":"cleanDatabase/function-source.zip","generation":"1762156136214262"}},"environmentVariables":{"GOOGLE_NODE_RUN_SCRIPTS":""},"sourceToken":"Clhwcm9qZWN0cy82ODQ2NDMxNDM5MDUvbG9jYXRpb25zL2V1cm9wZS13ZXN0MS9idWlsZHMvYTg2ZDdjYWItYzkyMy00YzRjLThmNGYtZDU0ZGZlNDkwMzQ1EmpldXJvcGUtd2VzdDEtZG9ja2VyLnBrZy5kZXYvd2luLWZpbmRlci9nY2YtYXJ0aWZhY3RzL3dpbi0tZmluZGVyX19ldXJvcGUtLXdlc3QxX191cGRhdGVfX3Jlc3VsdHM6dmVyc2lvbl8xGOGhpb/2EyJDcHJvamVjdHMvd2luLWZpbmRlci9sb2NhdGlvbnMvZXVyb3BlLXdlc3QxL2Z1bmN0aW9ucy91cGRhdGVfcmVzdWx0cyoMCN+8ocgGEMCDz4UBMghub2RlanMyMjp3CiNnY3IuaW8vZ2FlLXJ1bnRpbWVzL25vZGVqczIyOnN0YWJsZRJQZXVyb3BlLXdlc3QxLWRvY2tlci5wa2cuZGV2L3NlcnZlcmxlc3MtcnVudGltZXMvZ29vZ2xlLTIyLWZ1bGwvcnVudGltZXMvbm9kZWpzMjJAAQ==","serviceAccount":"projects/win-finder/serviceAccounts/684643143905-compute@developer.gserviceaccount.com","automaticUpdatePolicy":{}},"serviceConfig":{"service":"projects/win-finder/locations/europe-west1/services/cleandatabase","timeoutSeconds":60,"environmentVariables":{"FIREBASE_CONFIG":"{\"projectId\":\"win-finder\",\"storageBucket\":\"win-finder.firebasestorage.app\"}","GCLOUD_PROJECT":"win-finder","EVENTARC_CLOUD_EVENT_SOURCE":"projects/win-finder/locations/europe-west1/services/cleanDatabase","FUNCTION_TARGET":"cleanDatabase","LOG_EXECUTION_ID":"true","FUNCTION_SIGNATURE_TYPE":"http"},"ingressSettings":"ALLOW_ALL","serviceAccountEmail":"684643143905-compute@developer.gserviceaccount.com","availableMemory":"256Mi","maxInstanceRequestConcurrency":80,"availableCpu":"1"},"labels":{"deployment-tool":"cli-firebase","deployment-scheduled":"true","firebase-functions-hash":"ee75f44b903cf0e91e5c1d13a9a270a78387caeb"},"environment":"GEN_2"},"stages":[{"name":"BUILD","message":"Reusing build","state":"COMPLETE","resource":"projects/684643143905/locations/europe-west1/builds/a86d7cab-c923-4c4c-8f4f-d54dfe490345"},{"name":"SERVICE","message":"Creating Cloud Run service","state":"IN_PROGRESS","resource":"projects/win-finder/locations/europe-west1/services/cleandatabase","resourceUri":"https://console.cloud.google.com/run/detail/europe-west1/cleandatabase?project=win-finder"}],"sourceToken":"Clhwcm9qZWN0cy82ODQ2NDMxNDM5MDUvbG9jYXRpb25zL2V1cm9wZS13ZXN0MS9idWlsZHMvYTg2ZDdjYWItYzkyMy00YzRjLThmNGYtZDU0ZGZlNDkwMzQ1EmpldXJvcGUtd2VzdDEtZG9ja2VyLnBrZy5kZXYvd2luLWZpbmRlci9nY2YtYXJ0aWZhY3RzL3dpbi0tZmluZGVyX19ldXJvcGUtLXdlc3QxX191cGRhdGVfX3Jlc3VsdHM6dmVyc2lvbl8xGOGhpb/2EyJDcHJvamVjdHMvd2luLWZpbmRlci9sb2NhdGlvbnMvZXVyb3BlLXdlc3QxL2Z1bmN0aW9ucy91cGRhdGVfcmVzdWx0cyoMCN+8ocgGEMCDz4UBMghub2RlanMyMjp3CiNnY3IuaW8vZ2FlLXJ1bnRpbWVzL25vZGVqczIyOnN0YWJsZRJQZXVyb3BlLXdlc3QxLWRvY2tlci5wa2cuZGV2L3NlcnZlcmxlc3MtcnVudGltZXMvZ29vZ2xlLTIyLWZ1bGwvcnVudGltZXMvbm9kZWpzMjJAAQ==","operationType":"CREATE_FUNCTION","buildName":"projects/684643143905/locations/europe-west1/builds/a86d7cab-c923-4c4c-8f4f-d54dfe490345"},"done":false}
[debug] [2025-11-03T07:48:58.619Z] Got source token Clhwcm9qZWN0cy82ODQ2NDMxNDM5MDUvbG9jYXRpb25zL2V1cm9wZS13ZXN0MS9idWlsZHMvYTg2ZDdjYWItYzkyMy00YzRjLThmNGYtZDU0ZGZlNDkwMzQ1EmpldXJvcGUtd2VzdDEtZG9ja2VyLnBrZy5kZXYvd2luLWZpbmRlci9nY2YtYXJ0aWZhY3RzL3dpbi0tZmluZGVyX19ldXJvcGUtLXdlc3QxX191cGRhdGVfX3Jlc3VsdHM6dmVyc2lvbl8xGOGhpb/2EyJDcHJvamVjdHMvd2luLWZpbmRlci9sb2NhdGlvbnMvZXVyb3BlLXdlc3QxL2Z1bmN0aW9ucy91cGRhdGVfcmVzdWx0cyoMCN+8ocgGEMCDz4UBMghub2RlanMyMjp3CiNnY3IuaW8vZ2FlLXJ1bnRpbWVzL25vZGVqczIyOnN0YWJsZRJQZXVyb3BlLXdlc3QxLWRvY2tlci5wa2cuZGV2L3NlcnZlcmxlc3MtcnVudGltZXMvZ29vZ2xlLTIyLWZ1bGwvcnVudGltZXMvbm9kZWpzMjJAAQ== for region europe-west1
[debug] [2025-11-03T07:48:58.732Z] <<< [apiv2][status] GET https://cloudfunctions.googleapis.com/v2/projects/win-finder/locations/europe-west1/operations/operation-1762156135921-642abf285391e-525ec69e-20f3106d 200
[debug] [2025-11-03T07:48:58.732Z] <<< [apiv2][body] GET https://cloudfunctions.googleapis.com/v2/projects/win-finder/locations/europe-west1/operations/operation-1762156135921-642abf285391e-525ec69e-20f3106d {"name":"projects/win-finder/locations/europe-west1/operations/operation-1762156135921-642abf285391e-525ec69e-20f3106d","metadata":{"@type":"type.googleapis.com/google.cloud.functions.v2.OperationMetadata","createTime":"2025-11-03T07:48:56.510573040Z","target":"projects/win-finder/locations/europe-west1/functions/updateStandings","verb":"create","cancelRequested":false,"apiVersion":"v2","requestResource":{"@type":"type.googleapis.com/google.cloud.functions.v2.Function","name":"projects/win-finder/locations/europe-west1/functions/updateStandings","buildConfig":{"runtime":"nodejs22","entryPoint":"updateStandings","source":{"storageSource":{"bucket":"gcf-v2-sources-684643143905-europe-west1","object":"updateStandings/function-source.zip","generation":"1762156136120801"}},"environmentVariables":{"GOOGLE_NODE_RUN_SCRIPTS":""},"sourceToken":"Clhwcm9qZWN0cy82ODQ2NDMxNDM5MDUvbG9jYXRpb25zL2V1cm9wZS13ZXN0MS9idWlsZHMvYTg2ZDdjYWItYzkyMy00YzRjLThmNGYtZDU0ZGZlNDkwMzQ1EmpldXJvcGUtd2VzdDEtZG9ja2VyLnBrZy5kZXYvd2luLWZpbmRlci9nY2YtYXJ0aWZhY3RzL3dpbi0tZmluZGVyX19ldXJvcGUtLXdlc3QxX191cGRhdGVfX3Jlc3VsdHM6dmVyc2lvbl8xGOGhpb/2EyJDcHJvamVjdHMvd2luLWZpbmRlci9sb2NhdGlvbnMvZXVyb3BlLXdlc3QxL2Z1bmN0aW9ucy91cGRhdGVfcmVzdWx0cyoMCN+8ocgGEMCDz4UBMghub2RlanMyMjp3CiNnY3IuaW8vZ2FlLXJ1bnRpbWVzL25vZGVqczIyOnN0YWJsZRJQZXVyb3BlLXdlc3QxLWRvY2tlci5wa2cuZGV2L3NlcnZlcmxlc3MtcnVudGltZXMvZ29vZ2xlLTIyLWZ1bGwvcnVudGltZXMvbm9kZWpzMjJAAQ==","serviceAccount":"projects/win-finder/serviceAccounts/684643143905-compute@developer.gserviceaccount.com","automaticUpdatePolicy":{}},"serviceConfig":{"service":"projects/win-finder/locations/europe-west1/services/updatestandings","timeoutSeconds":60,"environmentVariables":{"FIREBASE_CONFIG":"{\"projectId\":\"win-finder\",\"storageBucket\":\"win-finder.firebasestorage.app\"}","GCLOUD_PROJECT":"win-finder","EVENTARC_CLOUD_EVENT_SOURCE":"projects/win-finder/locations/europe-west1/services/updateStandings","FUNCTION_TARGET":"updateStandings","LOG_EXECUTION_ID":"true","FUNCTION_SIGNATURE_TYPE":"http"},"ingressSettings":"ALLOW_ALL","serviceAccountEmail":"684643143905-compute@developer.gserviceaccount.com","availableMemory":"256Mi","maxInstanceRequestConcurrency":80,"availableCpu":"1"},"labels":{"deployment-tool":"cli-firebase","deployment-scheduled":"true","firebase-functions-hash":"ee75f44b903cf0e91e5c1d13a9a270a78387caeb"},"environment":"GEN_2"},"stages":[{"name":"BUILD","message":"Reusing build","state":"COMPLETE","resource":"projects/684643143905/locations/europe-west1/builds/a86d7cab-c923-4c4c-8f4f-d54dfe490345"},{"name":"SERVICE","message":"Creating Cloud Run service","state":"IN_PROGRESS","resource":"projects/win-finder/locations/europe-west1/services/updatestandings","resourceUri":"https://console.cloud.google.com/run/detail/europe-west1/updatestandings?project=win-finder"}],"sourceToken":"Clhwcm9qZWN0cy82ODQ2NDMxNDM5MDUvbG9jYXRpb25zL2V1cm9wZS13ZXN0MS9idWlsZHMvYTg2ZDdjYWItYzkyMy00YzRjLThmNGYtZDU0ZGZlNDkwMzQ1EmpldXJvcGUtd2VzdDEtZG9ja2VyLnBrZy5kZXYvd2luLWZpbmRlci9nY2YtYXJ0aWZhY3RzL3dpbi0tZmluZGVyX19ldXJvcGUtLXdlc3QxX191cGRhdGVfX3Jlc3VsdHM6dmVyc2lvbl8xGOGhpb/2EyJDcHJvamVjdHMvd2luLWZpbmRlci9sb2NhdGlvbnMvZXVyb3BlLXdlc3QxL2Z1bmN0aW9ucy91cGRhdGVfcmVzdWx0cyoMCN+8ocgGEMCDz4UBMghub2RlanMyMjp3CiNnY3IuaW8vZ2FlLXJ1bnRpbWVzL25vZGVqczIyOnN0YWJsZRJQZXVyb3BlLXdlc3QxLWRvY2tlci5wa2cuZGV2L3NlcnZlcmxlc3MtcnVudGltZXMvZ29vZ2xlLTIyLWZ1bGwvcnVudGltZXMvbm9kZWpzMjJAAQ==","operationType":"CREATE_FUNCTION","buildName":"projects/684643143905/locations/europe-west1/builds/a86d7cab-c923-4c4c-8f4f-d54dfe490345"},"done":false}
[debug] [2025-11-03T07:48:58.732Z] Got source token Clhwcm9qZWN0cy82ODQ2NDMxNDM5MDUvbG9jYXRpb25zL2V1cm9wZS13ZXN0MS9idWlsZHMvYTg2ZDdjYWItYzkyMy00YzRjLThmNGYtZDU0ZGZlNDkwMzQ1EmpldXJvcGUtd2VzdDEtZG9ja2VyLnBrZy5kZXYvd2luLWZpbmRlci9nY2YtYXJ0aWZhY3RzL3dpbi0tZmluZGVyX19ldXJvcGUtLXdlc3QxX191cGRhdGVfX3Jlc3VsdHM6dmVyc2lvbl8xGOGhpb/2EyJDcHJvamVjdHMvd2luLWZpbmRlci9sb2NhdGlvbnMvZXVyb3BlLXdlc3QxL2Z1bmN0aW9ucy91cGRhdGVfcmVzdWx0cyoMCN+8ocgGEMCDz4UBMghub2RlanMyMjp3CiNnY3IuaW8vZ2FlLXJ1bnRpbWVzL25vZGVqczIyOnN0YWJsZRJQZXVyb3BlLXdlc3QxLWRvY2tlci5wa2cuZGV2L3NlcnZlcmxlc3MtcnVudGltZXMvZ29vZ2xlLTIyLWZ1bGwvcnVudGltZXMvbm9kZWpzMjJAAQ== for region europe-west1
[debug] [2025-11-03T07:49:00.620Z] [create-default-europe-west1-cleanDatabase] Retrying task index 0
[debug] [2025-11-03T07:49:00.621Z] Checked if tokens are valid: true, expires at: 1762158412358
[debug] [2025-11-03T07:49:00.621Z] Checked if tokens are valid: true, expires at: 1762158412358
[debug] [2025-11-03T07:49:00.622Z] >>> [apiv2][query] GET https://cloudfunctions.googleapis.com/v2/projects/win-finder/locations/europe-west1/operations/operation-1762156136018-642abf286b23a-609aad9b-475ae42e [none]
[debug] [2025-11-03T07:49:00.729Z] <<< [apiv2][status] GET https://cloudfunctions.googleapis.com/v2/projects/win-finder/locations/europe-west1/operations/operation-1762156136018-642abf286b23a-609aad9b-475ae42e 200
[debug] [2025-11-03T07:49:00.729Z] <<< [apiv2][body] GET https://cloudfunctions.googleapis.com/v2/projects/win-finder/locations/europe-west1/operations/operation-1762156136018-642abf286b23a-609aad9b-475ae42e {"name":"projects/win-finder/locations/europe-west1/operations/operation-1762156136018-642abf286b23a-609aad9b-475ae42e","metadata":{"@type":"type.googleapis.com/google.cloud.functions.v2.OperationMetadata","createTime":"2025-11-03T07:48:56.565234820Z","target":"projects/win-finder/locations/europe-west1/functions/cleanDatabase","verb":"create","cancelRequested":false,"apiVersion":"v2","requestResource":{"@type":"type.googleapis.com/google.cloud.functions.v2.Function","name":"projects/win-finder/locations/europe-west1/functions/cleanDatabase","buildConfig":{"runtime":"nodejs22","entryPoint":"cleanDatabase","source":{"storageSource":{"bucket":"gcf-v2-sources-684643143905-europe-west1","object":"cleanDatabase/function-source.zip","generation":"1762156136214262"}},"environmentVariables":{"GOOGLE_NODE_RUN_SCRIPTS":""},"sourceToken":"Clhwcm9qZWN0cy82ODQ2NDMxNDM5MDUvbG9jYXRpb25zL2V1cm9wZS13ZXN0MS9idWlsZHMvYTg2ZDdjYWItYzkyMy00YzRjLThmNGYtZDU0ZGZlNDkwMzQ1EmpldXJvcGUtd2VzdDEtZG9ja2VyLnBrZy5kZXYvd2luLWZpbmRlci9nY2YtYXJ0aWZhY3RzL3dpbi0tZmluZGVyX19ldXJvcGUtLXdlc3QxX191cGRhdGVfX3Jlc3VsdHM6dmVyc2lvbl8xGOGhpb/2EyJDcHJvamVjdHMvd2luLWZpbmRlci9sb2NhdGlvbnMvZXVyb3BlLXdlc3QxL2Z1bmN0aW9ucy91cGRhdGVfcmVzdWx0cyoMCN+8ocgGEMCDz4UBMghub2RlanMyMjp3CiNnY3IuaW8vZ2FlLXJ1bnRpbWVzL25vZGVqczIyOnN0YWJsZRJQZXVyb3BlLXdlc3QxLWRvY2tlci5wa2cuZGV2L3NlcnZlcmxlc3MtcnVudGltZXMvZ29vZ2xlLTIyLWZ1bGwvcnVudGltZXMvbm9kZWpzMjJAAQ==","serviceAccount":"projects/win-finder/serviceAccounts/684643143905-compute@developer.gserviceaccount.com","automaticUpdatePolicy":{}},"serviceConfig":{"service":"projects/win-finder/locations/europe-west1/services/cleandatabase","timeoutSeconds":60,"environmentVariables":{"FIREBASE_CONFIG":"{\"projectId\":\"win-finder\",\"storageBucket\":\"win-finder.firebasestorage.app\"}","GCLOUD_PROJECT":"win-finder","EVENTARC_CLOUD_EVENT_SOURCE":"projects/win-finder/locations/europe-west1/services/cleanDatabase","FUNCTION_TARGET":"cleanDatabase","LOG_EXECUTION_ID":"true","FUNCTION_SIGNATURE_TYPE":"http"},"ingressSettings":"ALLOW_ALL","serviceAccountEmail":"684643143905-compute@developer.gserviceaccount.com","availableMemory":"256Mi","maxInstanceRequestConcurrency":80,"availableCpu":"1"},"labels":{"deployment-tool":"cli-firebase","deployment-scheduled":"true","firebase-functions-hash":"ee75f44b903cf0e91e5c1d13a9a270a78387caeb"},"environment":"GEN_2"},"stages":[{"name":"BUILD","message":"Reusing build","state":"COMPLETE","resource":"projects/684643143905/locations/europe-west1/builds/a86d7cab-c923-4c4c-8f4f-d54dfe490345"},{"name":"SERVICE","message":"Creating Cloud Run service","state":"IN_PROGRESS","resource":"projects/win-finder/locations/europe-west1/services/cleandatabase","resourceUri":"https://console.cloud.google.com/run/detail/europe-west1/cleandatabase?project=win-finder"}],"sourceToken":"Clhwcm9qZWN0cy82ODQ2NDMxNDM5MDUvbG9jYXRpb25zL2V1cm9wZS13ZXN0MS9idWlsZHMvYTg2ZDdjYWItYzkyMy00YzRjLThmNGYtZDU0ZGZlNDkwMzQ1EmpldXJvcGUtd2VzdDEtZG9ja2VyLnBrZy5kZXYvd2luLWZpbmRlci9nY2YtYXJ0aWZhY3RzL3dpbi0tZmluZGVyX19ldXJvcGUtLXdlc3QxX191cGRhdGVfX3Jlc3VsdHM6dmVyc2lvbl8xGOGhpb/2EyJDcHJvamVjdHMvd2luLWZpbmRlci9sb2NhdGlvbnMvZXVyb3BlLXdlc3QxL2Z1bmN0aW9ucy91cGRhdGVfcmVzdWx0cyoMCN+8ocgGEMCDz4UBMghub2RlanMyMjp3CiNnY3IuaW8vZ2FlLXJ1bnRpbWVzL25vZGVqczIyOnN0YWJsZRJQZXVyb3BlLXdlc3QxLWRvY2tlci5wa2cuZGV2L3NlcnZlcmxlc3MtcnVudGltZXMvZ29vZ2xlLTIyLWZ1bGwvcnVudGltZXMvbm9kZWpzMjJAAQ==","operationType":"CREATE_FUNCTION","buildName":"projects/684643143905/locations/europe-west1/builds/a86d7cab-c923-4c4c-8f4f-d54dfe490345"},"done":false}
[debug] [2025-11-03T07:49:00.729Z] Got source token Clhwcm9qZWN0cy82ODQ2NDMxNDM5MDUvbG9jYXRpb25zL2V1cm9wZS13ZXN0MS9idWlsZHMvYTg2ZDdjYWItYzkyMy00YzRjLThmNGYtZDU0ZGZlNDkwMzQ1EmpldXJvcGUtd2VzdDEtZG9ja2VyLnBrZy5kZXYvd2luLWZpbmRlci9nY2YtYXJ0aWZhY3RzL3dpbi0tZmluZGVyX19ldXJvcGUtLXdlc3QxX191cGRhdGVfX3Jlc3VsdHM6dmVyc2lvbl8xGOGhpb/2EyJDcHJvamVjdHMvd2luLWZpbmRlci9sb2NhdGlvbnMvZXVyb3BlLXdlc3QxL2Z1bmN0aW9ucy91cGRhdGVfcmVzdWx0cyoMCN+8ocgGEMCDz4UBMghub2RlanMyMjp3CiNnY3IuaW8vZ2FlLXJ1bnRpbWVzL25vZGVqczIyOnN0YWJsZRJQZXVyb3BlLXdlc3QxLWRvY2tlci5wa2cuZGV2L3NlcnZlcmxlc3MtcnVudGltZXMvZ29vZ2xlLTIyLWZ1bGwvcnVudGltZXMvbm9kZWpzMjJAAQ== for region europe-west1
[debug] [2025-11-03T07:49:00.732Z] [create-default-europe-west1-updateStandings] Retrying task index 0
[debug] [2025-11-03T07:49:00.733Z] Checked if tokens are valid: true, expires at: 1762158412358
[debug] [2025-11-03T07:49:00.733Z] Checked if tokens are valid: true, expires at: 1762158412358
[debug] [2025-11-03T07:49:00.733Z] >>> [apiv2][query] GET https://cloudfunctions.googleapis.com/v2/projects/win-finder/locations/europe-west1/operations/operation-1762156135921-642abf285391e-525ec69e-20f3106d [none]
[debug] [2025-11-03T07:49:00.861Z] <<< [apiv2][status] GET https://cloudfunctions.googleapis.com/v2/projects/win-finder/locations/europe-west1/operations/operation-1762156135921-642abf285391e-525ec69e-20f3106d 200
[debug] [2025-11-03T07:49:00.862Z] <<< [apiv2][body] GET https://cloudfunctions.googleapis.com/v2/projects/win-finder/locations/europe-west1/operations/operation-1762156135921-642abf285391e-525ec69e-20f3106d {"name":"projects/win-finder/locations/europe-west1/operations/operation-1762156135921-642abf285391e-525ec69e-20f3106d","metadata":{"@type":"type.googleapis.com/google.cloud.functions.v2.OperationMetadata","createTime":"2025-11-03T07:48:56.510573040Z","target":"projects/win-finder/locations/europe-west1/functions/updateStandings","verb":"create","cancelRequested":false,"apiVersion":"v2","requestResource":{"@type":"type.googleapis.com/google.cloud.functions.v2.Function","name":"projects/win-finder/locations/europe-west1/functions/updateStandings","buildConfig":{"runtime":"nodejs22","entryPoint":"updateStandings","source":{"storageSource":{"bucket":"gcf-v2-sources-684643143905-europe-west1","object":"updateStandings/function-source.zip","generation":"1762156136120801"}},"environmentVariables":{"GOOGLE_NODE_RUN_SCRIPTS":""},"sourceToken":"Clhwcm9qZWN0cy82ODQ2NDMxNDM5MDUvbG9jYXRpb25zL2V1cm9wZS13ZXN0MS9idWlsZHMvYTg2ZDdjYWItYzkyMy00YzRjLThmNGYtZDU0ZGZlNDkwMzQ1EmpldXJvcGUtd2VzdDEtZG9ja2VyLnBrZy5kZXYvd2luLWZpbmRlci9nY2YtYXJ0aWZhY3RzL3dpbi0tZmluZGVyX19ldXJvcGUtLXdlc3QxX191cGRhdGVfX3Jlc3VsdHM6dmVyc2lvbl8xGOGhpb/2EyJDcHJvamVjdHMvd2luLWZpbmRlci9sb2NhdGlvbnMvZXVyb3BlLXdlc3QxL2Z1bmN0aW9ucy91cGRhdGVfcmVzdWx0cyoMCN+8ocgGEMCDz4UBMghub2RlanMyMjp3CiNnY3IuaW8vZ2FlLXJ1bnRpbWVzL25vZGVqczIyOnN0YWJsZRJQZXVyb3BlLXdlc3QxLWRvY2tlci5wa2cuZGV2L3NlcnZlcmxlc3MtcnVudGltZXMvZ29vZ2xlLTIyLWZ1bGwvcnVudGltZXMvbm9kZWpzMjJAAQ==","serviceAccount":"projects/win-finder/serviceAccounts/684643143905-compute@developer.gserviceaccount.com","automaticUpdatePolicy":{}},"serviceConfig":{"service":"projects/win-finder/locations/europe-west1/services/updatestandings","timeoutSeconds":60,"environmentVariables":{"FIREBASE_CONFIG":"{\"projectId\":\"win-finder\",\"storageBucket\":\"win-finder.firebasestorage.app\"}","GCLOUD_PROJECT":"win-finder","EVENTARC_CLOUD_EVENT_SOURCE":"projects/win-finder/locations/europe-west1/services/updateStandings","FUNCTION_TARGET":"updateStandings","LOG_EXECUTION_ID":"true","FUNCTION_SIGNATURE_TYPE":"http"},"ingressSettings":"ALLOW_ALL","serviceAccountEmail":"684643143905-compute@developer.gserviceaccount.com","availableMemory":"256Mi","maxInstanceRequestConcurrency":80,"availableCpu":"1"},"labels":{"deployment-tool":"cli-firebase","deployment-scheduled":"true","firebase-functions-hash":"ee75f44b903cf0e91e5c1d13a9a270a78387caeb"},"environment":"GEN_2"},"stages":[{"name":"BUILD","message":"Reusing build","state":"COMPLETE","resource":"projects/684643143905/locations/europe-west1/builds/a86d7cab-c923-4c4c-8f4f-d54dfe490345"},{"name":"SERVICE","message":"Creating Cloud Run service","state":"IN_PROGRESS","resource":"projects/win-finder/locations/europe-west1/services/updatestandings","resourceUri":"https://console.cloud.google.com/run/detail/europe-west1/updatestandings?project=win-finder"}],"sourceToken":"Clhwcm9qZWN0cy82ODQ2NDMxNDM5MDUvbG9jYXRpb25zL2V1cm9wZS13ZXN0MS9idWlsZHMvYTg2ZDdjYWItYzkyMy00YzRjLThmNGYtZDU0ZGZlNDkwMzQ1EmpldXJvcGUtd2VzdDEtZG9ja2VyLnBrZy5kZXYvd2luLWZpbmRlci9nY2YtYXJ0aWZhY3RzL3dpbi0tZmluZGVyX19ldXJvcGUtLXdlc3QxX191cGRhdGVfX3Jlc3VsdHM6dmVyc2lvbl8xGOGhpb/2EyJDcHJvamVjdHMvd2luLWZpbmRlci9sb2NhdGlvbnMvZXVyb3BlLXdlc3QxL2Z1bmN0aW9ucy91cGRhdGVfcmVzdWx0cyoMCN+8ocgGEMCDz4UBMghub2RlanMyMjp3CiNnY3IuaW8vZ2FlLXJ1bnRpbWVzL25vZGVqczIyOnN0YWJsZRJQZXVyb3BlLXdlc3QxLWRvY2tlci5wa2cuZGV2L3NlcnZlcmxlc3MtcnVudGltZXMvZ29vZ2xlLTIyLWZ1bGwvcnVudGltZXMvbm9kZWpzMjJAAQ==","operationType":"CREATE_FUNCTION","buildName":"projects/684643143905/locations/europe-west1/builds/a86d7cab-c923-4c4c-8f4f-d54dfe490345"},"done":false}
[debug] [2025-11-03T07:49:00.862Z] Got source token Clhwcm9qZWN0cy82ODQ2NDMxNDM5MDUvbG9jYXRpb25zL2V1cm9wZS13ZXN0MS9idWlsZHMvYTg2ZDdjYWItYzkyMy00YzRjLThmNGYtZDU0ZGZlNDkwMzQ1EmpldXJvcGUtd2VzdDEtZG9ja2VyLnBrZy5kZXYvd2luLWZpbmRlci9nY2YtYXJ0aWZhY3RzL3dpbi0tZmluZGVyX19ldXJvcGUtLXdlc3QxX191cGRhdGVfX3Jlc3VsdHM6dmVyc2lvbl8xGOGhpb/2EyJDcHJvamVjdHMvd2luLWZpbmRlci9sb2NhdGlvbnMvZXVyb3BlLXdlc3QxL2Z1bmN0aW9ucy91cGRhdGVfcmVzdWx0cyoMCN+8ocgGEMCDz4UBMghub2RlanMyMjp3CiNnY3IuaW8vZ2FlLXJ1bnRpbWVzL25vZGVqczIyOnN0YWJsZRJQZXVyb3BlLXdlc3QxLWRvY2tlci5wa2cuZGV2L3NlcnZlcmxlc3MtcnVudGltZXMvZ29vZ2xlLTIyLWZ1bGwvcnVudGltZXMvbm9kZWpzMjJAAQ== for region europe-west1
[debug] [2025-11-03T07:49:04.731Z] [create-default-europe-west1-cleanDatabase] Retrying task index 0
[debug] [2025-11-03T07:49:04.732Z] Checked if tokens are valid: true, expires at: 1762158412358
[debug] [2025-11-03T07:49:04.732Z] Checked if tokens are valid: true, expires at: 1762158412358
[debug] [2025-11-03T07:49:04.732Z] >>> [apiv2][query] GET https://cloudfunctions.googleapis.com/v2/projects/win-finder/locations/europe-west1/operations/operation-1762156136018-642abf286b23a-609aad9b-475ae42e [none]
[debug] [2025-11-03T07:49:04.848Z] <<< [apiv2][status] GET https://cloudfunctions.googleapis.com/v2/projects/win-finder/locations/europe-west1/operations/operation-1762156136018-642abf286b23a-609aad9b-475ae42e 200
[debug] [2025-11-03T07:49:04.848Z] <<< [apiv2][body] GET https://cloudfunctions.googleapis.com/v2/projects/win-finder/locations/europe-west1/operations/operation-1762156136018-642abf286b23a-609aad9b-475ae42e {"name":"projects/win-finder/locations/europe-west1/operations/operation-1762156136018-642abf286b23a-609aad9b-475ae42e","metadata":{"@type":"type.googleapis.com/google.cloud.functions.v2.OperationMetadata","createTime":"2025-11-03T07:48:56.565234820Z","target":"projects/win-finder/locations/europe-west1/functions/cleanDatabase","verb":"create","cancelRequested":false,"apiVersion":"v2","requestResource":{"@type":"type.googleapis.com/google.cloud.functions.v2.Function","name":"projects/win-finder/locations/europe-west1/functions/cleanDatabase","buildConfig":{"runtime":"nodejs22","entryPoint":"cleanDatabase","source":{"storageSource":{"bucket":"gcf-v2-sources-684643143905-europe-west1","object":"cleanDatabase/function-source.zip","generation":"1762156136214262"}},"environmentVariables":{"GOOGLE_NODE_RUN_SCRIPTS":""},"sourceToken":"Clhwcm9qZWN0cy82ODQ2NDMxNDM5MDUvbG9jYXRpb25zL2V1cm9wZS13ZXN0MS9idWlsZHMvYTg2ZDdjYWItYzkyMy00YzRjLThmNGYtZDU0ZGZlNDkwMzQ1EmpldXJvcGUtd2VzdDEtZG9ja2VyLnBrZy5kZXYvd2luLWZpbmRlci9nY2YtYXJ0aWZhY3RzL3dpbi0tZmluZGVyX19ldXJvcGUtLXdlc3QxX191cGRhdGVfX3Jlc3VsdHM6dmVyc2lvbl8xGOGhpb/2EyJDcHJvamVjdHMvd2luLWZpbmRlci9sb2NhdGlvbnMvZXVyb3BlLXdlc3QxL2Z1bmN0aW9ucy91cGRhdGVfcmVzdWx0cyoMCN+8ocgGEMCDz4UBMghub2RlanMyMjp3CiNnY3IuaW8vZ2FlLXJ1bnRpbWVzL25vZGVqczIyOnN0YWJsZRJQZXVyb3BlLXdlc3QxLWRvY2tlci5wa2cuZGV2L3NlcnZlcmxlc3MtcnVudGltZXMvZ29vZ2xlLTIyLWZ1bGwvcnVudGltZXMvbm9kZWpzMjJAAQ==","serviceAccount":"projects/win-finder/serviceAccounts/684643143905-compute@developer.gserviceaccount.com","automaticUpdatePolicy":{}},"serviceConfig":{"service":"projects/win-finder/locations/europe-west1/services/cleandatabase","timeoutSeconds":60,"environmentVariables":{"FIREBASE_CONFIG":"{\"projectId\":\"win-finder\",\"storageBucket\":\"win-finder.firebasestorage.app\"}","GCLOUD_PROJECT":"win-finder","EVENTARC_CLOUD_EVENT_SOURCE":"projects/win-finder/locations/europe-west1/services/cleanDatabase","FUNCTION_TARGET":"cleanDatabase","LOG_EXECUTION_ID":"true","FUNCTION_SIGNATURE_TYPE":"http"},"ingressSettings":"ALLOW_ALL","serviceAccountEmail":"684643143905-compute@developer.gserviceaccount.com","availableMemory":"256Mi","maxInstanceRequestConcurrency":80,"availableCpu":"1"},"labels":{"deployment-tool":"cli-firebase","deployment-scheduled":"true","firebase-functions-hash":"ee75f44b903cf0e91e5c1d13a9a270a78387caeb"},"environment":"GEN_2"},"stages":[{"name":"BUILD","message":"Reusing build","state":"COMPLETE","resource":"projects/684643143905/locations/europe-west1/builds/a86d7cab-c923-4c4c-8f4f-d54dfe490345"},{"name":"SERVICE","message":"Creating Cloud Run service","state":"IN_PROGRESS","resource":"projects/win-finder/locations/europe-west1/services/cleandatabase","resourceUri":"https://console.cloud.google.com/run/detail/europe-west1/cleandatabase?project=win-finder"}],"sourceToken":"Clhwcm9qZWN0cy82ODQ2NDMxNDM5MDUvbG9jYXRpb25zL2V1cm9wZS13ZXN0MS9idWlsZHMvYTg2ZDdjYWItYzkyMy00YzRjLThmNGYtZDU0ZGZlNDkwMzQ1EmpldXJvcGUtd2VzdDEtZG9ja2VyLnBrZy5kZXYvd2luLWZpbmRlci9nY2YtYXJ0aWZhY3RzL3dpbi0tZmluZGVyX19ldXJvcGUtLXdlc3QxX191cGRhdGVfX3Jlc3VsdHM6dmVyc2lvbl8xGOGhpb/2EyJDcHJvamVjdHMvd2luLWZpbmRlci9sb2NhdGlvbnMvZXVyb3BlLXdlc3QxL2Z1bmN0aW9ucy91cGRhdGVfcmVzdWx0cyoMCN+8ocgGEMCDz4UBMghub2RlanMyMjp3CiNnY3IuaW8vZ2FlLXJ1bnRpbWVzL25vZGVqczIyOnN0YWJsZRJQZXVyb3BlLXdlc3QxLWRvY2tlci5wa2cuZGV2L3NlcnZlcmxlc3MtcnVudGltZXMvZ29vZ2xlLTIyLWZ1bGwvcnVudGltZXMvbm9kZWpzMjJAAQ==","operationType":"CREATE_FUNCTION","buildName":"projects/684643143905/locations/europe-west1/builds/a86d7cab-c923-4c4c-8f4f-d54dfe490345"},"done":false}
[debug] [2025-11-03T07:49:04.848Z] Got source token Clhwcm9qZWN0cy82ODQ2NDMxNDM5MDUvbG9jYXRpb25zL2V1cm9wZS13ZXN0MS9idWlsZHMvYTg2ZDdjYWItYzkyMy00YzRjLThmNGYtZDU0ZGZlNDkwMzQ1EmpldXJvcGUtd2VzdDEtZG9ja2VyLnBrZy5kZXYvd2luLWZpbmRlci9nY2YtYXJ0aWZhY3RzL3dpbi0tZmluZGVyX19ldXJvcGUtLXdlc3QxX191cGRhdGVfX3Jlc3VsdHM6dmVyc2lvbl8xGOGhpb/2EyJDcHJvamVjdHMvd2luLWZpbmRlci9sb2NhdGlvbnMvZXVyb3BlLXdlc3QxL2Z1bmN0aW9ucy91cGRhdGVfcmVzdWx0cyoMCN+8ocgGEMCDz4UBMghub2RlanMyMjp3CiNnY3IuaW8vZ2FlLXJ1bnRpbWVzL25vZGVqczIyOnN0YWJsZRJQZXVyb3BlLXdlc3QxLWRvY2tlci5wa2cuZGV2L3NlcnZlcmxlc3MtcnVudGltZXMvZ29vZ2xlLTIyLWZ1bGwvcnVudGltZXMvbm9kZWpzMjJAAQ== for region europe-west1
[debug] [2025-11-03T07:49:04.863Z] [create-default-europe-west1-updateStandings] Retrying task index 0
[debug] [2025-11-03T07:49:04.863Z] Checked if tokens are valid: true, expires at: 1762158412358
[debug] [2025-11-03T07:49:04.863Z] Checked if tokens are valid: true, expires at: 1762158412358
[debug] [2025-11-03T07:49:04.863Z] >>> [apiv2][query] GET https://cloudfunctions.googleapis.com/v2/projects/win-finder/locations/europe-west1/operations/operation-1762156135921-642abf285391e-525ec69e-20f3106d [none]
[debug] [2025-11-03T07:49:04.960Z] <<< [apiv2][status] GET https://cloudfunctions.googleapis.com/v2/projects/win-finder/locations/europe-west1/operations/operation-1762156135921-642abf285391e-525ec69e-20f3106d 200
[debug] [2025-11-03T07:49:04.960Z] <<< [apiv2][body] GET https://cloudfunctions.googleapis.com/v2/projects/win-finder/locations/europe-west1/operations/operation-1762156135921-642abf285391e-525ec69e-20f3106d {"name":"projects/win-finder/locations/europe-west1/operations/operation-1762156135921-642abf285391e-525ec69e-20f3106d","metadata":{"@type":"type.googleapis.com/google.cloud.functions.v2.OperationMetadata","createTime":"2025-11-03T07:48:56.510573040Z","target":"projects/win-finder/locations/europe-west1/functions/updateStandings","verb":"create","cancelRequested":false,"apiVersion":"v2","requestResource":{"@type":"type.googleapis.com/google.cloud.functions.v2.Function","name":"projects/win-finder/locations/europe-west1/functions/updateStandings","buildConfig":{"runtime":"nodejs22","entryPoint":"updateStandings","source":{"storageSource":{"bucket":"gcf-v2-sources-684643143905-europe-west1","object":"updateStandings/function-source.zip","generation":"1762156136120801"}},"environmentVariables":{"GOOGLE_NODE_RUN_SCRIPTS":""},"sourceToken":"Clhwcm9qZWN0cy82ODQ2NDMxNDM5MDUvbG9jYXRpb25zL2V1cm9wZS13ZXN0MS9idWlsZHMvYTg2ZDdjYWItYzkyMy00YzRjLThmNGYtZDU0ZGZlNDkwMzQ1EmpldXJvcGUtd2VzdDEtZG9ja2VyLnBrZy5kZXYvd2luLWZpbmRlci9nY2YtYXJ0aWZhY3RzL3dpbi0tZmluZGVyX19ldXJvcGUtLXdlc3QxX191cGRhdGVfX3Jlc3VsdHM6dmVyc2lvbl8xGOGhpb/2EyJDcHJvamVjdHMvd2luLWZpbmRlci9sb2NhdGlvbnMvZXVyb3BlLXdlc3QxL2Z1bmN0aW9ucy91cGRhdGVfcmVzdWx0cyoMCN+8ocgGEMCDz4UBMghub2RlanMyMjp3CiNnY3IuaW8vZ2FlLXJ1bnRpbWVzL25vZGVqczIyOnN0YWJsZRJQZXVyb3BlLXdlc3QxLWRvY2tlci5wa2cuZGV2L3NlcnZlcmxlc3MtcnVudGltZXMvZ29vZ2xlLTIyLWZ1bGwvcnVudGltZXMvbm9kZWpzMjJAAQ==","serviceAccount":"projects/win-finder/serviceAccounts/684643143905-compute@developer.gserviceaccount.com","automaticUpdatePolicy":{}},"serviceConfig":{"service":"projects/win-finder/locations/europe-west1/services/updatestandings","timeoutSeconds":60,"environmentVariables":{"FIREBASE_CONFIG":"{\"projectId\":\"win-finder\",\"storageBucket\":\"win-finder.firebasestorage.app\"}","GCLOUD_PROJECT":"win-finder","EVENTARC_CLOUD_EVENT_SOURCE":"projects/win-finder/locations/europe-west1/services/updateStandings","FUNCTION_TARGET":"updateStandings","LOG_EXECUTION_ID":"true","FUNCTION_SIGNATURE_TYPE":"http"},"ingressSettings":"ALLOW_ALL","serviceAccountEmail":"684643143905-compute@developer.gserviceaccount.com","availableMemory":"256Mi","maxInstanceRequestConcurrency":80,"availableCpu":"1"},"labels":{"deployment-tool":"cli-firebase","deployment-scheduled":"true","firebase-functions-hash":"ee75f44b903cf0e91e5c1d13a9a270a78387caeb"},"environment":"GEN_2"},"stages":[{"name":"BUILD","message":"Reusing build","state":"COMPLETE","resource":"projects/684643143905/locations/europe-west1/builds/a86d7cab-c923-4c4c-8f4f-d54dfe490345"},{"name":"SERVICE","message":"Creating Cloud Run service","state":"IN_PROGRESS","resource":"projects/win-finder/locations/europe-west1/services/updatestandings","resourceUri":"https://console.cloud.google.com/run/detail/europe-west1/updatestandings?project=win-finder"}],"sourceToken":"Clhwcm9qZWN0cy82ODQ2NDMxNDM5MDUvbG9jYXRpb25zL2V1cm9wZS13ZXN0MS9idWlsZHMvYTg2ZDdjYWItYzkyMy00YzRjLThmNGYtZDU0ZGZlNDkwMzQ1EmpldXJvcGUtd2VzdDEtZG9ja2VyLnBrZy5kZXYvd2luLWZpbmRlci9nY2YtYXJ0aWZhY3RzL3dpbi0tZmluZGVyX19ldXJvcGUtLXdlc3QxX191cGRhdGVfX3Jlc3VsdHM6dmVyc2lvbl8xGOGhpb/2EyJDcHJvamVjdHMvd2luLWZpbmRlci9sb2NhdGlvbnMvZXVyb3BlLXdlc3QxL2Z1bmN0aW9ucy91cGRhdGVfcmVzdWx0cyoMCN+8ocgGEMCDz4UBMghub2RlanMyMjp3CiNnY3IuaW8vZ2FlLXJ1bnRpbWVzL25vZGVqczIyOnN0YWJsZRJQZXVyb3BlLXdlc3QxLWRvY2tlci5wa2cuZGV2L3NlcnZlcmxlc3MtcnVudGltZXMvZ29vZ2xlLTIyLWZ1bGwvcnVudGltZXMvbm9kZWpzMjJAAQ==","operationType":"CREATE_FUNCTION","buildName":"projects/684643143905/locations/europe-west1/builds/a86d7cab-c923-4c4c-8f4f-d54dfe490345"},"done":false}
[debug] [2025-11-03T07:49:04.960Z] Got source token Clhwcm9qZWN0cy82ODQ2NDMxNDM5MDUvbG9jYXRpb25zL2V1cm9wZS13ZXN0MS9idWlsZHMvYTg2ZDdjYWItYzkyMy00YzRjLThmNGYtZDU0ZGZlNDkwMzQ1EmpldXJvcGUtd2VzdDEtZG9ja2VyLnBrZy5kZXYvd2luLWZpbmRlci9nY2YtYXJ0aWZhY3RzL3dpbi0tZmluZGVyX19ldXJvcGUtLXdlc3QxX191cGRhdGVfX3Jlc3VsdHM6dmVyc2lvbl8xGOGhpb/2EyJDcHJvamVjdHMvd2luLWZpbmRlci9sb2NhdGlvbnMvZXVyb3BlLXdlc3QxL2Z1bmN0aW9ucy91cGRhdGVfcmVzdWx0cyoMCN+8ocgGEMCDz4UBMghub2RlanMyMjp3CiNnY3IuaW8vZ2FlLXJ1bnRpbWVzL25vZGVqczIyOnN0YWJsZRJQZXVyb3BlLXdlc3QxLWRvY2tlci5wa2cuZGV2L3NlcnZlcmxlc3MtcnVudGltZXMvZ29vZ2xlLTIyLWZ1bGwvcnVudGltZXMvbm9kZWpzMjJAAQ== for region europe-west1
[debug] [2025-11-03T07:49:05.725Z] [create-default-europe-west1-update_results] Retrying task index 0
[debug] [2025-11-03T07:49:05.725Z] Checked if tokens are valid: true, expires at: 1762158412358
[debug] [2025-11-03T07:49:05.726Z] Checked if tokens are valid: true, expires at: 1762158412358
[debug] [2025-11-03T07:49:05.726Z] >>> [apiv2][query] GET https://cloudfunctions.googleapis.com/v2/projects/win-finder/locations/europe-west1/operations/operation-1762156077565-642abef0ac655-45b86aa9-9dedd24d [none]
[debug] [2025-11-03T07:49:05.841Z] <<< [apiv2][status] GET https://cloudfunctions.googleapis.com/v2/projects/win-finder/locations/europe-west1/operations/operation-1762156077565-642abef0ac655-45b86aa9-9dedd24d 200
[debug] [2025-11-03T07:49:05.841Z] <<< [apiv2][body] GET https://cloudfunctions.googleapis.com/v2/projects/win-finder/locations/europe-west1/operations/operation-1762156077565-642abef0ac655-45b86aa9-9dedd24d {"name":"projects/win-finder/locations/europe-west1/operations/operation-1762156077565-642abef0ac655-45b86aa9-9dedd24d","metadata":{"@type":"type.googleapis.com/google.cloud.functions.v2.OperationMetadata","createTime":"2025-11-03T07:47:58.241500528Z","endTime":"2025-11-03T07:48:58.868896708Z","target":"projects/win-finder/locations/europe-west1/functions/update_results","verb":"create","cancelRequested":false,"apiVersion":"v2","requestResource":{"@type":"type.googleapis.com/google.cloud.functions.v2.Function","name":"projects/win-finder/locations/europe-west1/functions/update_results","buildConfig":{"runtime":"nodejs22","entryPoint":"update_results","source":{"storageSource":{"bucket":"gcf-v2-sources-684643143905-europe-west1","object":"update_results/function-source.zip","generation":"1762156077801777"}},"environmentVariables":{"GOOGLE_NODE_RUN_SCRIPTS":""},"serviceAccount":"projects/win-finder/serviceAccounts/684643143905-compute@developer.gserviceaccount.com","automaticUpdatePolicy":{}},"serviceConfig":{"service":"projects/win-finder/locations/europe-west1/services/update-results","timeoutSeconds":60,"environmentVariables":{"FIREBASE_CONFIG":"{\"projectId\":\"win-finder\",\"storageBucket\":\"win-finder.firebasestorage.app\"}","GCLOUD_PROJECT":"win-finder","EVENTARC_CLOUD_EVENT_SOURCE":"projects/win-finder/locations/europe-west1/services/update_results","FUNCTION_TARGET":"update_results","LOG_EXECUTION_ID":"true"},"ingressSettings":"ALLOW_ALL","serviceAccountEmail":"684643143905-compute@developer.gserviceaccount.com","availableMemory":"256Mi","maxInstanceRequestConcurrency":80,"availableCpu":"1"},"labels":{"deployment-tool":"cli-firebase","deployment-scheduled":"true","firebase-functions-hash":"ee75f44b903cf0e91e5c1d13a9a270a78387caeb"},"environment":"GEN_2"},"stages":[{"name":"BUILD","message":"Build finished","state":"COMPLETE","resource":"projects/684643143905/locations/europe-west1/builds/a86d7cab-c923-4c4c-8f4f-d54dfe490345","resourceUri":"https://console.cloud.google.com/cloud-build/builds;region=europe-west1/a86d7cab-c923-4c4c-8f4f-d54dfe490345?project=684643143905"},{"name":"SERVICE","message":"Creating Cloud Run service","state":"COMPLETE","resource":"projects/win-finder/locations/europe-west1/services/update-results","resourceUri":"https://console.cloud.google.com/run/detail/europe-west1/update-results?project=win-finder"}],"sourceToken":"Clhwcm9qZWN0cy82ODQ2NDMxNDM5MDUvbG9jYXRpb25zL2V1cm9wZS13ZXN0MS9idWlsZHMvYTg2ZDdjYWItYzkyMy00YzRjLThmNGYtZDU0ZGZlNDkwMzQ1EmpldXJvcGUtd2VzdDEtZG9ja2VyLnBrZy5kZXYvd2luLWZpbmRlci9nY2YtYXJ0aWZhY3RzL3dpbi0tZmluZGVyX19ldXJvcGUtLXdlc3QxX191cGRhdGVfX3Jlc3VsdHM6dmVyc2lvbl8xGOGhpb/2EyJDcHJvamVjdHMvd2luLWZpbmRlci9sb2NhdGlvbnMvZXVyb3BlLXdlc3QxL2Z1bmN0aW9ucy91cGRhdGVfcmVzdWx0cyoMCN+8ocgGEMCDz4UBMghub2RlanMyMjp3CiNnY3IuaW8vZ2FlLXJ1bnRpbWVzL25vZGVqczIyOnN0YWJsZRJQZXVyb3BlLXdlc3QxLWRvY2tlci5wa2cuZGV2L3NlcnZlcmxlc3MtcnVudGltZXMvZ29vZ2xlLTIyLWZ1bGwvcnVudGltZXMvbm9kZWpzMjJAAQ==","operationType":"CREATE_FUNCTION","buildName":"projects/684643143905/locations/europe-west1/builds/a86d7cab-c923-4c4c-8f4f-d54dfe490345"},"done":true,"response":{"@type":"type.googleapis.com/google.cloud.functions.v2.Function","name":"projects/win-finder/locations/europe-west1/functions/update_results","buildConfig":{"build":"projects/684643143905/locations/europe-west1/builds/a86d7cab-c923-4c4c-8f4f-d54dfe490345","runtime":"nodejs22","entryPoint":"update_results","source":{"storageSource":{"bucket":"gcf-v2-sources-684643143905-europe-west1","object":"update_results/function-source.zip","generation":"1762156077801777"}},"environmentVariables":{"GOOGLE_NODE_RUN_SCRIPTS":""},"dockerRepository":"projects/win-finder/locations/europe-west1/repositories/gcf-artifacts","sourceProvenance":{"resolvedStorageSource":{"bucket":"gcf-v2-sources-684643143905-europe-west1","object":"update_results/function-source.zip","generation":"1762156077801777"}},"dockerRegistry":"ARTIFACT_REGISTRY","serviceAccount":"projects/win-finder/serviceAccounts/684643143905-compute@developer.gserviceaccount.com","automaticUpdatePolicy":{}},"serviceConfig":{"service":"projects/win-finder/locations/europe-west1/services/update-results","timeoutSeconds":60,"environmentVariables":{"FIREBASE_CONFIG":"{\"projectId\":\"win-finder\",\"storageBucket\":\"win-finder.firebasestorage.app\"}","GCLOUD_PROJECT":"win-finder","EVENTARC_CLOUD_EVENT_SOURCE":"projects/win-finder/locations/europe-west1/services/update_results","FUNCTION_TARGET":"update_results","LOG_EXECUTION_ID":"true"},"maxInstanceCount":20,"ingressSettings":"ALLOW_ALL","uri":"https://update-results-jfm2n322wq-ew.a.run.app","serviceAccountEmail":"684643143905-compute@developer.gserviceaccount.com","availableMemory":"256Mi","allTrafficOnLatestRevision":true,"revision":"update-results-00001-mec","maxInstanceRequestConcurrency":80,"availableCpu":"1"},"state":"ACTIVE","updateTime":"2025-11-03T07:47:58.236617083Z","labels":{"deployment-scheduled":"true","firebase-functions-hash":"ee75f44b903cf0e91e5c1d13a9a270a78387caeb","deployment-tool":"cli-firebase"},"environment":"GEN_2","url":"https://europe-west1-win-finder.cloudfunctions.net/update_results","createTime":"2025-11-03T07:47:58.236617083Z","satisfiesPzi":true}}
[debug] [2025-11-03T07:49:05.842Z] Got source token Clhwcm9qZWN0cy82ODQ2NDMxNDM5MDUvbG9jYXRpb25zL2V1cm9wZS13ZXN0MS9idWlsZHMvYTg2ZDdjYWItYzkyMy00YzRjLThmNGYtZDU0ZGZlNDkwMzQ1EmpldXJvcGUtd2VzdDEtZG9ja2VyLnBrZy5kZXYvd2luLWZpbmRlci9nY2YtYXJ0aWZhY3RzL3dpbi0tZmluZGVyX19ldXJvcGUtLXdlc3QxX191cGRhdGVfX3Jlc3VsdHM6dmVyc2lvbl8xGOGhpb/2EyJDcHJvamVjdHMvd2luLWZpbmRlci9sb2NhdGlvbnMvZXVyb3BlLXdlc3QxL2Z1bmN0aW9ucy91cGRhdGVfcmVzdWx0cyoMCN+8ocgGEMCDz4UBMghub2RlanMyMjp3CiNnY3IuaW8vZ2FlLXJ1bnRpbWVzL25vZGVqczIyOnN0YWJsZRJQZXVyb3BlLXdlc3QxLWRvY2tlci5wa2cuZGV2L3NlcnZlcmxlc3MtcnVudGltZXMvZ29vZ2xlLTIyLWZ1bGwvcnVudGltZXMvbm9kZWpzMjJAAQ== for region europe-west1
[debug] [2025-11-03T07:49:05.843Z] Checked if tokens are valid: true, expires at: 1762158412358
[debug] [2025-11-03T07:49:05.843Z] Checked if tokens are valid: true, expires at: 1762158412358
[debug] [2025-11-03T07:49:05.843Z] >>> [apiv2][query] GET https://compute.googleapis.com/compute/v1/projects/684643143905 [none]
[debug] [2025-11-03T07:49:06.285Z] <<< [apiv2][status] GET https://compute.googleapis.com/compute/v1/projects/684643143905 403
[debug] [2025-11-03T07:49:06.286Z] <<< [apiv2][body] GET https://compute.googleapis.com/compute/v1/projects/684643143905 {"error":{"code":403,"message":"Compute Engine API has not been used in project 684643143905 before or it is disabled. Enable it by visiting https://console.developers.google.com/apis/api/compute.googleapis.com/overview?project=684643143905 then retry. If you enabled this API recently, wait a few minutes for the action to propagate to our systems and retry.","errors":[{"message":"Compute Engine API has not been used in project 684643143905 before or it is disabled. Enable it by visiting https://console.developers.google.com/apis/api/compute.googleapis.com/overview?project=684643143905 then retry. If you enabled this API recently, wait a few minutes for the action to propagate to our systems and retry.","domain":"usageLimits","reason":"accessNotConfigured","extendedHelp":"https://console.developers.google.com"}],"status":"PERMISSION_DENIED","details":[{"@type":"type.googleapis.com/google.rpc.ErrorInfo","reason":"SERVICE_DISABLED","domain":"googleapis.com","metadata":{"serviceTitle":"Compute Engine API","containerInfo":"684643143905","consumer":"projects/684643143905","activationUrl":"https://console.developers.google.com/apis/api/compute.googleapis.com/overview?project=684643143905","service":"compute.googleapis.com"}},{"@type":"type.googleapis.com/google.rpc.LocalizedMessage","locale":"en-US","message":"Compute Engine API has not been used in project 684643143905 before or it is disabled. Enable it by visiting https://console.developers.google.com/apis/api/compute.googleapis.com/overview?project=684643143905 then retry. If you enabled this API recently, wait a few minutes for the action to propagate to our systems and retry."},{"@type":"type.googleapis.com/google.rpc.Help","links":[{"description":"Google developers console API activation","url":"https://console.developers.google.com/apis/api/compute.googleapis.com/overview?project=684643143905"}]}]}}
[debug] [2025-11-03T07:49:06.286Z] unable to look up default compute service account. Falling back to 684643143905-compute@developer.gserviceaccount.com. Error: {"name":"FirebaseError","children":[],"context":{"body":{"error":{"code":403,"message":"Compute Engine API has not been used in project 684643143905 before or it is disabled. Enable it by visiting https://console.developers.google.com/apis/api/compute.googleapis.com/overview?project=684643143905 then retry. If you enabled this API recently, wait a few minutes for the action to propagate to our systems and retry.","errors":[{"message":"Compute Engine API has not been used in project 684643143905 before or it is disabled. Enable it by visiting https://console.developers.google.com/apis/api/compute.googleapis.com/overview?project=684643143905 then retry. If you enabled this API recently, wait a few minutes for the action to propagate to our systems and retry.","domain":"usageLimits","reason":"accessNotConfigured","extendedHelp":"https://console.developers.google.com"}],"status":"PERMISSION_DENIED","details":[{"@type":"type.googleapis.com/google.rpc.ErrorInfo","reason":"SERVICE_DISABLED","domain":"googleapis.com","metadata":{"serviceTitle":"Compute Engine API","containerInfo":"684643143905","consumer":"projects/684643143905","activationUrl":"https://console.developers.google.com/apis/api/compute.googleapis.com/overview?project=684643143905","service":"compute.googleapis.com"}},{"@type":"type.googleapis.com/google.rpc.LocalizedMessage","locale":"en-US","message":"Compute Engine API has not been used in project 684643143905 before or it is disabled. Enable it by visiting https://console.developers.google.com/apis/api/compute.googleapis.com/overview?project=684643143905 then retry. If you enabled this API recently, wait a few minutes for the action to propagate to our systems and retry."},{"@type":"type.googleapis.com/google.rpc.Help","links":[{"description":"Google developers console API activation","url":"https://console.developers.google.com/apis/api/compute.googleapis.com/overview?project=684643143905"}]}]}},"response":{"statusCode":403}},"exit":1,"message":"Request to https://compute.googleapis.com/compute/v1/projects/684643143905 had HTTP Error: 403, Compute Engine API has not been used in project 684643143905 before or it is disabled. Enable it by visiting https://console.developers.google.com/apis/api/compute.googleapis.com/overview?project=684643143905 then retry. If you enabled this API recently, wait a few minutes for the action to propagate to our systems and retry.","status":403}
[debug] [2025-11-03T07:49:06.289Z] Checked if tokens are valid: true, expires at: 1762158412358
[debug] [2025-11-03T07:49:06.289Z] Checked if tokens are valid: true, expires at: 1762158412358
[debug] [2025-11-03T07:49:06.289Z] >>> [apiv2][query] POST https://run.googleapis.com/v1/projects/win-finder/locations/europe-west1/services/update-results:setIamPolicy [none]
[debug] [2025-11-03T07:49:06.289Z] >>> [apiv2][body] POST https://run.googleapis.com/v1/projects/win-finder/locations/europe-west1/services/update-results:setIamPolicy {"policy":{"bindings":[{"role":"roles/run.invoker","members":["serviceAccount:684643143905-compute@developer.gserviceaccount.com"]}],"etag":"","version":3},"updateMask":"bindings,etag,version"}
[debug] [2025-11-03T07:49:07.033Z] <<< [apiv2][status] POST https://run.googleapis.com/v1/projects/win-finder/locations/europe-west1/services/update-results:setIamPolicy 200
[debug] [2025-11-03T07:49:07.033Z] <<< [apiv2][body] POST https://run.googleapis.com/v1/projects/win-finder/locations/europe-west1/services/update-results:setIamPolicy {"version":1,"etag":"BwZCq/MuTR4=","bindings":[{"role":"roles/run.invoker","members":["serviceAccount:684643143905-compute@developer.gserviceaccount.com"]}]}
[debug] [2025-11-03T07:49:07.035Z] Checked if tokens are valid: true, expires at: 1762158412358
[debug] [2025-11-03T07:49:07.035Z] Checked if tokens are valid: true, expires at: 1762158412358
[debug] [2025-11-03T07:49:07.035Z] >>> [apiv2][query] GET https://compute.googleapis.com/compute/v1/projects/684643143905 [none]
[debug] [2025-11-03T07:49:07.246Z] <<< [apiv2][status] GET https://compute.googleapis.com/compute/v1/projects/684643143905 403
[debug] [2025-11-03T07:49:07.246Z] <<< [apiv2][body] GET https://compute.googleapis.com/compute/v1/projects/684643143905 {"error":{"code":403,"message":"Compute Engine API has not been used in project 684643143905 before or it is disabled. Enable it by visiting https://console.developers.google.com/apis/api/compute.googleapis.com/overview?project=684643143905 then retry. If you enabled this API recently, wait a few minutes for the action to propagate to our systems and retry.","errors":[{"message":"Compute Engine API has not been used in project 684643143905 before or it is disabled. Enable it by visiting https://console.developers.google.com/apis/api/compute.googleapis.com/overview?project=684643143905 then retry. If you enabled this API recently, wait a few minutes for the action to propagate to our systems and retry.","domain":"usageLimits","reason":"accessNotConfigured","extendedHelp":"https://console.developers.google.com"}],"status":"PERMISSION_DENIED","details":[{"@type":"type.googleapis.com/google.rpc.ErrorInfo","reason":"SERVICE_DISABLED","domain":"googleapis.com","metadata":{"containerInfo":"684643143905","activationUrl":"https://console.developers.google.com/apis/api/compute.googleapis.com/overview?project=684643143905","service":"compute.googleapis.com","consumer":"projects/684643143905","serviceTitle":"Compute Engine API"}},{"@type":"type.googleapis.com/google.rpc.LocalizedMessage","locale":"en-US","message":"Compute Engine API has not been used in project 684643143905 before or it is disabled. Enable it by visiting https://console.developers.google.com/apis/api/compute.googleapis.com/overview?project=684643143905 then retry. If you enabled this API recently, wait a few minutes for the action to propagate to our systems and retry."},{"@type":"type.googleapis.com/google.rpc.Help","links":[{"description":"Google developers console API activation","url":"https://console.developers.google.com/apis/api/compute.googleapis.com/overview?project=684643143905"}]}]}}
[debug] [2025-11-03T07:49:07.247Z] unable to look up default compute service account. Falling back to 684643143905-compute@developer.gserviceaccount.com. Error: {"name":"FirebaseError","children":[],"context":{"body":{"error":{"code":403,"message":"Compute Engine API has not been used in project 684643143905 before or it is disabled. Enable it by visiting https://console.developers.google.com/apis/api/compute.googleapis.com/overview?project=684643143905 then retry. If you enabled this API recently, wait a few minutes for the action to propagate to our systems and retry.","errors":[{"message":"Compute Engine API has not been used in project 684643143905 before or it is disabled. Enable it by visiting https://console.developers.google.com/apis/api/compute.googleapis.com/overview?project=684643143905 then retry. If you enabled this API recently, wait a few minutes for the action to propagate to our systems and retry.","domain":"usageLimits","reason":"accessNotConfigured","extendedHelp":"https://console.developers.google.com"}],"status":"PERMISSION_DENIED","details":[{"@type":"type.googleapis.com/google.rpc.ErrorInfo","reason":"SERVICE_DISABLED","domain":"googleapis.com","metadata":{"containerInfo":"684643143905","activationUrl":"https://console.developers.google.com/apis/api/compute.googleapis.com/overview?project=684643143905","service":"compute.googleapis.com","consumer":"projects/684643143905","serviceTitle":"Compute Engine API"}},{"@type":"type.googleapis.com/google.rpc.LocalizedMessage","locale":"en-US","message":"Compute Engine API has not been used in project 684643143905 before or it is disabled. Enable it by visiting https://console.developers.google.com/apis/api/compute.googleapis.com/overview?project=684643143905 then retry. If you enabled this API recently, wait a few minutes for the action to propagate to our systems and retry."},{"@type":"type.googleapis.com/google.rpc.Help","links":[{"description":"Google developers console API activation","url":"https://console.developers.google.com/apis/api/compute.googleapis.com/overview?project=684643143905"}]}]}},"response":{"statusCode":403}},"exit":1,"message":"Request to https://compute.googleapis.com/compute/v1/projects/684643143905 had HTTP Error: 403, Compute Engine API has not been used in project 684643143905 before or it is disabled. Enable it by visiting https://console.developers.google.com/apis/api/compute.googleapis.com/overview?project=684643143905 then retry. If you enabled this API recently, wait a few minutes for the action to propagate to our systems and retry.","status":403}
[debug] [2025-11-03T07:49:07.248Z] Checked if tokens are valid: true, expires at: 1762158412358
[debug] [2025-11-03T07:49:07.248Z] Checked if tokens are valid: true, expires at: 1762158412358
[debug] [2025-11-03T07:49:07.248Z] >>> [apiv2][query] GET https://cloudscheduler.googleapis.com/v1/projects/win-finder/locations/europe-west1/jobs/firebase-schedule-update_results-europe-west1 [none]
[debug] [2025-11-03T07:49:07.527Z] <<< [apiv2][status] GET https://cloudscheduler.googleapis.com/v1/projects/win-finder/locations/europe-west1/jobs/firebase-schedule-update_results-europe-west1 404
[debug] [2025-11-03T07:49:07.528Z] <<< [apiv2][body] GET https://cloudscheduler.googleapis.com/v1/projects/win-finder/locations/europe-west1/jobs/firebase-schedule-update_results-europe-west1 {"error":{"code":404,"message":"Job not found.","status":"NOT_FOUND"}}
[debug] [2025-11-03T07:49:07.529Z] Checked if tokens are valid: true, expires at: 1762158412358
[debug] [2025-11-03T07:49:07.529Z] Checked if tokens are valid: true, expires at: 1762158412358
[debug] [2025-11-03T07:49:07.529Z] >>> [apiv2][query] POST https://cloudscheduler.googleapis.com/v1/projects/win-finder/locations/europe-west1/jobs [none]
[debug] [2025-11-03T07:49:07.529Z] >>> [apiv2][body] POST https://cloudscheduler.googleapis.com/v1/projects/win-finder/locations/europe-west1/jobs {"timeZone":"UTC","name":"projects/win-finder/locations/europe-west1/jobs/firebase-schedule-update_results-europe-west1","httpTarget":{"uri":"https://europe-west1-win-finder.cloudfunctions.net/update_results","httpMethod":"POST","oidcToken":{"serviceAccountEmail":"684643143905-compute@developer.gserviceaccount.com"}},"schedule":"every 30 minutes"}
[debug] [2025-11-03T07:49:11.988Z] <<< [apiv2][status] POST https://cloudscheduler.googleapis.com/v1/projects/win-finder/locations/europe-west1/jobs 200
[debug] [2025-11-03T07:49:11.989Z] <<< [apiv2][body] POST https://cloudscheduler.googleapis.com/v1/projects/win-finder/locations/europe-west1/jobs {"name":"projects/win-finder/locations/europe-west1/jobs/firebase-schedule-update_results-europe-west1","httpTarget":{"uri":"https://europe-west1-win-finder.cloudfunctions.net/update_results","httpMethod":"POST","headers":{"User-Agent":"Google-Cloud-Scheduler"},"oidcToken":{"serviceAccountEmail":"684643143905-compute@developer.gserviceaccount.com","audience":"https://europe-west1-win-finder.cloudfunctions.net/update_results"}},"userUpdateTime":"2025-11-03T07:49:11.855101Z","state":"ENABLED","status":{"code":-1},"scheduleTime":"2025-11-03T08:19:00Z","schedule":"every 30 minutes","timeZone":"UTC","attemptDeadline":"180s"}
[debug] [2025-11-03T07:49:11.989Z] created scheduler job firebase-schedule-update_results-europe-west1
[info] ✔  functions[update_results(europe-west1)] Successful create operation. 
[debug] [2025-11-03T07:49:12.848Z] [create-default-europe-west1-cleanDatabase] Retrying task index 0
[debug] [2025-11-03T07:49:12.849Z] Checked if tokens are valid: true, expires at: 1762158412358
[debug] [2025-11-03T07:49:12.849Z] Checked if tokens are valid: true, expires at: 1762158412358
[debug] [2025-11-03T07:49:12.850Z] >>> [apiv2][query] GET https://cloudfunctions.googleapis.com/v2/projects/win-finder/locations/europe-west1/operations/operation-1762156136018-642abf286b23a-609aad9b-475ae42e [none]
[debug] [2025-11-03T07:49:12.961Z] [create-default-europe-west1-updateStandings] Retrying task index 0
[debug] [2025-11-03T07:49:12.962Z] Checked if tokens are valid: true, expires at: 1762158412358
[debug] [2025-11-03T07:49:12.962Z] Checked if tokens are valid: true, expires at: 1762158412358
[debug] [2025-11-03T07:49:12.962Z] >>> [apiv2][query] GET https://cloudfunctions.googleapis.com/v2/projects/win-finder/locations/europe-west1/operations/operation-1762156135921-642abf285391e-525ec69e-20f3106d [none]
[debug] [2025-11-03T07:49:13.086Z] <<< [apiv2][status] GET https://cloudfunctions.googleapis.com/v2/projects/win-finder/locations/europe-west1/operations/operation-1762156136018-642abf286b23a-609aad9b-475ae42e 200
[debug] [2025-11-03T07:49:13.086Z] <<< [apiv2][body] GET https://cloudfunctions.googleapis.com/v2/projects/win-finder/locations/europe-west1/operations/operation-1762156136018-642abf286b23a-609aad9b-475ae42e {"name":"projects/win-finder/locations/europe-west1/operations/operation-1762156136018-642abf286b23a-609aad9b-475ae42e","metadata":{"@type":"type.googleapis.com/google.cloud.functions.v2.OperationMetadata","createTime":"2025-11-03T07:48:56.565234820Z","target":"projects/win-finder/locations/europe-west1/functions/cleanDatabase","verb":"create","cancelRequested":false,"apiVersion":"v2","requestResource":{"@type":"type.googleapis.com/google.cloud.functions.v2.Function","name":"projects/win-finder/locations/europe-west1/functions/cleanDatabase","buildConfig":{"runtime":"nodejs22","entryPoint":"cleanDatabase","source":{"storageSource":{"bucket":"gcf-v2-sources-684643143905-europe-west1","object":"cleanDatabase/function-source.zip","generation":"1762156136214262"}},"environmentVariables":{"GOOGLE_NODE_RUN_SCRIPTS":""},"sourceToken":"Clhwcm9qZWN0cy82ODQ2NDMxNDM5MDUvbG9jYXRpb25zL2V1cm9wZS13ZXN0MS9idWlsZHMvYTg2ZDdjYWItYzkyMy00YzRjLThmNGYtZDU0ZGZlNDkwMzQ1EmpldXJvcGUtd2VzdDEtZG9ja2VyLnBrZy5kZXYvd2luLWZpbmRlci9nY2YtYXJ0aWZhY3RzL3dpbi0tZmluZGVyX19ldXJvcGUtLXdlc3QxX191cGRhdGVfX3Jlc3VsdHM6dmVyc2lvbl8xGOGhpb/2EyJDcHJvamVjdHMvd2luLWZpbmRlci9sb2NhdGlvbnMvZXVyb3BlLXdlc3QxL2Z1bmN0aW9ucy91cGRhdGVfcmVzdWx0cyoMCN+8ocgGEMCDz4UBMghub2RlanMyMjp3CiNnY3IuaW8vZ2FlLXJ1bnRpbWVzL25vZGVqczIyOnN0YWJsZRJQZXVyb3BlLXdlc3QxLWRvY2tlci5wa2cuZGV2L3NlcnZlcmxlc3MtcnVudGltZXMvZ29vZ2xlLTIyLWZ1bGwvcnVudGltZXMvbm9kZWpzMjJAAQ==","serviceAccount":"projects/win-finder/serviceAccounts/684643143905-compute@developer.gserviceaccount.com","automaticUpdatePolicy":{}},"serviceConfig":{"service":"projects/win-finder/locations/europe-west1/services/cleandatabase","timeoutSeconds":60,"environmentVariables":{"FIREBASE_CONFIG":"{\"projectId\":\"win-finder\",\"storageBucket\":\"win-finder.firebasestorage.app\"}","GCLOUD_PROJECT":"win-finder","EVENTARC_CLOUD_EVENT_SOURCE":"projects/win-finder/locations/europe-west1/services/cleanDatabase","FUNCTION_TARGET":"cleanDatabase","LOG_EXECUTION_ID":"true","FUNCTION_SIGNATURE_TYPE":"http"},"ingressSettings":"ALLOW_ALL","serviceAccountEmail":"684643143905-compute@developer.gserviceaccount.com","availableMemory":"256Mi","maxInstanceRequestConcurrency":80,"availableCpu":"1"},"labels":{"deployment-tool":"cli-firebase","deployment-scheduled":"true","firebase-functions-hash":"ee75f44b903cf0e91e5c1d13a9a270a78387caeb"},"environment":"GEN_2"},"stages":[{"name":"BUILD","message":"Reusing build","state":"COMPLETE","resource":"projects/684643143905/locations/europe-west1/builds/a86d7cab-c923-4c4c-8f4f-d54dfe490345"},{"name":"SERVICE","message":"Creating Cloud Run service","state":"IN_PROGRESS","resource":"projects/win-finder/locations/europe-west1/services/cleandatabase","resourceUri":"https://console.cloud.google.com/run/detail/europe-west1/cleandatabase?project=win-finder"}],"sourceToken":"Clhwcm9qZWN0cy82ODQ2NDMxNDM5MDUvbG9jYXRpb25zL2V1cm9wZS13ZXN0MS9idWlsZHMvYTg2ZDdjYWItYzkyMy00YzRjLThmNGYtZDU0ZGZlNDkwMzQ1EmpldXJvcGUtd2VzdDEtZG9ja2VyLnBrZy5kZXYvd2luLWZpbmRlci9nY2YtYXJ0aWZhY3RzL3dpbi0tZmluZGVyX19ldXJvcGUtLXdlc3QxX191cGRhdGVfX3Jlc3VsdHM6dmVyc2lvbl8xGOGhpb/2EyJDcHJvamVjdHMvd2luLWZpbmRlci9sb2NhdGlvbnMvZXVyb3BlLXdlc3QxL2Z1bmN0aW9ucy91cGRhdGVfcmVzdWx0cyoMCN+8ocgGEMCDz4UBMghub2RlanMyMjp3CiNnY3IuaW8vZ2FlLXJ1bnRpbWVzL25vZGVqczIyOnN0YWJsZRJQZXVyb3BlLXdlc3QxLWRvY2tlci5wa2cuZGV2L3NlcnZlcmxlc3MtcnVudGltZXMvZ29vZ2xlLTIyLWZ1bGwvcnVudGltZXMvbm9kZWpzMjJAAQ==","operationType":"CREATE_FUNCTION","buildName":"projects/684643143905/locations/europe-west1/builds/a86d7cab-c923-4c4c-8f4f-d54dfe490345"},"done":false}
[debug] [2025-11-03T07:49:13.086Z] Got source token Clhwcm9qZWN0cy82ODQ2NDMxNDM5MDUvbG9jYXRpb25zL2V1cm9wZS13ZXN0MS9idWlsZHMvYTg2ZDdjYWItYzkyMy00YzRjLThmNGYtZDU0ZGZlNDkwMzQ1EmpldXJvcGUtd2VzdDEtZG9ja2VyLnBrZy5kZXYvd2luLWZpbmRlci9nY2YtYXJ0aWZhY3RzL3dpbi0tZmluZGVyX19ldXJvcGUtLXdlc3QxX191cGRhdGVfX3Jlc3VsdHM6dmVyc2lvbl8xGOGhpb/2EyJDcHJvamVjdHMvd2luLWZpbmRlci9sb2NhdGlvbnMvZXVyb3BlLXdlc3QxL2Z1bmN0aW9ucy91cGRhdGVfcmVzdWx0cyoMCN+8ocgGEMCDz4UBMghub2RlanMyMjp3CiNnY3IuaW8vZ2FlLXJ1bnRpbWVzL25vZGVqczIyOnN0YWJsZRJQZXVyb3BlLXdlc3QxLWRvY2tlci5wa2cuZGV2L3NlcnZlcmxlc3MtcnVudGltZXMvZ29vZ2xlLTIyLWZ1bGwvcnVudGltZXMvbm9kZWpzMjJAAQ== for region europe-west1
[debug] [2025-11-03T07:49:13.182Z] <<< [apiv2][status] GET https://cloudfunctions.googleapis.com/v2/projects/win-finder/locations/europe-west1/operations/operation-1762156135921-642abf285391e-525ec69e-20f3106d 200
[debug] [2025-11-03T07:49:13.183Z] <<< [apiv2][body] GET https://cloudfunctions.googleapis.com/v2/projects/win-finder/locations/europe-west1/operations/operation-1762156135921-642abf285391e-525ec69e-20f3106d {"name":"projects/win-finder/locations/europe-west1/operations/operation-1762156135921-642abf285391e-525ec69e-20f3106d","metadata":{"@type":"type.googleapis.com/google.cloud.functions.v2.OperationMetadata","createTime":"2025-11-03T07:48:56.510573040Z","target":"projects/win-finder/locations/europe-west1/functions/updateStandings","verb":"create","cancelRequested":false,"apiVersion":"v2","requestResource":{"@type":"type.googleapis.com/google.cloud.functions.v2.Function","name":"projects/win-finder/locations/europe-west1/functions/updateStandings","buildConfig":{"runtime":"nodejs22","entryPoint":"updateStandings","source":{"storageSource":{"bucket":"gcf-v2-sources-684643143905-europe-west1","object":"updateStandings/function-source.zip","generation":"1762156136120801"}},"environmentVariables":{"GOOGLE_NODE_RUN_SCRIPTS":""},"sourceToken":"Clhwcm9qZWN0cy82ODQ2NDMxNDM5MDUvbG9jYXRpb25zL2V1cm9wZS13ZXN0MS9idWlsZHMvYTg2ZDdjYWItYzkyMy00YzRjLThmNGYtZDU0ZGZlNDkwMzQ1EmpldXJvcGUtd2VzdDEtZG9ja2VyLnBrZy5kZXYvd2luLWZpbmRlci9nY2YtYXJ0aWZhY3RzL3dpbi0tZmluZGVyX19ldXJvcGUtLXdlc3QxX191cGRhdGVfX3Jlc3VsdHM6dmVyc2lvbl8xGOGhpb/2EyJDcHJvamVjdHMvd2luLWZpbmRlci9sb2NhdGlvbnMvZXVyb3BlLXdlc3QxL2Z1bmN0aW9ucy91cGRhdGVfcmVzdWx0cyoMCN+8ocgGEMCDz4UBMghub2RlanMyMjp3CiNnY3IuaW8vZ2FlLXJ1bnRpbWVzL25vZGVqczIyOnN0YWJsZRJQZXVyb3BlLXdlc3QxLWRvY2tlci5wa2cuZGV2L3NlcnZlcmxlc3MtcnVudGltZXMvZ29vZ2xlLTIyLWZ1bGwvcnVudGltZXMvbm9kZWpzMjJAAQ==","serviceAccount":"projects/win-finder/serviceAccounts/684643143905-compute@developer.gserviceaccount.com","automaticUpdatePolicy":{}},"serviceConfig":{"service":"projects/win-finder/locations/europe-west1/services/updatestandings","timeoutSeconds":60,"environmentVariables":{"FIREBASE_CONFIG":"{\"projectId\":\"win-finder\",\"storageBucket\":\"win-finder.firebasestorage.app\"}","GCLOUD_PROJECT":"win-finder","EVENTARC_CLOUD_EVENT_SOURCE":"projects/win-finder/locations/europe-west1/services/updateStandings","FUNCTION_TARGET":"updateStandings","LOG_EXECUTION_ID":"true","FUNCTION_SIGNATURE_TYPE":"http"},"ingressSettings":"ALLOW_ALL","serviceAccountEmail":"684643143905-compute@developer.gserviceaccount.com","availableMemory":"256Mi","maxInstanceRequestConcurrency":80,"availableCpu":"1"},"labels":{"deployment-tool":"cli-firebase","deployment-scheduled":"true","firebase-functions-hash":"ee75f44b903cf0e91e5c1d13a9a270a78387caeb"},"environment":"GEN_2"},"stages":[{"name":"BUILD","message":"Reusing build","state":"COMPLETE","resource":"projects/684643143905/locations/europe-west1/builds/a86d7cab-c923-4c4c-8f4f-d54dfe490345"},{"name":"SERVICE","message":"Creating Cloud Run service","state":"IN_PROGRESS","resource":"projects/win-finder/locations/europe-west1/services/updatestandings","resourceUri":"https://console.cloud.google.com/run/detail/europe-west1/updatestandings?project=win-finder"}],"sourceToken":"Clhwcm9qZWN0cy82ODQ2NDMxNDM5MDUvbG9jYXRpb25zL2V1cm9wZS13ZXN0MS9idWlsZHMvYTg2ZDdjYWItYzkyMy00YzRjLThmNGYtZDU0ZGZlNDkwMzQ1EmpldXJvcGUtd2VzdDEtZG9ja2VyLnBrZy5kZXYvd2luLWZpbmRlci9nY2YtYXJ0aWZhY3RzL3dpbi0tZmluZGVyX19ldXJvcGUtLXdlc3QxX191cGRhdGVfX3Jlc3VsdHM6dmVyc2lvbl8xGOGhpb/2EyJDcHJvamVjdHMvd2luLWZpbmRlci9sb2NhdGlvbnMvZXVyb3BlLXdlc3QxL2Z1bmN0aW9ucy91cGRhdGVfcmVzdWx0cyoMCN+8ocgGEMCDz4UBMghub2RlanMyMjp3CiNnY3IuaW8vZ2FlLXJ1bnRpbWVzL25vZGVqczIyOnN0YWJsZRJQZXVyb3BlLXdlc3QxLWRvY2tlci5wa2cuZGV2L3NlcnZlcmxlc3MtcnVudGltZXMvZ29vZ2xlLTIyLWZ1bGwvcnVudGltZXMvbm9kZWpzMjJAAQ==","operationType":"CREATE_FUNCTION","buildName":"projects/684643143905/locations/europe-west1/builds/a86d7cab-c923-4c4c-8f4f-d54dfe490345"},"done":false}
[debug] [2025-11-03T07:49:13.183Z] Got source token Clhwcm9qZWN0cy82ODQ2NDMxNDM5MDUvbG9jYXRpb25zL2V1cm9wZS13ZXN0MS9idWlsZHMvYTg2ZDdjYWItYzkyMy00YzRjLThmNGYtZDU0ZGZlNDkwMzQ1EmpldXJvcGUtd2VzdDEtZG9ja2VyLnBrZy5kZXYvd2luLWZpbmRlci9nY2YtYXJ0aWZhY3RzL3dpbi0tZmluZGVyX19ldXJvcGUtLXdlc3QxX191cGRhdGVfX3Jlc3VsdHM6dmVyc2lvbl8xGOGhpb/2EyJDcHJvamVjdHMvd2luLWZpbmRlci9sb2NhdGlvbnMvZXVyb3BlLXdlc3QxL2Z1bmN0aW9ucy91cGRhdGVfcmVzdWx0cyoMCN+8ocgGEMCDz4UBMghub2RlanMyMjp3CiNnY3IuaW8vZ2FlLXJ1bnRpbWVzL25vZGVqczIyOnN0YWJsZRJQZXVyb3BlLXdlc3QxLWRvY2tlci5wa2cuZGV2L3NlcnZlcmxlc3MtcnVudGltZXMvZ29vZ2xlLTIyLWZ1bGwvcnVudGltZXMvbm9kZWpzMjJAAQ== for region europe-west1
[debug] [2025-11-03T07:49:23.086Z] [create-default-europe-west1-cleanDatabase] Retrying task index 0
[debug] [2025-11-03T07:49:23.087Z] Checked if tokens are valid: true, expires at: 1762158412358
[debug] [2025-11-03T07:49:23.087Z] Checked if tokens are valid: true, expires at: 1762158412358
[debug] [2025-11-03T07:49:23.087Z] >>> [apiv2][query] GET https://cloudfunctions.googleapis.com/v2/projects/win-finder/locations/europe-west1/operations/operation-1762156136018-642abf286b23a-609aad9b-475ae42e [none]
[debug] [2025-11-03T07:49:23.184Z] [create-default-europe-west1-updateStandings] Retrying task index 0
[debug] [2025-11-03T07:49:23.185Z] Checked if tokens are valid: true, expires at: 1762158412358
[debug] [2025-11-03T07:49:23.185Z] Checked if tokens are valid: true, expires at: 1762158412358
[debug] [2025-11-03T07:49:23.186Z] >>> [apiv2][query] GET https://cloudfunctions.googleapis.com/v2/projects/win-finder/locations/europe-west1/operations/operation-1762156135921-642abf285391e-525ec69e-20f3106d [none]
[debug] [2025-11-03T07:49:23.348Z] <<< [apiv2][status] GET https://cloudfunctions.googleapis.com/v2/projects/win-finder/locations/europe-west1/operations/operation-1762156136018-642abf286b23a-609aad9b-475ae42e 200
[debug] [2025-11-03T07:49:23.349Z] <<< [apiv2][body] GET https://cloudfunctions.googleapis.com/v2/projects/win-finder/locations/europe-west1/operations/operation-1762156136018-642abf286b23a-609aad9b-475ae42e {"name":"projects/win-finder/locations/europe-west1/operations/operation-1762156136018-642abf286b23a-609aad9b-475ae42e","metadata":{"@type":"type.googleapis.com/google.cloud.functions.v2.OperationMetadata","createTime":"2025-11-03T07:48:56.565234820Z","target":"projects/win-finder/locations/europe-west1/functions/cleanDatabase","verb":"create","cancelRequested":false,"apiVersion":"v2","requestResource":{"@type":"type.googleapis.com/google.cloud.functions.v2.Function","name":"projects/win-finder/locations/europe-west1/functions/cleanDatabase","buildConfig":{"runtime":"nodejs22","entryPoint":"cleanDatabase","source":{"storageSource":{"bucket":"gcf-v2-sources-684643143905-europe-west1","object":"cleanDatabase/function-source.zip","generation":"1762156136214262"}},"environmentVariables":{"GOOGLE_NODE_RUN_SCRIPTS":""},"sourceToken":"Clhwcm9qZWN0cy82ODQ2NDMxNDM5MDUvbG9jYXRpb25zL2V1cm9wZS13ZXN0MS9idWlsZHMvYTg2ZDdjYWItYzkyMy00YzRjLThmNGYtZDU0ZGZlNDkwMzQ1EmpldXJvcGUtd2VzdDEtZG9ja2VyLnBrZy5kZXYvd2luLWZpbmRlci9nY2YtYXJ0aWZhY3RzL3dpbi0tZmluZGVyX19ldXJvcGUtLXdlc3QxX191cGRhdGVfX3Jlc3VsdHM6dmVyc2lvbl8xGOGhpb/2EyJDcHJvamVjdHMvd2luLWZpbmRlci9sb2NhdGlvbnMvZXVyb3BlLXdlc3QxL2Z1bmN0aW9ucy91cGRhdGVfcmVzdWx0cyoMCN+8ocgGEMCDz4UBMghub2RlanMyMjp3CiNnY3IuaW8vZ2FlLXJ1bnRpbWVzL25vZGVqczIyOnN0YWJsZRJQZXVyb3BlLXdlc3QxLWRvY2tlci5wa2cuZGV2L3NlcnZlcmxlc3MtcnVudGltZXMvZ29vZ2xlLTIyLWZ1bGwvcnVudGltZXMvbm9kZWpzMjJAAQ==","serviceAccount":"projects/win-finder/serviceAccounts/684643143905-compute@developer.gserviceaccount.com","automaticUpdatePolicy":{}},"serviceConfig":{"service":"projects/win-finder/locations/europe-west1/services/cleandatabase","timeoutSeconds":60,"environmentVariables":{"FIREBASE_CONFIG":"{\"projectId\":\"win-finder\",\"storageBucket\":\"win-finder.firebasestorage.app\"}","GCLOUD_PROJECT":"win-finder","EVENTARC_CLOUD_EVENT_SOURCE":"projects/win-finder/locations/europe-west1/services/cleanDatabase","FUNCTION_TARGET":"cleanDatabase","LOG_EXECUTION_ID":"true","FUNCTION_SIGNATURE_TYPE":"http"},"ingressSettings":"ALLOW_ALL","serviceAccountEmail":"684643143905-compute@developer.gserviceaccount.com","availableMemory":"256Mi","maxInstanceRequestConcurrency":80,"availableCpu":"1"},"labels":{"deployment-tool":"cli-firebase","deployment-scheduled":"true","firebase-functions-hash":"ee75f44b903cf0e91e5c1d13a9a270a78387caeb"},"environment":"GEN_2"},"stages":[{"name":"BUILD","message":"Reusing build","state":"COMPLETE","resource":"projects/684643143905/locations/europe-west1/builds/a86d7cab-c923-4c4c-8f4f-d54dfe490345"},{"name":"SERVICE","message":"Creating Cloud Run service","state":"IN_PROGRESS","resource":"projects/win-finder/locations/europe-west1/services/cleandatabase","resourceUri":"https://console.cloud.google.com/run/detail/europe-west1/cleandatabase?project=win-finder"}],"sourceToken":"Clhwcm9qZWN0cy82ODQ2NDMxNDM5MDUvbG9jYXRpb25zL2V1cm9wZS13ZXN0MS9idWlsZHMvYTg2ZDdjYWItYzkyMy00YzRjLThmNGYtZDU0ZGZlNDkwMzQ1EmpldXJvcGUtd2VzdDEtZG9ja2VyLnBrZy5kZXYvd2luLWZpbmRlci9nY2YtYXJ0aWZhY3RzL3dpbi0tZmluZGVyX19ldXJvcGUtLXdlc3QxX191cGRhdGVfX3Jlc3VsdHM6dmVyc2lvbl8xGOGhpb/2EyJDcHJvamVjdHMvd2luLWZpbmRlci9sb2NhdGlvbnMvZXVyb3BlLXdlc3QxL2Z1bmN0aW9ucy91cGRhdGVfcmVzdWx0cyoMCN+8ocgGEMCDz4UBMghub2RlanMyMjp3CiNnY3IuaW8vZ2FlLXJ1bnRpbWVzL25vZGVqczIyOnN0YWJsZRJQZXVyb3BlLXdlc3QxLWRvY2tlci5wa2cuZGV2L3NlcnZlcmxlc3MtcnVudGltZXMvZ29vZ2xlLTIyLWZ1bGwvcnVudGltZXMvbm9kZWpzMjJAAQ==","operationType":"CREATE_FUNCTION","buildName":"projects/684643143905/locations/europe-west1/builds/a86d7cab-c923-4c4c-8f4f-d54dfe490345"},"done":false}
[debug] [2025-11-03T07:49:23.349Z] Got source token Clhwcm9qZWN0cy82ODQ2NDMxNDM5MDUvbG9jYXRpb25zL2V1cm9wZS13ZXN0MS9idWlsZHMvYTg2ZDdjYWItYzkyMy00YzRjLThmNGYtZDU0ZGZlNDkwMzQ1EmpldXJvcGUtd2VzdDEtZG9ja2VyLnBrZy5kZXYvd2luLWZpbmRlci9nY2YtYXJ0aWZhY3RzL3dpbi0tZmluZGVyX19ldXJvcGUtLXdlc3QxX191cGRhdGVfX3Jlc3VsdHM6dmVyc2lvbl8xGOGhpb/2EyJDcHJvamVjdHMvd2luLWZpbmRlci9sb2NhdGlvbnMvZXVyb3BlLXdlc3QxL2Z1bmN0aW9ucy91cGRhdGVfcmVzdWx0cyoMCN+8ocgGEMCDz4UBMghub2RlanMyMjp3CiNnY3IuaW8vZ2FlLXJ1bnRpbWVzL25vZGVqczIyOnN0YWJsZRJQZXVyb3BlLXdlc3QxLWRvY2tlci5wa2cuZGV2L3NlcnZlcmxlc3MtcnVudGltZXMvZ29vZ2xlLTIyLWZ1bGwvcnVudGltZXMvbm9kZWpzMjJAAQ== for region europe-west1
[debug] [2025-11-03T07:49:23.413Z] <<< [apiv2][status] GET https://cloudfunctions.googleapis.com/v2/projects/win-finder/locations/europe-west1/operations/operation-1762156135921-642abf285391e-525ec69e-20f3106d 200
[debug] [2025-11-03T07:49:23.414Z] <<< [apiv2][body] GET https://cloudfunctions.googleapis.com/v2/projects/win-finder/locations/europe-west1/operations/operation-1762156135921-642abf285391e-525ec69e-20f3106d {"name":"projects/win-finder/locations/europe-west1/operations/operation-1762156135921-642abf285391e-525ec69e-20f3106d","metadata":{"@type":"type.googleapis.com/google.cloud.functions.v2.OperationMetadata","createTime":"2025-11-03T07:48:56.510573040Z","target":"projects/win-finder/locations/europe-west1/functions/updateStandings","verb":"create","cancelRequested":false,"apiVersion":"v2","requestResource":{"@type":"type.googleapis.com/google.cloud.functions.v2.Function","name":"projects/win-finder/locations/europe-west1/functions/updateStandings","buildConfig":{"runtime":"nodejs22","entryPoint":"updateStandings","source":{"storageSource":{"bucket":"gcf-v2-sources-684643143905-europe-west1","object":"updateStandings/function-source.zip","generation":"1762156136120801"}},"environmentVariables":{"GOOGLE_NODE_RUN_SCRIPTS":""},"sourceToken":"Clhwcm9qZWN0cy82ODQ2NDMxNDM5MDUvbG9jYXRpb25zL2V1cm9wZS13ZXN0MS9idWlsZHMvYTg2ZDdjYWItYzkyMy00YzRjLThmNGYtZDU0ZGZlNDkwMzQ1EmpldXJvcGUtd2VzdDEtZG9ja2VyLnBrZy5kZXYvd2luLWZpbmRlci9nY2YtYXJ0aWZhY3RzL3dpbi0tZmluZGVyX19ldXJvcGUtLXdlc3QxX191cGRhdGVfX3Jlc3VsdHM6dmVyc2lvbl8xGOGhpb/2EyJDcHJvamVjdHMvd2luLWZpbmRlci9sb2NhdGlvbnMvZXVyb3BlLXdlc3QxL2Z1bmN0aW9ucy91cGRhdGVfcmVzdWx0cyoMCN+8ocgGEMCDz4UBMghub2RlanMyMjp3CiNnY3IuaW8vZ2FlLXJ1bnRpbWVzL25vZGVqczIyOnN0YWJsZRJQZXVyb3BlLXdlc3QxLWRvY2tlci5wa2cuZGV2L3NlcnZlcmxlc3MtcnVudGltZXMvZ29vZ2xlLTIyLWZ1bGwvcnVudGltZXMvbm9kZWpzMjJAAQ==","serviceAccount":"projects/win-finder/serviceAccounts/684643143905-compute@developer.gserviceaccount.com","automaticUpdatePolicy":{}},"serviceConfig":{"service":"projects/win-finder/locations/europe-west1/services/updatestandings","timeoutSeconds":60,"environmentVariables":{"FIREBASE_CONFIG":"{\"projectId\":\"win-finder\",\"storageBucket\":\"win-finder.firebasestorage.app\"}","GCLOUD_PROJECT":"win-finder","EVENTARC_CLOUD_EVENT_SOURCE":"projects/win-finder/locations/europe-west1/services/updateStandings","FUNCTION_TARGET":"updateStandings","LOG_EXECUTION_ID":"true","FUNCTION_SIGNATURE_TYPE":"http"},"ingressSettings":"ALLOW_ALL","serviceAccountEmail":"684643143905-compute@developer.gserviceaccount.com","availableMemory":"256Mi","maxInstanceRequestConcurrency":80,"availableCpu":"1"},"labels":{"deployment-tool":"cli-firebase","deployment-scheduled":"true","firebase-functions-hash":"ee75f44b903cf0e91e5c1d13a9a270a78387caeb"},"environment":"GEN_2"},"stages":[{"name":"BUILD","message":"Reusing build","state":"COMPLETE","resource":"projects/684643143905/locations/europe-west1/builds/a86d7cab-c923-4c4c-8f4f-d54dfe490345"},{"name":"SERVICE","message":"Creating Cloud Run service","state":"IN_PROGRESS","resource":"projects/win-finder/locations/europe-west1/services/updatestandings","resourceUri":"https://console.cloud.google.com/run/detail/europe-west1/updatestandings?project=win-finder"}],"sourceToken":"Clhwcm9qZWN0cy82ODQ2NDMxNDM5MDUvbG9jYXRpb25zL2V1cm9wZS13ZXN0MS9idWlsZHMvYTg2ZDdjYWItYzkyMy00YzRjLThmNGYtZDU0ZGZlNDkwMzQ1EmpldXJvcGUtd2VzdDEtZG9ja2VyLnBrZy5kZXYvd2luLWZpbmRlci9nY2YtYXJ0aWZhY3RzL3dpbi0tZmluZGVyX19ldXJvcGUtLXdlc3QxX191cGRhdGVfX3Jlc3VsdHM6dmVyc2lvbl8xGOGhpb/2EyJDcHJvamVjdHMvd2luLWZpbmRlci9sb2NhdGlvbnMvZXVyb3BlLXdlc3QxL2Z1bmN0aW9ucy91cGRhdGVfcmVzdWx0cyoMCN+8ocgGEMCDz4UBMghub2RlanMyMjp3CiNnY3IuaW8vZ2FlLXJ1bnRpbWVzL25vZGVqczIyOnN0YWJsZRJQZXVyb3BlLXdlc3QxLWRvY2tlci5wa2cuZGV2L3NlcnZlcmxlc3MtcnVudGltZXMvZ29vZ2xlLTIyLWZ1bGwvcnVudGltZXMvbm9kZWpzMjJAAQ==","operationType":"CREATE_FUNCTION","buildName":"projects/684643143905/locations/europe-west1/builds/a86d7cab-c923-4c4c-8f4f-d54dfe490345"},"done":false}
[debug] [2025-11-03T07:49:23.414Z] Got source token Clhwcm9qZWN0cy82ODQ2NDMxNDM5MDUvbG9jYXRpb25zL2V1cm9wZS13ZXN0MS9idWlsZHMvYTg2ZDdjYWItYzkyMy00YzRjLThmNGYtZDU0ZGZlNDkwMzQ1EmpldXJvcGUtd2VzdDEtZG9ja2VyLnBrZy5kZXYvd2luLWZpbmRlci9nY2YtYXJ0aWZhY3RzL3dpbi0tZmluZGVyX19ldXJvcGUtLXdlc3QxX191cGRhdGVfX3Jlc3VsdHM6dmVyc2lvbl8xGOGhpb/2EyJDcHJvamVjdHMvd2luLWZpbmRlci9sb2NhdGlvbnMvZXVyb3BlLXdlc3QxL2Z1bmN0aW9ucy91cGRhdGVfcmVzdWx0cyoMCN+8ocgGEMCDz4UBMghub2RlanMyMjp3CiNnY3IuaW8vZ2FlLXJ1bnRpbWVzL25vZGVqczIyOnN0YWJsZRJQZXVyb3BlLXdlc3QxLWRvY2tlci5wa2cuZGV2L3NlcnZlcmxlc3MtcnVudGltZXMvZ29vZ2xlLTIyLWZ1bGwvcnVudGltZXMvbm9kZWpzMjJAAQ== for region europe-west1
[debug] [2025-11-03T07:49:33.350Z] [create-default-europe-west1-cleanDatabase] Retrying task index 0
[debug] [2025-11-03T07:49:33.351Z] Checked if tokens are valid: true, expires at: 1762158412358
[debug] [2025-11-03T07:49:33.352Z] Checked if tokens are valid: true, expires at: 1762158412358
[debug] [2025-11-03T07:49:33.352Z] >>> [apiv2][query] GET https://cloudfunctions.googleapis.com/v2/projects/win-finder/locations/europe-west1/operations/operation-1762156136018-642abf286b23a-609aad9b-475ae42e [none]
[debug] [2025-11-03T07:49:33.415Z] [create-default-europe-west1-updateStandings] Retrying task index 0
[debug] [2025-11-03T07:49:33.416Z] Checked if tokens are valid: true, expires at: 1762158412358
[debug] [2025-11-03T07:49:33.416Z] Checked if tokens are valid: true, expires at: 1762158412358
[debug] [2025-11-03T07:49:33.417Z] >>> [apiv2][query] GET https://cloudfunctions.googleapis.com/v2/projects/win-finder/locations/europe-west1/operations/operation-1762156135921-642abf285391e-525ec69e-20f3106d [none]
[debug] [2025-11-03T07:49:33.592Z] <<< [apiv2][status] GET https://cloudfunctions.googleapis.com/v2/projects/win-finder/locations/europe-west1/operations/operation-1762156136018-642abf286b23a-609aad9b-475ae42e 200
[debug] [2025-11-03T07:49:33.593Z] <<< [apiv2][body] GET https://cloudfunctions.googleapis.com/v2/projects/win-finder/locations/europe-west1/operations/operation-1762156136018-642abf286b23a-609aad9b-475ae42e {"name":"projects/win-finder/locations/europe-west1/operations/operation-1762156136018-642abf286b23a-609aad9b-475ae42e","metadata":{"@type":"type.googleapis.com/google.cloud.functions.v2.OperationMetadata","createTime":"2025-11-03T07:48:56.565234820Z","endTime":"2025-11-03T07:49:31.716911460Z","target":"projects/win-finder/locations/europe-west1/functions/cleanDatabase","verb":"create","cancelRequested":false,"apiVersion":"v2","requestResource":{"@type":"type.googleapis.com/google.cloud.functions.v2.Function","name":"projects/win-finder/locations/europe-west1/functions/cleanDatabase","buildConfig":{"runtime":"nodejs22","entryPoint":"cleanDatabase","source":{"storageSource":{"bucket":"gcf-v2-sources-684643143905-europe-west1","object":"cleanDatabase/function-source.zip","generation":"1762156136214262"}},"environmentVariables":{"GOOGLE_NODE_RUN_SCRIPTS":""},"sourceToken":"Clhwcm9qZWN0cy82ODQ2NDMxNDM5MDUvbG9jYXRpb25zL2V1cm9wZS13ZXN0MS9idWlsZHMvYTg2ZDdjYWItYzkyMy00YzRjLThmNGYtZDU0ZGZlNDkwMzQ1EmpldXJvcGUtd2VzdDEtZG9ja2VyLnBrZy5kZXYvd2luLWZpbmRlci9nY2YtYXJ0aWZhY3RzL3dpbi0tZmluZGVyX19ldXJvcGUtLXdlc3QxX191cGRhdGVfX3Jlc3VsdHM6dmVyc2lvbl8xGOGhpb/2EyJDcHJvamVjdHMvd2luLWZpbmRlci9sb2NhdGlvbnMvZXVyb3BlLXdlc3QxL2Z1bmN0aW9ucy91cGRhdGVfcmVzdWx0cyoMCN+8ocgGEMCDz4UBMghub2RlanMyMjp3CiNnY3IuaW8vZ2FlLXJ1bnRpbWVzL25vZGVqczIyOnN0YWJsZRJQZXVyb3BlLXdlc3QxLWRvY2tlci5wa2cuZGV2L3NlcnZlcmxlc3MtcnVudGltZXMvZ29vZ2xlLTIyLWZ1bGwvcnVudGltZXMvbm9kZWpzMjJAAQ==","serviceAccount":"projects/win-finder/serviceAccounts/684643143905-compute@developer.gserviceaccount.com","automaticUpdatePolicy":{}},"serviceConfig":{"service":"projects/win-finder/locations/europe-west1/services/cleandatabase","timeoutSeconds":60,"environmentVariables":{"FIREBASE_CONFIG":"{\"projectId\":\"win-finder\",\"storageBucket\":\"win-finder.firebasestorage.app\"}","GCLOUD_PROJECT":"win-finder","EVENTARC_CLOUD_EVENT_SOURCE":"projects/win-finder/locations/europe-west1/services/cleanDatabase","FUNCTION_TARGET":"cleanDatabase","LOG_EXECUTION_ID":"true","FUNCTION_SIGNATURE_TYPE":"http"},"ingressSettings":"ALLOW_ALL","serviceAccountEmail":"684643143905-compute@developer.gserviceaccount.com","availableMemory":"256Mi","maxInstanceRequestConcurrency":80,"availableCpu":"1"},"labels":{"deployment-tool":"cli-firebase","deployment-scheduled":"true","firebase-functions-hash":"ee75f44b903cf0e91e5c1d13a9a270a78387caeb"},"environment":"GEN_2"},"stages":[{"name":"BUILD","message":"Reusing build","state":"COMPLETE","resource":"projects/684643143905/locations/europe-west1/builds/a86d7cab-c923-4c4c-8f4f-d54dfe490345"},{"name":"SERVICE","message":"Creating Cloud Run service","state":"COMPLETE","resource":"projects/win-finder/locations/europe-west1/services/cleandatabase","resourceUri":"https://console.cloud.google.com/run/detail/europe-west1/cleandatabase?project=win-finder"}],"sourceToken":"Clhwcm9qZWN0cy82ODQ2NDMxNDM5MDUvbG9jYXRpb25zL2V1cm9wZS13ZXN0MS9idWlsZHMvYTg2ZDdjYWItYzkyMy00YzRjLThmNGYtZDU0ZGZlNDkwMzQ1EmpldXJvcGUtd2VzdDEtZG9ja2VyLnBrZy5kZXYvd2luLWZpbmRlci9nY2YtYXJ0aWZhY3RzL3dpbi0tZmluZGVyX19ldXJvcGUtLXdlc3QxX191cGRhdGVfX3Jlc3VsdHM6dmVyc2lvbl8xGOGhpb/2EyJDcHJvamVjdHMvd2luLWZpbmRlci9sb2NhdGlvbnMvZXVyb3BlLXdlc3QxL2Z1bmN0aW9ucy91cGRhdGVfcmVzdWx0cyoMCN+8ocgGEMCDz4UBMghub2RlanMyMjp3CiNnY3IuaW8vZ2FlLXJ1bnRpbWVzL25vZGVqczIyOnN0YWJsZRJQZXVyb3BlLXdlc3QxLWRvY2tlci5wa2cuZGV2L3NlcnZlcmxlc3MtcnVudGltZXMvZ29vZ2xlLTIyLWZ1bGwvcnVudGltZXMvbm9kZWpzMjJAAQ==","operationType":"CREATE_FUNCTION","buildName":"projects/684643143905/locations/europe-west1/builds/a86d7cab-c923-4c4c-8f4f-d54dfe490345"},"done":true,"response":{"@type":"type.googleapis.com/google.cloud.functions.v2.Function","name":"projects/win-finder/locations/europe-west1/functions/cleanDatabase","buildConfig":{"build":"projects/684643143905/locations/europe-west1/builds/a86d7cab-c923-4c4c-8f4f-d54dfe490345","runtime":"nodejs22","entryPoint":"cleanDatabase","source":{"storageSource":{"bucket":"gcf-v2-sources-684643143905-europe-west1","object":"cleanDatabase/function-source.zip","generation":"1762156136214262"}},"environmentVariables":{"GOOGLE_NODE_RUN_SCRIPTS":""},"dockerRepository":"projects/win-finder/locations/europe-west1/repositories/gcf-artifacts","sourceProvenance":{"resolvedStorageSource":{"bucket":"gcf-v2-sources-684643143905-europe-west1","object":"cleanDatabase/function-source.zip","generation":"1762156136214262"}},"dockerRegistry":"ARTIFACT_REGISTRY","serviceAccount":"projects/win-finder/serviceAccounts/684643143905-compute@developer.gserviceaccount.com","automaticUpdatePolicy":{}},"serviceConfig":{"service":"projects/win-finder/locations/europe-west1/services/cleandatabase","timeoutSeconds":60,"environmentVariables":{"FIREBASE_CONFIG":"{\"projectId\":\"win-finder\",\"storageBucket\":\"win-finder.firebasestorage.app\"}","GCLOUD_PROJECT":"win-finder","EVENTARC_CLOUD_EVENT_SOURCE":"projects/win-finder/locations/europe-west1/services/cleanDatabase","FUNCTION_TARGET":"cleanDatabase","LOG_EXECUTION_ID":"true","FUNCTION_SIGNATURE_TYPE":"http"},"maxInstanceCount":20,"ingressSettings":"ALLOW_ALL","uri":"https://cleandatabase-jfm2n322wq-ew.a.run.app","serviceAccountEmail":"684643143905-compute@developer.gserviceaccount.com","availableMemory":"256Mi","allTrafficOnLatestRevision":true,"revision":"cleandatabase-00001-fuv","maxInstanceRequestConcurrency":80,"availableCpu":"1"},"state":"ACTIVE","updateTime":"2025-11-03T07:48:56.562371466Z","labels":{"deployment-scheduled":"true","firebase-functions-hash":"ee75f44b903cf0e91e5c1d13a9a270a78387caeb","deployment-tool":"cli-firebase"},"environment":"GEN_2","url":"https://europe-west1-win-finder.cloudfunctions.net/cleanDatabase","createTime":"2025-11-03T07:48:56.562371466Z","satisfiesPzi":true}}
[debug] [2025-11-03T07:49:33.593Z] Got source token Clhwcm9qZWN0cy82ODQ2NDMxNDM5MDUvbG9jYXRpb25zL2V1cm9wZS13ZXN0MS9idWlsZHMvYTg2ZDdjYWItYzkyMy00YzRjLThmNGYtZDU0ZGZlNDkwMzQ1EmpldXJvcGUtd2VzdDEtZG9ja2VyLnBrZy5kZXYvd2luLWZpbmRlci9nY2YtYXJ0aWZhY3RzL3dpbi0tZmluZGVyX19ldXJvcGUtLXdlc3QxX191cGRhdGVfX3Jlc3VsdHM6dmVyc2lvbl8xGOGhpb/2EyJDcHJvamVjdHMvd2luLWZpbmRlci9sb2NhdGlvbnMvZXVyb3BlLXdlc3QxL2Z1bmN0aW9ucy91cGRhdGVfcmVzdWx0cyoMCN+8ocgGEMCDz4UBMghub2RlanMyMjp3CiNnY3IuaW8vZ2FlLXJ1bnRpbWVzL25vZGVqczIyOnN0YWJsZRJQZXVyb3BlLXdlc3QxLWRvY2tlci5wa2cuZGV2L3NlcnZlcmxlc3MtcnVudGltZXMvZ29vZ2xlLTIyLWZ1bGwvcnVudGltZXMvbm9kZWpzMjJAAQ== for region europe-west1
[debug] [2025-11-03T07:49:33.594Z] Checked if tokens are valid: true, expires at: 1762158412358
[debug] [2025-11-03T07:49:33.594Z] Checked if tokens are valid: true, expires at: 1762158412358
[debug] [2025-11-03T07:49:33.594Z] >>> [apiv2][query] GET https://compute.googleapis.com/compute/v1/projects/684643143905 [none]
[debug] [2025-11-03T07:49:33.645Z] <<< [apiv2][status] GET https://cloudfunctions.googleapis.com/v2/projects/win-finder/locations/europe-west1/operations/operation-1762156135921-642abf285391e-525ec69e-20f3106d 200
[debug] [2025-11-03T07:49:33.646Z] <<< [apiv2][body] GET https://cloudfunctions.googleapis.com/v2/projects/win-finder/locations/europe-west1/operations/operation-1762156135921-642abf285391e-525ec69e-20f3106d {"name":"projects/win-finder/locations/europe-west1/operations/operation-1762156135921-642abf285391e-525ec69e-20f3106d","metadata":{"@type":"type.googleapis.com/google.cloud.functions.v2.OperationMetadata","createTime":"2025-11-03T07:48:56.510573040Z","endTime":"2025-11-03T07:49:31.079224616Z","target":"projects/win-finder/locations/europe-west1/functions/updateStandings","verb":"create","cancelRequested":false,"apiVersion":"v2","requestResource":{"@type":"type.googleapis.com/google.cloud.functions.v2.Function","name":"projects/win-finder/locations/europe-west1/functions/updateStandings","buildConfig":{"runtime":"nodejs22","entryPoint":"updateStandings","source":{"storageSource":{"bucket":"gcf-v2-sources-684643143905-europe-west1","object":"updateStandings/function-source.zip","generation":"1762156136120801"}},"environmentVariables":{"GOOGLE_NODE_RUN_SCRIPTS":""},"sourceToken":"Clhwcm9qZWN0cy82ODQ2NDMxNDM5MDUvbG9jYXRpb25zL2V1cm9wZS13ZXN0MS9idWlsZHMvYTg2ZDdjYWItYzkyMy00YzRjLThmNGYtZDU0ZGZlNDkwMzQ1EmpldXJvcGUtd2VzdDEtZG9ja2VyLnBrZy5kZXYvd2luLWZpbmRlci9nY2YtYXJ0aWZhY3RzL3dpbi0tZmluZGVyX19ldXJvcGUtLXdlc3QxX191cGRhdGVfX3Jlc3VsdHM6dmVyc2lvbl8xGOGhpb/2EyJDcHJvamVjdHMvd2luLWZpbmRlci9sb2NhdGlvbnMvZXVyb3BlLXdlc3QxL2Z1bmN0aW9ucy91cGRhdGVfcmVzdWx0cyoMCN+8ocgGEMCDz4UBMghub2RlanMyMjp3CiNnY3IuaW8vZ2FlLXJ1bnRpbWVzL25vZGVqczIyOnN0YWJsZRJQZXVyb3BlLXdlc3QxLWRvY2tlci5wa2cuZGV2L3NlcnZlcmxlc3MtcnVudGltZXMvZ29vZ2xlLTIyLWZ1bGwvcnVudGltZXMvbm9kZWpzMjJAAQ==","serviceAccount":"projects/win-finder/serviceAccounts/684643143905-compute@developer.gserviceaccount.com","automaticUpdatePolicy":{}},"serviceConfig":{"service":"projects/win-finder/locations/europe-west1/services/updatestandings","timeoutSeconds":60,"environmentVariables":{"FIREBASE_CONFIG":"{\"projectId\":\"win-finder\",\"storageBucket\":\"win-finder.firebasestorage.app\"}","GCLOUD_PROJECT":"win-finder","EVENTARC_CLOUD_EVENT_SOURCE":"projects/win-finder/locations/europe-west1/services/updateStandings","FUNCTION_TARGET":"updateStandings","LOG_EXECUTION_ID":"true","FUNCTION_SIGNATURE_TYPE":"http"},"ingressSettings":"ALLOW_ALL","serviceAccountEmail":"684643143905-compute@developer.gserviceaccount.com","availableMemory":"256Mi","maxInstanceRequestConcurrency":80,"availableCpu":"1"},"labels":{"deployment-tool":"cli-firebase","deployment-scheduled":"true","firebase-functions-hash":"ee75f44b903cf0e91e5c1d13a9a270a78387caeb"},"environment":"GEN_2"},"stages":[{"name":"BUILD","message":"Reusing build","state":"COMPLETE","resource":"projects/684643143905/locations/europe-west1/builds/a86d7cab-c923-4c4c-8f4f-d54dfe490345"},{"name":"SERVICE","message":"Creating Cloud Run service","state":"COMPLETE","resource":"projects/win-finder/locations/europe-west1/services/updatestandings","resourceUri":"https://console.cloud.google.com/run/detail/europe-west1/updatestandings?project=win-finder"}],"sourceToken":"Clhwcm9qZWN0cy82ODQ2NDMxNDM5MDUvbG9jYXRpb25zL2V1cm9wZS13ZXN0MS9idWlsZHMvYTg2ZDdjYWItYzkyMy00YzRjLThmNGYtZDU0ZGZlNDkwMzQ1EmpldXJvcGUtd2VzdDEtZG9ja2VyLnBrZy5kZXYvd2luLWZpbmRlci9nY2YtYXJ0aWZhY3RzL3dpbi0tZmluZGVyX19ldXJvcGUtLXdlc3QxX191cGRhdGVfX3Jlc3VsdHM6dmVyc2lvbl8xGOGhpb/2EyJDcHJvamVjdHMvd2luLWZpbmRlci9sb2NhdGlvbnMvZXVyb3BlLXdlc3QxL2Z1bmN0aW9ucy91cGRhdGVfcmVzdWx0cyoMCN+8ocgGEMCDz4UBMghub2RlanMyMjp3CiNnY3IuaW8vZ2FlLXJ1bnRpbWVzL25vZGVqczIyOnN0YWJsZRJQZXVyb3BlLXdlc3QxLWRvY2tlci5wa2cuZGV2L3NlcnZlcmxlc3MtcnVudGltZXMvZ29vZ2xlLTIyLWZ1bGwvcnVudGltZXMvbm9kZWpzMjJAAQ==","operationType":"CREATE_FUNCTION","buildName":"projects/684643143905/locations/europe-west1/builds/a86d7cab-c923-4c4c-8f4f-d54dfe490345"},"done":true,"response":{"@type":"type.googleapis.com/google.cloud.functions.v2.Function","name":"projects/win-finder/locations/europe-west1/functions/updateStandings","buildConfig":{"build":"projects/684643143905/locations/europe-west1/builds/a86d7cab-c923-4c4c-8f4f-d54dfe490345","runtime":"nodejs22","entryPoint":"updateStandings","source":{"storageSource":{"bucket":"gcf-v2-sources-684643143905-europe-west1","object":"updateStandings/function-source.zip","generation":"1762156136120801"}},"environmentVariables":{"GOOGLE_NODE_RUN_SCRIPTS":""},"dockerRepository":"projects/win-finder/locations/europe-west1/repositories/gcf-artifacts","sourceProvenance":{"resolvedStorageSource":{"bucket":"gcf-v2-sources-684643143905-europe-west1","object":"updateStandings/function-source.zip","generation":"1762156136120801"}},"dockerRegistry":"ARTIFACT_REGISTRY","serviceAccount":"projects/win-finder/serviceAccounts/684643143905-compute@developer.gserviceaccount.com","automaticUpdatePolicy":{}},"serviceConfig":{"service":"projects/win-finder/locations/europe-west1/services/updatestandings","timeoutSeconds":60,"environmentVariables":{"FIREBASE_CONFIG":"{\"projectId\":\"win-finder\",\"storageBucket\":\"win-finder.firebasestorage.app\"}","GCLOUD_PROJECT":"win-finder","EVENTARC_CLOUD_EVENT_SOURCE":"projects/win-finder/locations/europe-west1/services/updateStandings","FUNCTION_TARGET":"updateStandings","LOG_EXECUTION_ID":"true","FUNCTION_SIGNATURE_TYPE":"http"},"maxInstanceCount":20,"ingressSettings":"ALLOW_ALL","uri":"https://updatestandings-jfm2n322wq-ew.a.run.app","serviceAccountEmail":"684643143905-compute@developer.gserviceaccount.com","availableMemory":"256Mi","allTrafficOnLatestRevision":true,"revision":"updatestandings-00001-niy","maxInstanceRequestConcurrency":80,"availableCpu":"1"},"state":"ACTIVE","updateTime":"2025-11-03T07:48:56.507967198Z","labels":{"deployment-tool":"cli-firebase","deployment-scheduled":"true","firebase-functions-hash":"ee75f44b903cf0e91e5c1d13a9a270a78387caeb"},"environment":"GEN_2","url":"https://europe-west1-win-finder.cloudfunctions.net/updateStandings","createTime":"2025-11-03T07:48:56.507967198Z","satisfiesPzi":true}}
[debug] [2025-11-03T07:49:33.646Z] Got source token Clhwcm9qZWN0cy82ODQ2NDMxNDM5MDUvbG9jYXRpb25zL2V1cm9wZS13ZXN0MS9idWlsZHMvYTg2ZDdjYWItYzkyMy00YzRjLThmNGYtZDU0ZGZlNDkwMzQ1EmpldXJvcGUtd2VzdDEtZG9ja2VyLnBrZy5kZXYvd2luLWZpbmRlci9nY2YtYXJ0aWZhY3RzL3dpbi0tZmluZGVyX19ldXJvcGUtLXdlc3QxX191cGRhdGVfX3Jlc3VsdHM6dmVyc2lvbl8xGOGhpb/2EyJDcHJvamVjdHMvd2luLWZpbmRlci9sb2NhdGlvbnMvZXVyb3BlLXdlc3QxL2Z1bmN0aW9ucy91cGRhdGVfcmVzdWx0cyoMCN+8ocgGEMCDz4UBMghub2RlanMyMjp3CiNnY3IuaW8vZ2FlLXJ1bnRpbWVzL25vZGVqczIyOnN0YWJsZRJQZXVyb3BlLXdlc3QxLWRvY2tlci5wa2cuZGV2L3NlcnZlcmxlc3MtcnVudGltZXMvZ29vZ2xlLTIyLWZ1bGwvcnVudGltZXMvbm9kZWpzMjJAAQ== for region europe-west1
[debug] [2025-11-03T07:49:33.647Z] Checked if tokens are valid: true, expires at: 1762158412358
[debug] [2025-11-03T07:49:33.648Z] Checked if tokens are valid: true, expires at: 1762158412358
[debug] [2025-11-03T07:49:33.649Z] >>> [apiv2][query] GET https://compute.googleapis.com/compute/v1/projects/684643143905 [none]
[debug] [2025-11-03T07:49:33.896Z] <<< [apiv2][status] GET https://compute.googleapis.com/compute/v1/projects/684643143905 403
[debug] [2025-11-03T07:49:33.896Z] <<< [apiv2][body] GET https://compute.googleapis.com/compute/v1/projects/684643143905 {"error":{"code":403,"message":"Compute Engine API has not been used in project 684643143905 before or it is disabled. Enable it by visiting https://console.developers.google.com/apis/api/compute.googleapis.com/overview?project=684643143905 then retry. If you enabled this API recently, wait a few minutes for the action to propagate to our systems and retry.","errors":[{"message":"Compute Engine API has not been used in project 684643143905 before or it is disabled. Enable it by visiting https://console.developers.google.com/apis/api/compute.googleapis.com/overview?project=684643143905 then retry. If you enabled this API recently, wait a few minutes for the action to propagate to our systems and retry.","domain":"usageLimits","reason":"accessNotConfigured","extendedHelp":"https://console.developers.google.com"}],"status":"PERMISSION_DENIED","details":[{"@type":"type.googleapis.com/google.rpc.ErrorInfo","reason":"SERVICE_DISABLED","domain":"googleapis.com","metadata":{"containerInfo":"684643143905","consumer":"projects/684643143905","activationUrl":"https://console.developers.google.com/apis/api/compute.googleapis.com/overview?project=684643143905","serviceTitle":"Compute Engine API","service":"compute.googleapis.com"}},{"@type":"type.googleapis.com/google.rpc.LocalizedMessage","locale":"en-US","message":"Compute Engine API has not been used in project 684643143905 before or it is disabled. Enable it by visiting https://console.developers.google.com/apis/api/compute.googleapis.com/overview?project=684643143905 then retry. If you enabled this API recently, wait a few minutes for the action to propagate to our systems and retry."},{"@type":"type.googleapis.com/google.rpc.Help","links":[{"description":"Google developers console API activation","url":"https://console.developers.google.com/apis/api/compute.googleapis.com/overview?project=684643143905"}]}]}}
[debug] [2025-11-03T07:49:33.898Z] unable to look up default compute service account. Falling back to 684643143905-compute@developer.gserviceaccount.com. Error: {"name":"FirebaseError","children":[],"context":{"body":{"error":{"code":403,"message":"Compute Engine API has not been used in project 684643143905 before or it is disabled. Enable it by visiting https://console.developers.google.com/apis/api/compute.googleapis.com/overview?project=684643143905 then retry. If you enabled this API recently, wait a few minutes for the action to propagate to our systems and retry.","errors":[{"message":"Compute Engine API has not been used in project 684643143905 before or it is disabled. Enable it by visiting https://console.developers.google.com/apis/api/compute.googleapis.com/overview?project=684643143905 then retry. If you enabled this API recently, wait a few minutes for the action to propagate to our systems and retry.","domain":"usageLimits","reason":"accessNotConfigured","extendedHelp":"https://console.developers.google.com"}],"status":"PERMISSION_DENIED","details":[{"@type":"type.googleapis.com/google.rpc.ErrorInfo","reason":"SERVICE_DISABLED","domain":"googleapis.com","metadata":{"containerInfo":"684643143905","consumer":"projects/684643143905","activationUrl":"https://console.developers.google.com/apis/api/compute.googleapis.com/overview?project=684643143905","serviceTitle":"Compute Engine API","service":"compute.googleapis.com"}},{"@type":"type.googleapis.com/google.rpc.LocalizedMessage","locale":"en-US","message":"Compute Engine API has not been used in project 684643143905 before or it is disabled. Enable it by visiting https://console.developers.google.com/apis/api/compute.googleapis.com/overview?project=684643143905 then retry. If you enabled this API recently, wait a few minutes for the action to propagate to our systems and retry."},{"@type":"type.googleapis.com/google.rpc.Help","links":[{"description":"Google developers console API activation","url":"https://console.developers.google.com/apis/api/compute.googleapis.com/overview?project=684643143905"}]}]}},"response":{"statusCode":403}},"exit":1,"message":"Request to https://compute.googleapis.com/compute/v1/projects/684643143905 had HTTP Error: 403, Compute Engine API has not been used in project 684643143905 before or it is disabled. Enable it by visiting https://console.developers.google.com/apis/api/compute.googleapis.com/overview?project=684643143905 then retry. If you enabled this API recently, wait a few minutes for the action to propagate to our systems and retry.","status":403}
[debug] [2025-11-03T07:49:33.899Z] Checked if tokens are valid: true, expires at: 1762158412358
[debug] [2025-11-03T07:49:33.899Z] Checked if tokens are valid: true, expires at: 1762158412358
[debug] [2025-11-03T07:49:33.899Z] >>> [apiv2][query] POST https://run.googleapis.com/v1/projects/win-finder/locations/europe-west1/services/cleandatabase:setIamPolicy [none]
[debug] [2025-11-03T07:49:33.899Z] >>> [apiv2][body] POST https://run.googleapis.com/v1/projects/win-finder/locations/europe-west1/services/cleandatabase:setIamPolicy {"policy":{"bindings":[{"role":"roles/run.invoker","members":["serviceAccount:684643143905-compute@developer.gserviceaccount.com"]}],"etag":"","version":3},"updateMask":"bindings,etag,version"}
[debug] [2025-11-03T07:49:33.922Z] <<< [apiv2][status] GET https://compute.googleapis.com/compute/v1/projects/684643143905 403
[debug] [2025-11-03T07:49:33.922Z] <<< [apiv2][body] GET https://compute.googleapis.com/compute/v1/projects/684643143905 {"error":{"code":403,"message":"Compute Engine API has not been used in project 684643143905 before or it is disabled. Enable it by visiting https://console.developers.google.com/apis/api/compute.googleapis.com/overview?project=684643143905 then retry. If you enabled this API recently, wait a few minutes for the action to propagate to our systems and retry.","errors":[{"message":"Compute Engine API has not been used in project 684643143905 before or it is disabled. Enable it by visiting https://console.developers.google.com/apis/api/compute.googleapis.com/overview?project=684643143905 then retry. If you enabled this API recently, wait a few minutes for the action to propagate to our systems and retry.","domain":"usageLimits","reason":"accessNotConfigured","extendedHelp":"https://console.developers.google.com"}],"status":"PERMISSION_DENIED","details":[{"@type":"type.googleapis.com/google.rpc.ErrorInfo","reason":"SERVICE_DISABLED","domain":"googleapis.com","metadata":{"consumer":"projects/684643143905","serviceTitle":"Compute Engine API","containerInfo":"684643143905","activationUrl":"https://console.developers.google.com/apis/api/compute.googleapis.com/overview?project=684643143905","service":"compute.googleapis.com"}},{"@type":"type.googleapis.com/google.rpc.LocalizedMessage","locale":"en-US","message":"Compute Engine API has not been used in project 684643143905 before or it is disabled. Enable it by visiting https://console.developers.google.com/apis/api/compute.googleapis.com/overview?project=684643143905 then retry. If you enabled this API recently, wait a few minutes for the action to propagate to our systems and retry."},{"@type":"type.googleapis.com/google.rpc.Help","links":[{"description":"Google developers console API activation","url":"https://console.developers.google.com/apis/api/compute.googleapis.com/overview?project=684643143905"}]}]}}
[debug] [2025-11-03T07:49:33.923Z] unable to look up default compute service account. Falling back to 684643143905-compute@developer.gserviceaccount.com. Error: {"name":"FirebaseError","children":[],"context":{"body":{"error":{"code":403,"message":"Compute Engine API has not been used in project 684643143905 before or it is disabled. Enable it by visiting https://console.developers.google.com/apis/api/compute.googleapis.com/overview?project=684643143905 then retry. If you enabled this API recently, wait a few minutes for the action to propagate to our systems and retry.","errors":[{"message":"Compute Engine API has not been used in project 684643143905 before or it is disabled. Enable it by visiting https://console.developers.google.com/apis/api/compute.googleapis.com/overview?project=684643143905 then retry. If you enabled this API recently, wait a few minutes for the action to propagate to our systems and retry.","domain":"usageLimits","reason":"accessNotConfigured","extendedHelp":"https://console.developers.google.com"}],"status":"PERMISSION_DENIED","details":[{"@type":"type.googleapis.com/google.rpc.ErrorInfo","reason":"SERVICE_DISABLED","domain":"googleapis.com","metadata":{"consumer":"projects/684643143905","serviceTitle":"Compute Engine API","containerInfo":"684643143905","activationUrl":"https://console.developers.google.com/apis/api/compute.googleapis.com/overview?project=684643143905","service":"compute.googleapis.com"}},{"@type":"type.googleapis.com/google.rpc.LocalizedMessage","locale":"en-US","message":"Compute Engine API has not been used in project 684643143905 before or it is disabled. Enable it by visiting https://console.developers.google.com/apis/api/compute.googleapis.com/overview?project=684643143905 then retry. If you enabled this API recently, wait a few minutes for the action to propagate to our systems and retry."},{"@type":"type.googleapis.com/google.rpc.Help","links":[{"description":"Google developers console API activation","url":"https://console.developers.google.com/apis/api/compute.googleapis.com/overview?project=684643143905"}]}]}},"response":{"statusCode":403}},"exit":1,"message":"Request to https://compute.googleapis.com/compute/v1/projects/684643143905 had HTTP Error: 403, Compute Engine API has not been used in project 684643143905 before or it is disabled. Enable it by visiting https://console.developers.google.com/apis/api/compute.googleapis.com/overview?project=684643143905 then retry. If you enabled this API recently, wait a few minutes for the action to propagate to our systems and retry.","status":403}
[debug] [2025-11-03T07:49:33.923Z] Checked if tokens are valid: true, expires at: 1762158412358
[debug] [2025-11-03T07:49:33.923Z] Checked if tokens are valid: true, expires at: 1762158412358
[debug] [2025-11-03T07:49:33.923Z] >>> [apiv2][query] POST https://run.googleapis.com/v1/projects/win-finder/locations/europe-west1/services/updatestandings:setIamPolicy [none]
[debug] [2025-11-03T07:49:33.924Z] >>> [apiv2][body] POST https://run.googleapis.com/v1/projects/win-finder/locations/europe-west1/services/updatestandings:setIamPolicy {"policy":{"bindings":[{"role":"roles/run.invoker","members":["serviceAccount:684643143905-compute@developer.gserviceaccount.com"]}],"etag":"","version":3},"updateMask":"bindings,etag,version"}
[debug] [2025-11-03T07:49:34.663Z] <<< [apiv2][status] POST https://run.googleapis.com/v1/projects/win-finder/locations/europe-west1/services/cleandatabase:setIamPolicy 200
[debug] [2025-11-03T07:49:34.664Z] <<< [apiv2][body] POST https://run.googleapis.com/v1/projects/win-finder/locations/europe-west1/services/cleandatabase:setIamPolicy {"version":1,"etag":"BwZCq/TT9rM=","bindings":[{"role":"roles/run.invoker","members":["serviceAccount:684643143905-compute@developer.gserviceaccount.com"]}]}
[debug] [2025-11-03T07:49:34.665Z] Checked if tokens are valid: true, expires at: 1762158412358
[debug] [2025-11-03T07:49:34.665Z] Checked if tokens are valid: true, expires at: 1762158412358
[debug] [2025-11-03T07:49:34.665Z] >>> [apiv2][query] GET https://compute.googleapis.com/compute/v1/projects/684643143905 [none]
[debug] [2025-11-03T07:49:34.807Z] <<< [apiv2][status] POST https://run.googleapis.com/v1/projects/win-finder/locations/europe-west1/services/updatestandings:setIamPolicy 200
[debug] [2025-11-03T07:49:34.808Z] <<< [apiv2][body] POST https://run.googleapis.com/v1/projects/win-finder/locations/europe-west1/services/updatestandings:setIamPolicy {"version":1,"etag":"BwZCq/TWJII=","bindings":[{"role":"roles/run.invoker","members":["serviceAccount:684643143905-compute@developer.gserviceaccount.com"]}]}
[debug] [2025-11-03T07:49:34.809Z] Checked if tokens are valid: true, expires at: 1762158412358
[debug] [2025-11-03T07:49:34.809Z] Checked if tokens are valid: true, expires at: 1762158412358
[debug] [2025-11-03T07:49:34.809Z] >>> [apiv2][query] GET https://compute.googleapis.com/compute/v1/projects/684643143905 [none]
[debug] [2025-11-03T07:49:34.875Z] <<< [apiv2][status] GET https://compute.googleapis.com/compute/v1/projects/684643143905 403
[debug] [2025-11-03T07:49:34.876Z] <<< [apiv2][body] GET https://compute.googleapis.com/compute/v1/projects/684643143905 {"error":{"code":403,"message":"Compute Engine API has not been used in project 684643143905 before or it is disabled. Enable it by visiting https://console.developers.google.com/apis/api/compute.googleapis.com/overview?project=684643143905 then retry. If you enabled this API recently, wait a few minutes for the action to propagate to our systems and retry.","errors":[{"message":"Compute Engine API has not been used in project 684643143905 before or it is disabled. Enable it by visiting https://console.developers.google.com/apis/api/compute.googleapis.com/overview?project=684643143905 then retry. If you enabled this API recently, wait a few minutes for the action to propagate to our systems and retry.","domain":"usageLimits","reason":"accessNotConfigured","extendedHelp":"https://console.developers.google.com"}],"status":"PERMISSION_DENIED","details":[{"@type":"type.googleapis.com/google.rpc.ErrorInfo","reason":"SERVICE_DISABLED","domain":"googleapis.com","metadata":{"containerInfo":"684643143905","service":"compute.googleapis.com","consumer":"projects/684643143905","activationUrl":"https://console.developers.google.com/apis/api/compute.googleapis.com/overview?project=684643143905","serviceTitle":"Compute Engine API"}},{"@type":"type.googleapis.com/google.rpc.LocalizedMessage","locale":"en-US","message":"Compute Engine API has not been used in project 684643143905 before or it is disabled. Enable it by visiting https://console.developers.google.com/apis/api/compute.googleapis.com/overview?project=684643143905 then retry. If you enabled this API recently, wait a few minutes for the action to propagate to our systems and retry."},{"@type":"type.googleapis.com/google.rpc.Help","links":[{"description":"Google developers console API activation","url":"https://console.developers.google.com/apis/api/compute.googleapis.com/overview?project=684643143905"}]}]}}
[debug] [2025-11-03T07:49:34.877Z] unable to look up default compute service account. Falling back to 684643143905-compute@developer.gserviceaccount.com. Error: {"name":"FirebaseError","children":[],"context":{"body":{"error":{"code":403,"message":"Compute Engine API has not been used in project 684643143905 before or it is disabled. Enable it by visiting https://console.developers.google.com/apis/api/compute.googleapis.com/overview?project=684643143905 then retry. If you enabled this API recently, wait a few minutes for the action to propagate to our systems and retry.","errors":[{"message":"Compute Engine API has not been used in project 684643143905 before or it is disabled. Enable it by visiting https://console.developers.google.com/apis/api/compute.googleapis.com/overview?project=684643143905 then retry. If you enabled this API recently, wait a few minutes for the action to propagate to our systems and retry.","domain":"usageLimits","reason":"accessNotConfigured","extendedHelp":"https://console.developers.google.com"}],"status":"PERMISSION_DENIED","details":[{"@type":"type.googleapis.com/google.rpc.ErrorInfo","reason":"SERVICE_DISABLED","domain":"googleapis.com","metadata":{"containerInfo":"684643143905","service":"compute.googleapis.com","consumer":"projects/684643143905","activationUrl":"https://console.developers.google.com/apis/api/compute.googleapis.com/overview?project=684643143905","serviceTitle":"Compute Engine API"}},{"@type":"type.googleapis.com/google.rpc.LocalizedMessage","locale":"en-US","message":"Compute Engine API has not been used in project 684643143905 before or it is disabled. Enable it by visiting https://console.developers.google.com/apis/api/compute.googleapis.com/overview?project=684643143905 then retry. If you enabled this API recently, wait a few minutes for the action to propagate to our systems and retry."},{"@type":"type.googleapis.com/google.rpc.Help","links":[{"description":"Google developers console API activation","url":"https://console.developers.google.com/apis/api/compute.googleapis.com/overview?project=684643143905"}]}]}},"response":{"statusCode":403}},"exit":1,"message":"Request to https://compute.googleapis.com/compute/v1/projects/684643143905 had HTTP Error: 403, Compute Engine API has not been used in project 684643143905 before or it is disabled. Enable it by visiting https://console.developers.google.com/apis/api/compute.googleapis.com/overview?project=684643143905 then retry. If you enabled this API recently, wait a few minutes for the action to propagate to our systems and retry.","status":403}
[debug] [2025-11-03T07:49:34.877Z] Checked if tokens are valid: true, expires at: 1762158412358
[debug] [2025-11-03T07:49:34.877Z] Checked if tokens are valid: true, expires at: 1762158412358
[debug] [2025-11-03T07:49:34.877Z] >>> [apiv2][query] GET https://cloudscheduler.googleapis.com/v1/projects/win-finder/locations/europe-west1/jobs/firebase-schedule-cleanDatabase-europe-west1 [none]
[debug] [2025-11-03T07:49:35.027Z] <<< [apiv2][status] GET https://compute.googleapis.com/compute/v1/projects/684643143905 403
[debug] [2025-11-03T07:49:35.027Z] <<< [apiv2][body] GET https://compute.googleapis.com/compute/v1/projects/684643143905 {"error":{"code":403,"message":"Compute Engine API has not been used in project 684643143905 before or it is disabled. Enable it by visiting https://console.developers.google.com/apis/api/compute.googleapis.com/overview?project=684643143905 then retry. If you enabled this API recently, wait a few minutes for the action to propagate to our systems and retry.","errors":[{"message":"Compute Engine API has not been used in project 684643143905 before or it is disabled. Enable it by visiting https://console.developers.google.com/apis/api/compute.googleapis.com/overview?project=684643143905 then retry. If you enabled this API recently, wait a few minutes for the action to propagate to our systems and retry.","domain":"usageLimits","reason":"accessNotConfigured","extendedHelp":"https://console.developers.google.com"}],"status":"PERMISSION_DENIED","details":[{"@type":"type.googleapis.com/google.rpc.ErrorInfo","reason":"SERVICE_DISABLED","domain":"googleapis.com","metadata":{"containerInfo":"684643143905","activationUrl":"https://console.developers.google.com/apis/api/compute.googleapis.com/overview?project=684643143905","consumer":"projects/684643143905","service":"compute.googleapis.com","serviceTitle":"Compute Engine API"}},{"@type":"type.googleapis.com/google.rpc.LocalizedMessage","locale":"en-US","message":"Compute Engine API has not been used in project 684643143905 before or it is disabled. Enable it by visiting https://console.developers.google.com/apis/api/compute.googleapis.com/overview?project=684643143905 then retry. If you enabled this API recently, wait a few minutes for the action to propagate to our systems and retry."},{"@type":"type.googleapis.com/google.rpc.Help","links":[{"description":"Google developers console API activation","url":"https://console.developers.google.com/apis/api/compute.googleapis.com/overview?project=684643143905"}]}]}}
[debug] [2025-11-03T07:49:35.028Z] unable to look up default compute service account. Falling back to 684643143905-compute@developer.gserviceaccount.com. Error: {"name":"FirebaseError","children":[],"context":{"body":{"error":{"code":403,"message":"Compute Engine API has not been used in project 684643143905 before or it is disabled. Enable it by visiting https://console.developers.google.com/apis/api/compute.googleapis.com/overview?project=684643143905 then retry. If you enabled this API recently, wait a few minutes for the action to propagate to our systems and retry.","errors":[{"message":"Compute Engine API has not been used in project 684643143905 before or it is disabled. Enable it by visiting https://console.developers.google.com/apis/api/compute.googleapis.com/overview?project=684643143905 then retry. If you enabled this API recently, wait a few minutes for the action to propagate to our systems and retry.","domain":"usageLimits","reason":"accessNotConfigured","extendedHelp":"https://console.developers.google.com"}],"status":"PERMISSION_DENIED","details":[{"@type":"type.googleapis.com/google.rpc.ErrorInfo","reason":"SERVICE_DISABLED","domain":"googleapis.com","metadata":{"containerInfo":"684643143905","activationUrl":"https://console.developers.google.com/apis/api/compute.googleapis.com/overview?project=684643143905","consumer":"projects/684643143905","service":"compute.googleapis.com","serviceTitle":"Compute Engine API"}},{"@type":"type.googleapis.com/google.rpc.LocalizedMessage","locale":"en-US","message":"Compute Engine API has not been used in project 684643143905 before or it is disabled. Enable it by visiting https://console.developers.google.com/apis/api/compute.googleapis.com/overview?project=684643143905 then retry. If you enabled this API recently, wait a few minutes for the action to propagate to our systems and retry."},{"@type":"type.googleapis.com/google.rpc.Help","links":[{"description":"Google developers console API activation","url":"https://console.developers.google.com/apis/api/compute.googleapis.com/overview?project=684643143905"}]}]}},"response":{"statusCode":403}},"exit":1,"message":"Request to https://compute.googleapis.com/compute/v1/projects/684643143905 had HTTP Error: 403, Compute Engine API has not been used in project 684643143905 before or it is disabled. Enable it by visiting https://console.developers.google.com/apis/api/compute.googleapis.com/overview?project=684643143905 then retry. If you enabled this API recently, wait a few minutes for the action to propagate to our systems and retry.","status":403}
[debug] [2025-11-03T07:49:35.029Z] Checked if tokens are valid: true, expires at: 1762158412358
[debug] [2025-11-03T07:49:35.029Z] Checked if tokens are valid: true, expires at: 1762158412358
[debug] [2025-11-03T07:49:35.029Z] >>> [apiv2][query] GET https://cloudscheduler.googleapis.com/v1/projects/win-finder/locations/europe-west1/jobs/firebase-schedule-updateStandings-europe-west1 [none]
[debug] [2025-11-03T07:49:35.111Z] <<< [apiv2][status] GET https://cloudscheduler.googleapis.com/v1/projects/win-finder/locations/europe-west1/jobs/firebase-schedule-cleanDatabase-europe-west1 404
[debug] [2025-11-03T07:49:35.112Z] <<< [apiv2][body] GET https://cloudscheduler.googleapis.com/v1/projects/win-finder/locations/europe-west1/jobs/firebase-schedule-cleanDatabase-europe-west1 {"error":{"code":404,"message":"Job not found.","status":"NOT_FOUND"}}
[debug] [2025-11-03T07:49:35.112Z] Checked if tokens are valid: true, expires at: 1762158412358
[debug] [2025-11-03T07:49:35.112Z] Checked if tokens are valid: true, expires at: 1762158412358
[debug] [2025-11-03T07:49:35.112Z] >>> [apiv2][query] POST https://cloudscheduler.googleapis.com/v1/projects/win-finder/locations/europe-west1/jobs [none]
[debug] [2025-11-03T07:49:35.112Z] >>> [apiv2][body] POST https://cloudscheduler.googleapis.com/v1/projects/win-finder/locations/europe-west1/jobs {"timeZone":"UTC","name":"projects/win-finder/locations/europe-west1/jobs/firebase-schedule-cleanDatabase-europe-west1","httpTarget":{"uri":"https://europe-west1-win-finder.cloudfunctions.net/cleanDatabase","httpMethod":"POST","oidcToken":{"serviceAccountEmail":"684643143905-compute@developer.gserviceaccount.com"}},"schedule":"every day"}
[debug] [2025-11-03T07:49:35.297Z] <<< [apiv2][status] GET https://cloudscheduler.googleapis.com/v1/projects/win-finder/locations/europe-west1/jobs/firebase-schedule-updateStandings-europe-west1 404
[debug] [2025-11-03T07:49:35.297Z] <<< [apiv2][body] GET https://cloudscheduler.googleapis.com/v1/projects/win-finder/locations/europe-west1/jobs/firebase-schedule-updateStandings-europe-west1 {"error":{"code":404,"message":"Job not found.","status":"NOT_FOUND"}}
[debug] [2025-11-03T07:49:35.297Z] Checked if tokens are valid: true, expires at: 1762158412358
[debug] [2025-11-03T07:49:35.297Z] Checked if tokens are valid: true, expires at: 1762158412358
[debug] [2025-11-03T07:49:35.298Z] >>> [apiv2][query] POST https://cloudscheduler.googleapis.com/v1/projects/win-finder/locations/europe-west1/jobs [none]
[debug] [2025-11-03T07:49:35.298Z] >>> [apiv2][body] POST https://cloudscheduler.googleapis.com/v1/projects/win-finder/locations/europe-west1/jobs {"timeZone":"UTC","name":"projects/win-finder/locations/europe-west1/jobs/firebase-schedule-updateStandings-europe-west1","httpTarget":{"uri":"https://europe-west1-win-finder.cloudfunctions.net/updateStandings","httpMethod":"POST","oidcToken":{"serviceAccountEmail":"684643143905-compute@developer.gserviceaccount.com"}},"schedule":"every 4 hours"}
[debug] [2025-11-03T07:49:35.438Z] <<< [apiv2][status] POST https://cloudscheduler.googleapis.com/v1/projects/win-finder/locations/europe-west1/jobs 400
[debug] [2025-11-03T07:49:35.438Z] <<< [apiv2][body] POST https://cloudscheduler.googleapis.com/v1/projects/win-finder/locations/europe-west1/jobs {"error":{"code":400,"message":"The provided schedule or timezone are invalid.","status":"INVALID_ARGUMENT"}}
[error] Failed to create scheduler job projects/win-finder/locations/europe-west1/jobs/firebase-schedule-cleanDatabase-europe-west1: Request to https://cloudscheduler.googleapis.com/v1/projects/win-finder/locations/europe-west1/jobs had HTTP Error: 400, The provided schedule or timezone are invalid.
[debug] [2025-11-03T07:49:35.660Z] <<< [apiv2][status] POST https://cloudscheduler.googleapis.com/v1/projects/win-finder/locations/europe-west1/jobs 200
[debug] [2025-11-03T07:49:35.661Z] <<< [apiv2][body] POST https://cloudscheduler.googleapis.com/v1/projects/win-finder/locations/europe-west1/jobs {"name":"projects/win-finder/locations/europe-west1/jobs/firebase-schedule-updateStandings-europe-west1","httpTarget":{"uri":"https://europe-west1-win-finder.cloudfunctions.net/updateStandings","httpMethod":"POST","headers":{"User-Agent":"Google-Cloud-Scheduler"},"oidcToken":{"serviceAccountEmail":"684643143905-compute@developer.gserviceaccount.com","audience":"https://europe-west1-win-finder.cloudfunctions.net/updateStandings"}},"userUpdateTime":"2025-11-03T07:49:35.574950Z","state":"ENABLED","status":{"code":-1},"scheduleTime":"2025-11-03T11:49:00Z","schedule":"every 4 hours","timeZone":"UTC","attemptDeadline":"180s"}
[debug] [2025-11-03T07:49:35.661Z] created scheduler job firebase-schedule-updateStandings-europe-west1
[info] ✔  functions[updateStandings(europe-west1)] Successful create operation. 
[debug] [2025-11-03T07:49:35.665Z] Total Function Deployment time: 98331
[debug] [2025-11-03T07:49:35.665Z] 4 Functions Deployed
[debug] [2025-11-03T07:49:35.666Z] 2 Functions Errored
[debug] [2025-11-03T07:49:35.666Z] 0 Function Deployments Aborted
[debug] [2025-11-03T07:49:35.666Z] Average Function Deployment time: 67997.25
[info] 
[info] Functions deploy had errors with the following functions:
	cleanDatabase(europe-west1)
	update_results(us-central1)
[debug] [2025-11-03T07:49:35.668Z] Checked if tokens are valid: true, expires at: 1762158412358
[debug] [2025-11-03T07:49:35.668Z] Checked if tokens are valid: true, expires at: 1762158412358
[debug] [2025-11-03T07:49:35.668Z] >>> [apiv2][query] GET https://artifactregistry.googleapis.com/v1/projects/win-finder/locations/europe-west1/repositories/gcf-artifacts [none]
[debug] [2025-11-03T07:49:35.969Z] <<< [apiv2][status] GET https://artifactregistry.googleapis.com/v1/projects/win-finder/locations/europe-west1/repositories/gcf-artifacts 200
[debug] [2025-11-03T07:49:35.970Z] <<< [apiv2][body] GET https://artifactregistry.googleapis.com/v1/projects/win-finder/locations/europe-west1/repositories/gcf-artifacts {"name":"projects/win-finder/locations/europe-west1/repositories/gcf-artifacts","format":"DOCKER","description":"This repository is created and used by Cloud Functions for storing function docker images.","labels":{"goog-managed-by":"cloudfunctions"},"createTime":"2025-11-03T07:28:18.602473Z","updateTime":"2025-11-03T07:48:41.670903Z","mode":"STANDARD_REPOSITORY","cleanupPolicies":{"firebase-functions-cleanup":{"id":"firebase-functions-cleanup","action":"DELETE","condition":{"tagState":"ANY","olderThan":"432000s"}}},"sizeBytes":"112659374","vulnerabilityScanningConfig":{"lastEnableTime":"2025-11-03T07:28:08.904950675Z","enablementState":"SCANNING_DISABLED","enablementStateReason":"API containerscanning.googleapis.com is not enabled."},"satisfiesPzi":true,"registryUri":"europe-west1-docker.pkg.dev/win-finder/gcf-artifacts"}
[debug] [2025-11-03T07:49:35.971Z] Functions deploy failed.
[debug] [2025-11-03T07:49:35.971Z] {
  "endpoint": {
    "platform": "gcfv2",
    "id": "update_results",
    "project": "win-finder",
    "region": "us-central1",
    "scheduleTrigger": {},
    "entryPoint": "update_results",
    "runtime": "nodejs22",
    "source": {
      "storageSource": {
        "bucket": "gcf-v2-sources-684643143905-us-central1",
        "object": "update_results/function-source.zip",
        "generation": "1762155915712335"
      }
    },
    "ingressSettings": "ALLOW_ALL",
    "environmentVariables": {
      "FIREBASE_CONFIG": "{\"projectId\":\"win-finder\",\"storageBucket\":\"win-finder.firebasestorage.app\"}",
      "GCLOUD_PROJECT": "win-finder",
      "EVENTARC_CLOUD_EVENT_SOURCE": "projects/win-finder/locations/us-central1/services/update_results",
      "FUNCTION_TARGET": "update_results",
      "LOG_EXECUTION_ID": "true"
    },
    "timeoutSeconds": 60,
    "uri": "https://us-central1-win-finder.cloudfunctions.net/update_results",
    "serviceAccount": "684643143905-compute@developer.gserviceaccount.com",
    "availableMemoryMb": 256,
    "cpu": 1,
    "maxInstances": 20,
    "concurrency": 80,
    "labels": {
      "deployment-tool": "cli-firebase",
      "deployment-scheduled": "true",
      "firebase-functions-hash": "ad005ec79999841c3a7fd981741b25e16a7b3f09"
    },
    "runServiceId": "update-results",
    "codebase": "default",
    "hash": "ad005ec79999841c3a7fd981741b25e16a7b3f09",
    "state": "ACTIVE"
  },
  "op": "delete schedule",
  "original": {
    "name": "FirebaseError",
    "children": [],
    "context": {
      "body": {
        "error": {
          "code": 404,
          "message": "Job not found.",
          "status": "NOT_FOUND"
        }
      },
      "response": {
        "statusCode": 404
      }
    },
    "exit": 1,
    "message": "Request to https://cloudscheduler.googleapis.com/v1/projects/win-finder/locations/us-central1/jobs/firebase-schedule-update_results-us-central1 had HTTP Error: 404, Job not found.",
    "status": 404,
    "code": 404
  }
}
[debug] [2025-11-03T07:49:35.971Z] {
  "endpoint": {
    "id": "cleanDatabase",
    "project": "win-finder",
    "region": "europe-west1",
    "entryPoint": "cleanDatabase",
    "platform": "gcfv2",
    "runtime": "nodejs22",
    "scheduleTrigger": {
      "schedule": "every day",
      "timeZone": null,
      "retryConfig": {}
    },
    "labels": {
      "deployment-tool": "cli-firebase"
    },
    "serviceAccount": null,
    "ingressSettings": null,
    "availableMemoryMb": null,
    "timeoutSeconds": null,
    "maxInstances": null,
    "minInstances": null,
    "concurrency": 80,
    "vpc": null,
    "environmentVariables": {
      "FIREBASE_CONFIG": "{\"projectId\":\"win-finder\",\"storageBucket\":\"win-finder.firebasestorage.app\"}",
      "GCLOUD_PROJECT": "win-finder",
      "EVENTARC_CLOUD_EVENT_SOURCE": "projects/win-finder/locations/europe-west1/services/cleanDatabase"
    },
    "codebase": "default",
    "cpu": 1,
    "targetedByOnly": false,
    "hash": "ee75f44b903cf0e91e5c1d13a9a270a78387caeb",
    "uri": "https://europe-west1-win-finder.cloudfunctions.net/cleanDatabase",
    "runServiceId": "cleandatabase"
  },
  "op": "upsert schedule",
  "original": {
    "name": "FirebaseError",
    "children": [],
    "exit": 1,
    "message": "Failed to create scheduler job projects/win-finder/locations/europe-west1/jobs/firebase-schedule-cleanDatabase-europe-west1: Request to https://cloudscheduler.googleapis.com/v1/projects/win-finder/locations/europe-west1/jobs had HTTP Error: 400, The provided schedule or timezone are invalid.",
    "status": 500,
    "code": 500
  }
}
[error] Error: There was an error deploying functions:
[error] - Error Failed to delete schedule function update_results in region us-central1
[error] - Error Failed to upsert schedule function cleanDatabase in region europe-west1
[debug] [2025-11-03T07:51:13.696Z] ----------------------------------------------------------------------
[debug] [2025-11-03T07:51:13.699Z] Command:       /usr/local/Cellar/node/23.5.0/bin/node /usr/local/bin/firebase deploy --only functions:cleanDatabase
[debug] [2025-11-03T07:51:13.700Z] CLI Version:   14.23.0
[debug] [2025-11-03T07:51:13.700Z] Platform:      darwin
[debug] [2025-11-03T07:51:13.700Z] Node Version:  v23.5.0
[debug] [2025-11-03T07:51:13.701Z] Time:          Mon Nov 03 2025 08:51:13 GMT+0100 (Central European Standard Time)
[debug] [2025-11-03T07:51:13.702Z] ----------------------------------------------------------------------
[debug] 
[debug] [2025-11-03T07:51:13.905Z] > command requires scopes: ["email","openid","https://www.googleapis.com/auth/cloudplatformprojects.readonly","https://www.googleapis.com/auth/firebase","https://www.googleapis.com/auth/cloud-platform"]
[debug] [2025-11-03T07:51:13.905Z] > authorizing via signed-in user (konjina188@gmail.com)
[debug] [2025-11-03T07:51:13.906Z] [iam] checking project win-finder for permissions ["cloudfunctions.functions.create","cloudfunctions.functions.delete","cloudfunctions.functions.get","cloudfunctions.functions.list","cloudfunctions.functions.update","cloudfunctions.operations.get","firebase.projects.get"]
[debug] [2025-11-03T07:51:13.907Z] Checked if tokens are valid: true, expires at: 1762158412358
[debug] [2025-11-03T07:51:13.907Z] Checked if tokens are valid: true, expires at: 1762158412358
[debug] [2025-11-03T07:51:13.908Z] >>> [apiv2][query] POST https://cloudresourcemanager.googleapis.com/v1/projects/win-finder:testIamPermissions [none]
[debug] [2025-11-03T07:51:13.908Z] >>> [apiv2][(partial)header] POST https://cloudresourcemanager.googleapis.com/v1/projects/win-finder:testIamPermissions x-goog-quota-user=projects/win-finder
[debug] [2025-11-03T07:51:13.908Z] >>> [apiv2][body] POST https://cloudresourcemanager.googleapis.com/v1/projects/win-finder:testIamPermissions {"permissions":["cloudfunctions.functions.create","cloudfunctions.functions.delete","cloudfunctions.functions.get","cloudfunctions.functions.list","cloudfunctions.functions.update","cloudfunctions.operations.get","firebase.projects.get"]}
[debug] [2025-11-03T07:51:14.859Z] <<< [apiv2][status] POST https://cloudresourcemanager.googleapis.com/v1/projects/win-finder:testIamPermissions 200
[debug] [2025-11-03T07:51:14.860Z] <<< [apiv2][body] POST https://cloudresourcemanager.googleapis.com/v1/projects/win-finder:testIamPermissions {"permissions":["cloudfunctions.functions.create","cloudfunctions.functions.delete","cloudfunctions.functions.get","cloudfunctions.functions.list","cloudfunctions.functions.update","cloudfunctions.operations.get","firebase.projects.get"]}
[debug] [2025-11-03T07:51:14.861Z] Checked if tokens are valid: true, expires at: 1762158412358
[debug] [2025-11-03T07:51:14.861Z] Checked if tokens are valid: true, expires at: 1762158412358
[debug] [2025-11-03T07:51:14.861Z] >>> [apiv2][query] POST https://iam.googleapis.com/v1/projects/win-finder/serviceAccounts/win-finder@appspot.gserviceaccount.com:testIamPermissions [none]
[debug] [2025-11-03T07:51:14.861Z] >>> [apiv2][body] POST https://iam.googleapis.com/v1/projects/win-finder/serviceAccounts/win-finder@appspot.gserviceaccount.com:testIamPermissions {"permissions":["iam.serviceAccounts.actAs"]}
[debug] [2025-11-03T07:51:15.987Z] <<< [apiv2][status] POST https://iam.googleapis.com/v1/projects/win-finder/serviceAccounts/win-finder@appspot.gserviceaccount.com:testIamPermissions 200
[debug] [2025-11-03T07:51:15.988Z] <<< [apiv2][body] POST https://iam.googleapis.com/v1/projects/win-finder/serviceAccounts/win-finder@appspot.gserviceaccount.com:testIamPermissions {"permissions":["iam.serviceAccounts.actAs"]}
[info] 
[info] === Deploying to 'win-finder'...
[info] 
[info] i  deploying functions 
[info] Running command: npm --prefix "$RESOURCE_DIR" run build
[info] ✔  functions: Finished running predeploy script. 
[debug] [2025-11-03T07:51:22.042Z] Checked if tokens are valid: true, expires at: 1762158412358
[debug] [2025-11-03T07:51:22.042Z] Checked if tokens are valid: true, expires at: 1762158412358
[debug] [2025-11-03T07:51:22.042Z] >>> [apiv2][query] GET https://cloudresourcemanager.googleapis.com/v1/projects/win-finder [none]
[debug] [2025-11-03T07:51:22.972Z] <<< [apiv2][status] GET https://cloudresourcemanager.googleapis.com/v1/projects/win-finder 200
[debug] [2025-11-03T07:51:22.972Z] <<< [apiv2][body] GET https://cloudresourcemanager.googleapis.com/v1/projects/win-finder {"projectNumber":"684643143905","projectId":"win-finder","lifecycleState":"ACTIVE","name":"WinFinder","labels":{"firebase":"enabled","firebase-core":"disabled"},"createTime":"2025-09-09T10:53:20.129381Z"}
[info] i  functions: preparing codebase default for deployment 
[info] i  functions: ensuring required API cloudfunctions.googleapis.com is enabled... 
[info] i  functions: ensuring required API cloudbuild.googleapis.com is enabled... 
[info] i  artifactregistry: ensuring required API artifactregistry.googleapis.com is enabled... 
[debug] [2025-11-03T07:51:22.979Z] Checked if tokens are valid: true, expires at: 1762158412358
[debug] [2025-11-03T07:51:22.979Z] Checked if tokens are valid: true, expires at: 1762158412358
[debug] [2025-11-03T07:51:22.979Z] >>> [apiv2][query] GET https://firebase.googleapis.com/v1beta1/projects/win-finder/adminSdkConfig [none]
[debug] [2025-11-03T07:51:23.379Z] <<< [apiv2][status] GET https://firebase.googleapis.com/v1beta1/projects/win-finder/adminSdkConfig 200
[debug] [2025-11-03T07:51:23.380Z] <<< [apiv2][body] GET https://firebase.googleapis.com/v1beta1/projects/win-finder/adminSdkConfig {"projectId":"win-finder","storageBucket":"win-finder.firebasestorage.app"}
[debug] [2025-11-03T07:51:23.381Z] Checked if tokens are valid: true, expires at: 1762158412358
[debug] [2025-11-03T07:51:23.382Z] Checked if tokens are valid: true, expires at: 1762158412358
[debug] [2025-11-03T07:51:23.382Z] >>> [apiv2][query] GET https://runtimeconfig.googleapis.com/v1beta1/projects/win-finder/configs [none]
[debug] [2025-11-03T07:51:23.786Z] <<< [apiv2][status] GET https://runtimeconfig.googleapis.com/v1beta1/projects/win-finder/configs 200
[debug] [2025-11-03T07:51:23.786Z] <<< [apiv2][body] GET https://runtimeconfig.googleapis.com/v1beta1/projects/win-finder/configs {}
[debug] [2025-11-03T07:51:23.789Z] Validating nodejs source
[warn] ⚠  functions: package.json indicates an outdated version of firebase-functions. Please upgrade using npm install --save firebase-functions@latest in your functions directory. 
[debug] [2025-11-03T07:51:24.484Z] > [functions] package.json contents: {
  "name": "functions",
  "scripts": {
    "build": "tsc",
    "build:watch": "tsc --watch",
    "serve": "npm run build && firebase emulators:start --only functions",
    "shell": "npm run build && firebase functions:shell",
    "start": "npm run shell",
    "deploy": "firebase deploy --only functions",
    "logs": "firebase functions:log"
  },
  "engines": {
    "node": "22"
  },
  "main": "lib/index.js",
  "dependencies": {
    "firebase-admin": "^12.6.0",
    "firebase-functions": "^6.0.1"
  },
  "devDependencies": {
    "typescript": "^5.7.3",
    "firebase-functions-test": "^3.1.0"
  },
  "private": true
}
[debug] [2025-11-03T07:51:24.484Z] Building nodejs source
[info] i  functions: Loading and analyzing source code for codebase default to determine what to deploy 
[debug] [2025-11-03T07:51:24.485Z] Could not find functions.yaml. Must use http discovery
[debug] [2025-11-03T07:51:24.496Z] Found firebase-functions binary at '/Users/nexiv/dev/win_finder_functions/functions/node_modules/.bin/firebase-functions'
[info] Serving at port 8982

[debug] [2025-11-03T07:51:24.979Z] Got response from /__/functions.yaml {"endpoints":{"update_results":{"availableMemoryMb":null,"timeoutSeconds":null,"minInstances":null,"maxInstances":null,"ingressSettings":null,"concurrency":null,"serviceAccountEmail":null,"vpc":null,"platform":"gcfv2","region":["europe-west1"],"labels":{},"scheduleTrigger":{"schedule":"every 30 minutes","retryConfig":{}},"entryPoint":"update_results"},"updateStandings":{"availableMemoryMb":null,"timeoutSeconds":null,"minInstances":null,"maxInstances":null,"ingressSettings":null,"concurrency":null,"serviceAccountEmail":null,"vpc":null,"platform":"gcfv2","region":["europe-west1"],"labels":{},"scheduleTrigger":{"schedule":"every 4 hours","retryConfig":{}},"entryPoint":"updateStandings"},"cleanDatabase":{"availableMemoryMb":null,"timeoutSeconds":null,"minInstances":null,"maxInstances":null,"ingressSettings":null,"concurrency":null,"serviceAccountEmail":null,"vpc":null,"platform":"gcfv2","region":["europe-west1"],"labels":{},"scheduleTrigger":{"schedule":"every day","retryConfig":{}},"entryPoint":"cleanDatabase"}},"specVersion":"v1alpha1","requiredAPIs":[{"api":"cloudscheduler.googleapis.com","reason":"Needed for scheduled functions."}],"extensions":{}}
[info] i  extensions: ensuring required API firebaseextensions.googleapis.com is enabled... 
[debug] [2025-11-03T07:51:29.031Z] > command requires scopes: ["email","openid","https://www.googleapis.com/auth/cloudplatformprojects.readonly","https://www.googleapis.com/auth/firebase","https://www.googleapis.com/auth/cloud-platform"]
[debug] [2025-11-03T07:51:29.032Z] > authorizing via signed-in user (konjina188@gmail.com)
[debug] [2025-11-03T07:51:29.032Z] [iam] checking project win-finder for permissions ["firebase.projects.get","firebaseextensions.instances.list"]
[debug] [2025-11-03T07:51:29.033Z] Checked if tokens are valid: true, expires at: 1762158412358
[debug] [2025-11-03T07:51:29.033Z] Checked if tokens are valid: true, expires at: 1762158412358
[debug] [2025-11-03T07:51:29.033Z] >>> [apiv2][query] POST https://cloudresourcemanager.googleapis.com/v1/projects/win-finder:testIamPermissions [none]
[debug] [2025-11-03T07:51:29.034Z] >>> [apiv2][(partial)header] POST https://cloudresourcemanager.googleapis.com/v1/projects/win-finder:testIamPermissions x-goog-quota-user=projects/win-finder
[debug] [2025-11-03T07:51:29.034Z] >>> [apiv2][body] POST https://cloudresourcemanager.googleapis.com/v1/projects/win-finder:testIamPermissions {"permissions":["firebase.projects.get","firebaseextensions.instances.list"]}
[debug] [2025-11-03T07:51:29.923Z] <<< [apiv2][status] POST https://cloudresourcemanager.googleapis.com/v1/projects/win-finder:testIamPermissions 200
[debug] [2025-11-03T07:51:29.924Z] <<< [apiv2][body] POST https://cloudresourcemanager.googleapis.com/v1/projects/win-finder:testIamPermissions {"permissions":["firebase.projects.get","firebaseextensions.instances.list"]}
[debug] [2025-11-03T07:51:29.926Z] Checked if tokens are valid: true, expires at: 1762158412358
[debug] [2025-11-03T07:51:29.926Z] Checked if tokens are valid: true, expires at: 1762158412358
[debug] [2025-11-03T07:51:29.927Z] >>> [apiv2][query] GET https://firebaseextensions.googleapis.com/v1beta/projects/win-finder/instances pageSize=100&pageToken=
[debug] [2025-11-03T07:51:30.972Z] <<< [apiv2][status] GET https://firebaseextensions.googleapis.com/v1beta/projects/win-finder/instances 200
[debug] [2025-11-03T07:51:30.973Z] <<< [apiv2][body] GET https://firebaseextensions.googleapis.com/v1beta/projects/win-finder/instances {}
[info] i  functions: preparing functions directory for uploading... 
[info] i  functions: packaged /Users/nexiv/dev/win_finder_functions/functions (88.03 KB) for uploading 
[debug] [2025-11-03T07:51:31.116Z] Checked if tokens are valid: true, expires at: 1762158412358
[debug] [2025-11-03T07:51:31.116Z] Checked if tokens are valid: true, expires at: 1762158412358
[debug] [2025-11-03T07:51:31.116Z] >>> [apiv2][query] GET https://cloudfunctions.googleapis.com/v1/projects/win-finder/locations/-/functions [none]
[debug] [2025-11-03T07:51:31.894Z] <<< [apiv2][status] GET https://cloudfunctions.googleapis.com/v1/projects/win-finder/locations/-/functions 200
[debug] [2025-11-03T07:51:31.894Z] <<< [apiv2][body] GET https://cloudfunctions.googleapis.com/v1/projects/win-finder/locations/-/functions {}
[debug] [2025-11-03T07:51:31.895Z] Checked if tokens are valid: true, expires at: 1762158412358
[debug] [2025-11-03T07:51:31.895Z] Checked if tokens are valid: true, expires at: 1762158412358
[debug] [2025-11-03T07:51:31.897Z] >>> [apiv2][query] GET https://cloudfunctions.googleapis.com/v2/projects/win-finder/locations/-/functions filter=environment%3D%22GEN_2%22
[debug] [2025-11-03T07:51:32.956Z] <<< [apiv2][status] GET https://cloudfunctions.googleapis.com/v2/projects/win-finder/locations/-/functions 200
[debug] [2025-11-03T07:51:32.956Z] <<< [apiv2][body] GET https://cloudfunctions.googleapis.com/v2/projects/win-finder/locations/-/functions {"functions":[{"name":"projects/win-finder/locations/europe-west1/functions/update_results","buildConfig":{"build":"projects/684643143905/locations/europe-west1/builds/a86d7cab-c923-4c4c-8f4f-d54dfe490345","runtime":"nodejs22","entryPoint":"update_results","source":{"storageSource":{"bucket":"gcf-v2-sources-684643143905-europe-west1","object":"update_results/function-source.zip","generation":"1762156077801777"}},"environmentVariables":{"GOOGLE_NODE_RUN_SCRIPTS":""},"dockerRepository":"projects/win-finder/locations/europe-west1/repositories/gcf-artifacts","sourceProvenance":{"resolvedStorageSource":{"bucket":"gcf-v2-sources-684643143905-europe-west1","object":"update_results/function-source.zip","generation":"1762156077801777"}},"dockerRegistry":"ARTIFACT_REGISTRY","serviceAccount":"projects/win-finder/serviceAccounts/684643143905-compute@developer.gserviceaccount.com","automaticUpdatePolicy":{}},"serviceConfig":{"service":"projects/win-finder/locations/europe-west1/services/update-results","timeoutSeconds":60,"environmentVariables":{"FIREBASE_CONFIG":"{\"projectId\":\"win-finder\",\"storageBucket\":\"win-finder.firebasestorage.app\"}","GCLOUD_PROJECT":"win-finder","EVENTARC_CLOUD_EVENT_SOURCE":"projects/win-finder/locations/europe-west1/services/update_results","FUNCTION_TARGET":"update_results","LOG_EXECUTION_ID":"true"},"maxInstanceCount":20,"ingressSettings":"ALLOW_ALL","uri":"https://update-results-jfm2n322wq-ew.a.run.app","serviceAccountEmail":"684643143905-compute@developer.gserviceaccount.com","availableMemory":"256Mi","allTrafficOnLatestRevision":true,"revision":"update-results-00001-mec","maxInstanceRequestConcurrency":80,"availableCpu":"1"},"state":"ACTIVE","updateTime":"2025-11-03T07:48:58.960629254Z","labels":{"deployment-scheduled":"true","firebase-functions-hash":"ee75f44b903cf0e91e5c1d13a9a270a78387caeb","deployment-tool":"cli-firebase"},"environment":"GEN_2","url":"https://europe-west1-win-finder.cloudfunctions.net/update_results","createTime":"2025-11-03T07:47:58.236617083Z","satisfiesPzi":true},{"name":"projects/win-finder/locations/europe-west1/functions/updateStandings","buildConfig":{"build":"projects/684643143905/locations/europe-west1/builds/a86d7cab-c923-4c4c-8f4f-d54dfe490345","runtime":"nodejs22","entryPoint":"updateStandings","source":{"storageSource":{"bucket":"gcf-v2-sources-684643143905-europe-west1","object":"updateStandings/function-source.zip","generation":"1762156136120801"}},"environmentVariables":{"GOOGLE_NODE_RUN_SCRIPTS":""},"dockerRepository":"projects/win-finder/locations/europe-west1/repositories/gcf-artifacts","sourceProvenance":{"resolvedStorageSource":{"bucket":"gcf-v2-sources-684643143905-europe-west1","object":"updateStandings/function-source.zip","generation":"1762156136120801"}},"dockerRegistry":"ARTIFACT_REGISTRY","serviceAccount":"projects/win-finder/serviceAccounts/684643143905-compute@developer.gserviceaccount.com","automaticUpdatePolicy":{}},"serviceConfig":{"service":"projects/win-finder/locations/europe-west1/services/updatestandings","timeoutSeconds":60,"environmentVariables":{"FIREBASE_CONFIG":"{\"projectId\":\"win-finder\",\"storageBucket\":\"win-finder.firebasestorage.app\"}","GCLOUD_PROJECT":"win-finder","EVENTARC_CLOUD_EVENT_SOURCE":"projects/win-finder/locations/europe-west1/services/updateStandings","FUNCTION_TARGET":"updateStandings","LOG_EXECUTION_ID":"true","FUNCTION_SIGNATURE_TYPE":"http"},"maxInstanceCount":20,"ingressSettings":"ALLOW_ALL","uri":"https://updatestandings-jfm2n322wq-ew.a.run.app","serviceAccountEmail":"684643143905-compute@developer.gserviceaccount.com","availableMemory":"256Mi","allTrafficOnLatestRevision":true,"revision":"updatestandings-00001-niy","maxInstanceRequestConcurrency":80,"availableCpu":"1"},"state":"ACTIVE","updateTime":"2025-11-03T07:49:31.177420685Z","labels":{"deployment-tool":"cli-firebase","deployment-scheduled":"true","firebase-functions-hash":"ee75f44b903cf0e91e5c1d13a9a270a78387caeb"},"environment":"GEN_2","url":"https://europe-west1-win-finder.cloudfunctions.net/updateStandings","createTime":"2025-11-03T07:48:56.507967198Z","satisfiesPzi":true},{"name":"projects/win-finder/locations/europe-west1/functions/cleanDatabase","buildConfig":{"build":"projects/684643143905/locations/europe-west1/builds/a86d7cab-c923-4c4c-8f4f-d54dfe490345","runtime":"nodejs22","entryPoint":"cleanDatabase","source":{"storageSource":{"bucket":"gcf-v2-sources-684643143905-europe-west1","object":"cleanDatabase/function-source.zip","generation":"1762156136214262"}},"environmentVariables":{"GOOGLE_NODE_RUN_SCRIPTS":""},"dockerRepository":"projects/win-finder/locations/europe-west1/repositories/gcf-artifacts","sourceProvenance":{"resolvedStorageSource":{"bucket":"gcf-v2-sources-684643143905-europe-west1","object":"cleanDatabase/function-source.zip","generation":"1762156136214262"}},"dockerRegistry":"ARTIFACT_REGISTRY","serviceAccount":"projects/win-finder/serviceAccounts/684643143905-compute@developer.gserviceaccount.com","automaticUpdatePolicy":{}},"serviceConfig":{"service":"projects/win-finder/locations/europe-west1/services/cleandatabase","timeoutSeconds":60,"environmentVariables":{"FIREBASE_CONFIG":"{\"projectId\":\"win-finder\",\"storageBucket\":\"win-finder.firebasestorage.app\"}","GCLOUD_PROJECT":"win-finder","EVENTARC_CLOUD_EVENT_SOURCE":"projects/win-finder/locations/europe-west1/services/cleanDatabase","FUNCTION_TARGET":"cleanDatabase","LOG_EXECUTION_ID":"true","FUNCTION_SIGNATURE_TYPE":"http"},"maxInstanceCount":20,"ingressSettings":"ALLOW_ALL","uri":"https://cleandatabase-jfm2n322wq-ew.a.run.app","serviceAccountEmail":"684643143905-compute@developer.gserviceaccount.com","availableMemory":"256Mi","allTrafficOnLatestRevision":true,"revision":"cleandatabase-00001-fuv","maxInstanceRequestConcurrency":80,"availableCpu":"1"},"state":"ACTIVE","updateTime":"2025-11-03T07:49:31.807597975Z","labels":{"deployment-tool":"cli-firebase","deployment-scheduled":"true","firebase-functions-hash":"ee75f44b903cf0e91e5c1d13a9a270a78387caeb"},"environment":"GEN_2","url":"https://europe-west1-win-finder.cloudfunctions.net/cleanDatabase","createTime":"2025-11-03T07:48:56.562371466Z","satisfiesPzi":true},{"name":"projects/win-finder/locations/us-central1/functions/update_results","buildConfig":{"build":"projects/684643143905/locations/us-central1/builds/ad273ac2-2873-4f7c-b0cb-df570e920833","runtime":"nodejs22","entryPoint":"update_results","source":{"storageSource":{"bucket":"gcf-v2-sources-684643143905-us-central1","object":"update_results/function-source.zip","generation":"1762155915712335"}},"environmentVariables":{"GOOGLE_NODE_RUN_SCRIPTS":""},"dockerRepository":"projects/win-finder/locations/us-central1/repositories/gcf-artifacts","sourceProvenance":{"resolvedStorageSource":{"bucket":"gcf-v2-sources-684643143905-us-central1","object":"update_results/function-source.zip","generation":"1762155915712335"}},"dockerRegistry":"ARTIFACT_REGISTRY","serviceAccount":"projects/win-finder/serviceAccounts/684643143905-compute@developer.gserviceaccount.com","automaticUpdatePolicy":{}},"serviceConfig":{"service":"projects/win-finder/locations/us-central1/services/update-results","timeoutSeconds":60,"environmentVariables":{"FIREBASE_CONFIG":"{\"projectId\":\"win-finder\",\"storageBucket\":\"win-finder.firebasestorage.app\"}","GCLOUD_PROJECT":"win-finder","EVENTARC_CLOUD_EVENT_SOURCE":"projects/win-finder/locations/us-central1/services/update_results","FUNCTION_TARGET":"update_results","LOG_EXECUTION_ID":"true"},"maxInstanceCount":20,"ingressSettings":"ALLOW_ALL","uri":"https://update-results-jfm2n322wq-uc.a.run.app","serviceAccountEmail":"684643143905-compute@developer.gserviceaccount.com","availableMemory":"256Mi","allTrafficOnLatestRevision":true,"revision":"update-results-00001-xaw","maxInstanceRequestConcurrency":80,"availableCpu":"1"},"state":"ACTIVE","updateTime":"2025-11-03T07:46:27.561304044Z","labels":{"deployment-tool":"cli-firebase","deployment-scheduled":"true","firebase-functions-hash":"ad005ec79999841c3a7fd981741b25e16a7b3f09"},"environment":"GEN_2","url":"https://us-central1-win-finder.cloudfunctions.net/update_results","createTime":"2025-11-03T07:45:16.165844716Z","satisfiesPzi":true}]}
[info] i  functions: ensuring required API cloudscheduler.googleapis.com is enabled... 
[info] i  functions: ensuring required API run.googleapis.com is enabled... 
[info] i  functions: ensuring required API eventarc.googleapis.com is enabled... 
[info] i  functions: ensuring required API pubsub.googleapis.com is enabled... 
[info] i  functions: ensuring required API storage.googleapis.com is enabled... 
[info] i  functions: generating the service identity for pubsub.googleapis.com... 
[debug] [2025-11-03T07:51:32.968Z] Checked if tokens are valid: true, expires at: 1762158412358
[debug] [2025-11-03T07:51:32.968Z] Checked if tokens are valid: true, expires at: 1762158412358
[info] i  functions: generating the service identity for eventarc.googleapis.com... 
[debug] [2025-11-03T07:51:32.968Z] Checked if tokens are valid: true, expires at: 1762158412358
[debug] [2025-11-03T07:51:32.968Z] Checked if tokens are valid: true, expires at: 1762158412358
[debug] [2025-11-03T07:51:32.970Z] >>> [apiv2][query] POST https://serviceusage.googleapis.com/v1beta1/projects/684643143905/services/pubsub.googleapis.com:generateServiceIdentity [none]
[debug] [2025-11-03T07:51:32.970Z] >>> [apiv2][(partial)header] POST https://serviceusage.googleapis.com/v1beta1/projects/684643143905/services/pubsub.googleapis.com:generateServiceIdentity x-goog-quota-user=projects/684643143905
[debug] [2025-11-03T07:51:32.970Z] >>> [apiv2][body] POST https://serviceusage.googleapis.com/v1beta1/projects/684643143905/services/pubsub.googleapis.com:generateServiceIdentity {}
[debug] [2025-11-03T07:51:32.974Z] >>> [apiv2][query] POST https://serviceusage.googleapis.com/v1beta1/projects/684643143905/services/eventarc.googleapis.com:generateServiceIdentity [none]
[debug] [2025-11-03T07:51:32.974Z] >>> [apiv2][(partial)header] POST https://serviceusage.googleapis.com/v1beta1/projects/684643143905/services/eventarc.googleapis.com:generateServiceIdentity x-goog-quota-user=projects/684643143905
[debug] [2025-11-03T07:51:32.974Z] >>> [apiv2][body] POST https://serviceusage.googleapis.com/v1beta1/projects/684643143905/services/eventarc.googleapis.com:generateServiceIdentity {}
[debug] [2025-11-03T07:51:34.087Z] <<< [apiv2][status] POST https://serviceusage.googleapis.com/v1beta1/projects/684643143905/services/eventarc.googleapis.com:generateServiceIdentity 200
[debug] [2025-11-03T07:51:34.088Z] <<< [apiv2][body] POST https://serviceusage.googleapis.com/v1beta1/projects/684643143905/services/eventarc.googleapis.com:generateServiceIdentity {"name":"operations/finished.DONE_OPERATION","done":true,"response":{"@type":"type.googleapis.com/google.api.serviceusage.v1beta1.ServiceIdentity","email":"service-684643143905@gcp-sa-eventarc.iam.gserviceaccount.com","uniqueId":"102613563755502511243"}}
[debug] [2025-11-03T07:51:34.108Z] <<< [apiv2][status] POST https://serviceusage.googleapis.com/v1beta1/projects/684643143905/services/pubsub.googleapis.com:generateServiceIdentity 200
[debug] [2025-11-03T07:51:34.109Z] <<< [apiv2][body] POST https://serviceusage.googleapis.com/v1beta1/projects/684643143905/services/pubsub.googleapis.com:generateServiceIdentity {"name":"operations/finished.DONE_OPERATION","done":true,"response":{"@type":"type.googleapis.com/google.api.serviceusage.v1beta1.ServiceIdentity","email":"service-684643143905@gcp-sa-pubsub.iam.gserviceaccount.com","uniqueId":"112244603078099071677"}}
[debug] [2025-11-03T07:51:34.115Z] Checked if tokens are valid: true, expires at: 1762158412358
[debug] [2025-11-03T07:51:34.115Z] Checked if tokens are valid: true, expires at: 1762158412358
[debug] [2025-11-03T07:51:34.115Z] >>> [apiv2][query] GET https://cloudresourcemanager.googleapis.com/v1/projects/win-finder [none]
[debug] [2025-11-03T07:51:34.347Z] <<< [apiv2][status] GET https://cloudresourcemanager.googleapis.com/v1/projects/win-finder 200
[debug] [2025-11-03T07:51:34.348Z] <<< [apiv2][body] GET https://cloudresourcemanager.googleapis.com/v1/projects/win-finder {"projectNumber":"684643143905","projectId":"win-finder","lifecycleState":"ACTIVE","name":"WinFinder","labels":{"firebase":"enabled","firebase-core":"disabled"},"createTime":"2025-09-09T10:53:20.129381Z"}
[debug] [2025-11-03T07:51:34.348Z] Checked if tokens are valid: true, expires at: 1762158412358
[debug] [2025-11-03T07:51:34.349Z] Checked if tokens are valid: true, expires at: 1762158412358
[debug] [2025-11-03T07:51:34.349Z] >>> [apiv2][query] GET https://compute.googleapis.com/compute/v1/projects/684643143905 [none]
[debug] [2025-11-03T07:51:34.715Z] <<< [apiv2][status] GET https://compute.googleapis.com/compute/v1/projects/684643143905 403
[debug] [2025-11-03T07:51:34.715Z] <<< [apiv2][body] GET https://compute.googleapis.com/compute/v1/projects/684643143905 {"error":{"code":403,"message":"Compute Engine API has not been used in project 684643143905 before or it is disabled. Enable it by visiting https://console.developers.google.com/apis/api/compute.googleapis.com/overview?project=684643143905 then retry. If you enabled this API recently, wait a few minutes for the action to propagate to our systems and retry.","errors":[{"message":"Compute Engine API has not been used in project 684643143905 before or it is disabled. Enable it by visiting https://console.developers.google.com/apis/api/compute.googleapis.com/overview?project=684643143905 then retry. If you enabled this API recently, wait a few minutes for the action to propagate to our systems and retry.","domain":"usageLimits","reason":"accessNotConfigured","extendedHelp":"https://console.developers.google.com"}],"status":"PERMISSION_DENIED","details":[{"@type":"type.googleapis.com/google.rpc.ErrorInfo","reason":"SERVICE_DISABLED","domain":"googleapis.com","metadata":{"consumer":"projects/684643143905","service":"compute.googleapis.com","containerInfo":"684643143905","activationUrl":"https://console.developers.google.com/apis/api/compute.googleapis.com/overview?project=684643143905","serviceTitle":"Compute Engine API"}},{"@type":"type.googleapis.com/google.rpc.LocalizedMessage","locale":"en-US","message":"Compute Engine API has not been used in project 684643143905 before or it is disabled. Enable it by visiting https://console.developers.google.com/apis/api/compute.googleapis.com/overview?project=684643143905 then retry. If you enabled this API recently, wait a few minutes for the action to propagate to our systems and retry."},{"@type":"type.googleapis.com/google.rpc.Help","links":[{"description":"Google developers console API activation","url":"https://console.developers.google.com/apis/api/compute.googleapis.com/overview?project=684643143905"}]}]}}
[debug] [2025-11-03T07:51:34.718Z] unable to look up default compute service account. Falling back to 684643143905-compute@developer.gserviceaccount.com. Error: {"name":"FirebaseError","children":[],"context":{"body":{"error":{"code":403,"message":"Compute Engine API has not been used in project 684643143905 before or it is disabled. Enable it by visiting https://console.developers.google.com/apis/api/compute.googleapis.com/overview?project=684643143905 then retry. If you enabled this API recently, wait a few minutes for the action to propagate to our systems and retry.","errors":[{"message":"Compute Engine API has not been used in project 684643143905 before or it is disabled. Enable it by visiting https://console.developers.google.com/apis/api/compute.googleapis.com/overview?project=684643143905 then retry. If you enabled this API recently, wait a few minutes for the action to propagate to our systems and retry.","domain":"usageLimits","reason":"accessNotConfigured","extendedHelp":"https://console.developers.google.com"}],"status":"PERMISSION_DENIED","details":[{"@type":"type.googleapis.com/google.rpc.ErrorInfo","reason":"SERVICE_DISABLED","domain":"googleapis.com","metadata":{"consumer":"projects/684643143905","service":"compute.googleapis.com","containerInfo":"684643143905","activationUrl":"https://console.developers.google.com/apis/api/compute.googleapis.com/overview?project=684643143905","serviceTitle":"Compute Engine API"}},{"@type":"type.googleapis.com/google.rpc.LocalizedMessage","locale":"en-US","message":"Compute Engine API has not been used in project 684643143905 before or it is disabled. Enable it by visiting https://console.developers.google.com/apis/api/compute.googleapis.com/overview?project=684643143905 then retry. If you enabled this API recently, wait a few minutes for the action to propagate to our systems and retry."},{"@type":"type.googleapis.com/google.rpc.Help","links":[{"description":"Google developers console API activation","url":"https://console.developers.google.com/apis/api/compute.googleapis.com/overview?project=684643143905"}]}]}},"response":{"statusCode":403}},"exit":1,"message":"Request to https://compute.googleapis.com/compute/v1/projects/684643143905 had HTTP Error: 403, Compute Engine API has not been used in project 684643143905 before or it is disabled. Enable it by visiting https://console.developers.google.com/apis/api/compute.googleapis.com/overview?project=684643143905 then retry. If you enabled this API recently, wait a few minutes for the action to propagate to our systems and retry.","status":403}
[debug] [2025-11-03T07:51:34.721Z] Checked if tokens are valid: true, expires at: 1762158412358
[debug] [2025-11-03T07:51:34.722Z] Checked if tokens are valid: true, expires at: 1762158412358
[debug] [2025-11-03T07:51:34.722Z] >>> [apiv2][query] GET https://cloudbilling.googleapis.com/v1/projects/win-finder/billingInfo [none]
[debug] [2025-11-03T07:51:35.246Z] <<< [apiv2][status] GET https://cloudbilling.googleapis.com/v1/projects/win-finder/billingInfo 200
[debug] [2025-11-03T07:51:35.247Z] <<< [apiv2][body] GET https://cloudbilling.googleapis.com/v1/projects/win-finder/billingInfo {"name":"projects/win-finder/billingInfo","projectId":"win-finder","billingAccountName":"billingAccounts/000711-F0544E-276B60","billingEnabled":true}
[debug] [2025-11-03T07:51:35.252Z] Checked if tokens are valid: true, expires at: 1762158412358
[debug] [2025-11-03T07:51:35.252Z] Checked if tokens are valid: true, expires at: 1762158412358
[debug] [2025-11-03T07:51:35.252Z] >>> [apiv2][query] POST https://cloudfunctions.googleapis.com/v2/projects/win-finder/locations/europe-west1/functions:generateUploadUrl [none]
[debug] [2025-11-03T07:51:35.442Z] <<< [apiv2][status] POST https://cloudfunctions.googleapis.com/v2/projects/win-finder/locations/europe-west1/functions:generateUploadUrl 200
[debug] [2025-11-03T07:51:35.443Z] <<< [apiv2][body] POST https://cloudfunctions.googleapis.com/v2/projects/win-finder/locations/europe-west1/functions:generateUploadUrl {"uploadUrl":"https://storage.googleapis.com/gcf-v2-uploads-684643143905.europe-west1.cloudfunctions.appspot.com/b0c40d9d-d9c8-4798-8b2b-a39fa56f2b36.zip?GoogleAccessId=service-684643143905@gcf-admin-robot.iam.gserviceaccount.com&Expires=1762158095&Signature=rsYusxOWu1pQQJ0%2FpjarfgOAqSka%2FtnYwAPB3VamgIlRxdOFWpipPcowauzfgCrotRmFWWGO31MGntebdA0q5rKsUW0vIb5Rp41RO2jnBVmPKdgt5CIVBN5s49UDwCmUUvDb0YG31lg0MwXLnk4dFNllTlWNgJYHpDB9KfQIojb7y4Ru%2FnfUExfQbzgmToVl1DCo8r27B36pjpxSdWXPv6OHeLCYjqDvdDo8wvsIOPM5%2FNwYtoaxDE89z34B3zJzPr2HDlzPNZxb4%2FXGmm5TOYmNIMkdzjaW1EY4kMCK9XVShtdMtcuJ7%2FehKwCvg57CUJ8FFAndQhjfjducvLd4dA%3D%3D","storageSource":{"bucket":"gcf-v2-uploads-684643143905.europe-west1.cloudfunctions.appspot.com","object":"b0c40d9d-d9c8-4798-8b2b-a39fa56f2b36.zip"}}
[debug] [2025-11-03T07:51:35.445Z] >>> [apiv2][query] PUT https://storage.googleapis.com/gcf-v2-uploads-684643143905.europe-west1.cloudfunctions.appspot.com/b0c40d9d-d9c8-4798-8b2b-a39fa56f2b36.zip GoogleAccessId=service-684643143905%40gcf-admin-robot.iam.gserviceaccount.com&Expires=1762158095&Signature=rsYusxOWu1pQQJ0%2FpjarfgOAqSka%2FtnYwAPB3VamgIlRxdOFWpipPcowauzfgCrotRmFWWGO31MGntebdA0q5rKsUW0vIb5Rp41RO2jnBVmPKdgt5CIVBN5s49UDwCmUUvDb0YG31lg0MwXLnk4dFNllTlWNgJYHpDB9KfQIojb7y4Ru%2FnfUExfQbzgmToVl1DCo8r27B36pjpxSdWXPv6OHeLCYjqDvdDo8wvsIOPM5%2FNwYtoaxDE89z34B3zJzPr2HDlzPNZxb4%2FXGmm5TOYmNIMkdzjaW1EY4kMCK9XVShtdMtcuJ7%2FehKwCvg57CUJ8FFAndQhjfjducvLd4dA%3D%3D
[debug] [2025-11-03T07:51:35.445Z] >>> [apiv2][body] PUT https://storage.googleapis.com/gcf-v2-uploads-684643143905.europe-west1.cloudfunctions.appspot.com/b0c40d9d-d9c8-4798-8b2b-a39fa56f2b36.zip [stream]
[debug] [2025-11-03T07:51:35.786Z] <<< [apiv2][status] PUT https://storage.googleapis.com/gcf-v2-uploads-684643143905.europe-west1.cloudfunctions.appspot.com/b0c40d9d-d9c8-4798-8b2b-a39fa56f2b36.zip 200
[debug] [2025-11-03T07:51:35.787Z] <<< [apiv2][body] PUT https://storage.googleapis.com/gcf-v2-uploads-684643143905.europe-west1.cloudfunctions.appspot.com/b0c40d9d-d9c8-4798-8b2b-a39fa56f2b36.zip [omitted]
[info] ✔  functions: functions source uploaded successfully 
[info] i  functions: updating Node.js 22 (2nd Gen) function cleanDatabase(europe-west1)... 
[debug] [2025-11-03T07:51:35.799Z] Checked if tokens are valid: true, expires at: 1762158412358
[debug] [2025-11-03T07:51:35.800Z] Checked if tokens are valid: true, expires at: 1762158412358
[debug] [2025-11-03T07:51:35.801Z] >>> [apiv2][query] PATCH https://cloudfunctions.googleapis.com/v2/projects/win-finder/locations/europe-west1/functions/cleanDatabase updateMask=name%2CbuildConfig.runtime%2CbuildConfig.entryPoint%2CbuildConfig.source.storageSource.bucket%2CbuildConfig.source.storageSource.object%2CbuildConfig.environmentVariables%2CbuildConfig.sourceToken%2CserviceConfig.environmentVariables%2CserviceConfig.ingressSettings%2CserviceConfig.timeoutSeconds%2CserviceConfig.serviceAccountEmail%2CserviceConfig.availableMemory%2CserviceConfig.minInstanceCount%2CserviceConfig.maxInstanceCount%2CserviceConfig.maxInstanceRequestConcurrency%2CserviceConfig.availableCpu%2CserviceConfig.vpcConnector%2CserviceConfig.vpcConnectorEgressSettings%2Clabels
[debug] [2025-11-03T07:51:35.801Z] >>> [apiv2][body] PATCH https://cloudfunctions.googleapis.com/v2/projects/win-finder/locations/europe-west1/functions/cleanDatabase {"name":"projects/win-finder/locations/europe-west1/functions/cleanDatabase","buildConfig":{"runtime":"nodejs22","entryPoint":"cleanDatabase","source":{"storageSource":{"bucket":"gcf-v2-uploads-684643143905.europe-west1.cloudfunctions.appspot.com","object":"b0c40d9d-d9c8-4798-8b2b-a39fa56f2b36.zip"}},"environmentVariables":{"GOOGLE_NODE_RUN_SCRIPTS":""}},"serviceConfig":{"environmentVariables":{"FIREBASE_CONFIG":"{\"projectId\":\"win-finder\",\"storageBucket\":\"win-finder.firebasestorage.app\"}","GCLOUD_PROJECT":"win-finder","EVENTARC_CLOUD_EVENT_SOURCE":"projects/win-finder/locations/europe-west1/services/cleanDatabase","FUNCTION_TARGET":"cleanDatabase","LOG_EXECUTION_ID":"true","FUNCTION_SIGNATURE_TYPE":"http"},"ingressSettings":null,"timeoutSeconds":null,"serviceAccountEmail":null,"availableMemory":"256Mi","minInstanceCount":null,"maxInstanceCount":null,"maxInstanceRequestConcurrency":80,"availableCpu":"1","vpcConnector":null,"vpcConnectorEgressSettings":null},"labels":{"deployment-tool":"cli-firebase","deployment-scheduled":"true","firebase-functions-hash":"ee75f44b903cf0e91e5c1d13a9a270a78387caeb"}}
[debug] [2025-11-03T07:51:36.928Z] <<< [apiv2][status] PATCH https://cloudfunctions.googleapis.com/v2/projects/win-finder/locations/europe-west1/functions/cleanDatabase 200
[debug] [2025-11-03T07:51:36.929Z] <<< [apiv2][body] PATCH https://cloudfunctions.googleapis.com/v2/projects/win-finder/locations/europe-west1/functions/cleanDatabase {"name":"projects/win-finder/locations/europe-west1/operations/operation-1762156296004-642abfc0fe292-eb604164-23f76e31","metadata":{"@type":"type.googleapis.com/google.cloud.functions.v2.OperationMetadata","createTime":"2025-11-03T07:51:36.964911028Z","target":"projects/win-finder/locations/europe-west1/functions/cleanDatabase","verb":"update","cancelRequested":false,"apiVersion":"v2"},"done":false}
[debug] [2025-11-03T07:51:36.931Z] Checked if tokens are valid: true, expires at: 1762158412358
[debug] [2025-11-03T07:51:36.931Z] Checked if tokens are valid: true, expires at: 1762158412358
[debug] [2025-11-03T07:51:36.932Z] >>> [apiv2][query] GET https://cloudfunctions.googleapis.com/v2/projects/win-finder/locations/europe-west1/operations/operation-1762156296004-642abfc0fe292-eb604164-23f76e31 [none]
[debug] [2025-11-03T07:51:37.068Z] <<< [apiv2][status] GET https://cloudfunctions.googleapis.com/v2/projects/win-finder/locations/europe-west1/operations/operation-1762156296004-642abfc0fe292-eb604164-23f76e31 200
[debug] [2025-11-03T07:51:37.069Z] <<< [apiv2][body] GET https://cloudfunctions.googleapis.com/v2/projects/win-finder/locations/europe-west1/operations/operation-1762156296004-642abfc0fe292-eb604164-23f76e31 {"name":"projects/win-finder/locations/europe-west1/operations/operation-1762156296004-642abfc0fe292-eb604164-23f76e31","metadata":{"@type":"type.googleapis.com/google.cloud.functions.v2.OperationMetadata","createTime":"2025-11-03T07:51:36.964911028Z","target":"projects/win-finder/locations/europe-west1/functions/cleanDatabase","verb":"update","cancelRequested":false,"apiVersion":"v2","requestResource":{"@type":"type.googleapis.com/google.cloud.functions.v2.Function","name":"projects/win-finder/locations/europe-west1/functions/cleanDatabase","buildConfig":{"runtime":"nodejs22","entryPoint":"cleanDatabase","source":{"storageSource":{"bucket":"gcf-v2-sources-684643143905-europe-west1","object":"cleanDatabase/function-source.zip","generation":"1762156296925535"}},"environmentVariables":{"GOOGLE_NODE_RUN_SCRIPTS":""},"dockerRepository":"projects/win-finder/locations/europe-west1/repositories/gcf-artifacts","sourceProvenance":{"resolvedStorageSource":{"bucket":"gcf-v2-sources-684643143905-europe-west1","object":"cleanDatabase/function-source.zip","generation":"1762156136214262"}},"dockerRegistry":"ARTIFACT_REGISTRY","serviceAccount":"projects/win-finder/serviceAccounts/684643143905-compute@developer.gserviceaccount.com","automaticUpdatePolicy":{}},"serviceConfig":{"service":"projects/win-finder/locations/europe-west1/services/cleandatabase","timeoutSeconds":60,"environmentVariables":{"FIREBASE_CONFIG":"{\"projectId\":\"win-finder\",\"storageBucket\":\"win-finder.firebasestorage.app\"}","GCLOUD_PROJECT":"win-finder","EVENTARC_CLOUD_EVENT_SOURCE":"projects/win-finder/locations/europe-west1/services/cleanDatabase","FUNCTION_TARGET":"cleanDatabase","LOG_EXECUTION_ID":"true","FUNCTION_SIGNATURE_TYPE":"http"},"ingressSettings":"ALLOW_ALL","uri":"https://cleandatabase-jfm2n322wq-ew.a.run.app","serviceAccountEmail":"684643143905-compute@developer.gserviceaccount.com","availableMemory":"256Mi","allTrafficOnLatestRevision":true,"revision":"cleandatabase-00001-fuv","maxInstanceRequestConcurrency":80,"availableCpu":"1"},"state":"ACTIVE","labels":{"deployment-tool":"cli-firebase","deployment-scheduled":"true","firebase-functions-hash":"ee75f44b903cf0e91e5c1d13a9a270a78387caeb"},"environment":"GEN_2","url":"https://europe-west1-win-finder.cloudfunctions.net/cleanDatabase","satisfiesPzi":true},"stages":[{"name":"BUILD","state":"NOT_STARTED"},{"name":"SERVICE","state":"NOT_STARTED"}],"operationType":"UPDATE_FUNCTION"},"done":false}
[debug] [2025-11-03T07:51:37.572Z] [update-default-europe-west1-cleanDatabase] Retrying task index 0
[debug] [2025-11-03T07:51:37.573Z] Checked if tokens are valid: true, expires at: 1762158412358
[debug] [2025-11-03T07:51:37.574Z] Checked if tokens are valid: true, expires at: 1762158412358
[debug] [2025-11-03T07:51:37.574Z] >>> [apiv2][query] GET https://cloudfunctions.googleapis.com/v2/projects/win-finder/locations/europe-west1/operations/operation-1762156296004-642abfc0fe292-eb604164-23f76e31 [none]
[debug] [2025-11-03T07:51:37.713Z] <<< [apiv2][status] GET https://cloudfunctions.googleapis.com/v2/projects/win-finder/locations/europe-west1/operations/operation-1762156296004-642abfc0fe292-eb604164-23f76e31 200
[debug] [2025-11-03T07:51:37.713Z] <<< [apiv2][body] GET https://cloudfunctions.googleapis.com/v2/projects/win-finder/locations/europe-west1/operations/operation-1762156296004-642abfc0fe292-eb604164-23f76e31 {"name":"projects/win-finder/locations/europe-west1/operations/operation-1762156296004-642abfc0fe292-eb604164-23f76e31","metadata":{"@type":"type.googleapis.com/google.cloud.functions.v2.OperationMetadata","createTime":"2025-11-03T07:51:36.964911028Z","target":"projects/win-finder/locations/europe-west1/functions/cleanDatabase","verb":"update","cancelRequested":false,"apiVersion":"v2","requestResource":{"@type":"type.googleapis.com/google.cloud.functions.v2.Function","name":"projects/win-finder/locations/europe-west1/functions/cleanDatabase","buildConfig":{"runtime":"nodejs22","entryPoint":"cleanDatabase","source":{"storageSource":{"bucket":"gcf-v2-sources-684643143905-europe-west1","object":"cleanDatabase/function-source.zip","generation":"1762156296925535"}},"environmentVariables":{"GOOGLE_NODE_RUN_SCRIPTS":""},"dockerRepository":"projects/win-finder/locations/europe-west1/repositories/gcf-artifacts","sourceProvenance":{"resolvedStorageSource":{"bucket":"gcf-v2-sources-684643143905-europe-west1","object":"cleanDatabase/function-source.zip","generation":"1762156136214262"}},"dockerRegistry":"ARTIFACT_REGISTRY","serviceAccount":"projects/win-finder/serviceAccounts/684643143905-compute@developer.gserviceaccount.com","automaticUpdatePolicy":{}},"serviceConfig":{"service":"projects/win-finder/locations/europe-west1/services/cleandatabase","timeoutSeconds":60,"environmentVariables":{"FIREBASE_CONFIG":"{\"projectId\":\"win-finder\",\"storageBucket\":\"win-finder.firebasestorage.app\"}","GCLOUD_PROJECT":"win-finder","EVENTARC_CLOUD_EVENT_SOURCE":"projects/win-finder/locations/europe-west1/services/cleanDatabase","FUNCTION_TARGET":"cleanDatabase","LOG_EXECUTION_ID":"true","FUNCTION_SIGNATURE_TYPE":"http"},"ingressSettings":"ALLOW_ALL","uri":"https://cleandatabase-jfm2n322wq-ew.a.run.app","serviceAccountEmail":"684643143905-compute@developer.gserviceaccount.com","availableMemory":"256Mi","allTrafficOnLatestRevision":true,"revision":"cleandatabase-00001-fuv","maxInstanceRequestConcurrency":80,"availableCpu":"1"},"state":"ACTIVE","labels":{"deployment-tool":"cli-firebase","deployment-scheduled":"true","firebase-functions-hash":"ee75f44b903cf0e91e5c1d13a9a270a78387caeb"},"environment":"GEN_2","url":"https://europe-west1-win-finder.cloudfunctions.net/cleanDatabase","satisfiesPzi":true},"stages":[{"name":"BUILD","state":"NOT_STARTED"},{"name":"SERVICE","state":"NOT_STARTED"}],"operationType":"UPDATE_FUNCTION"},"done":false}
[debug] [2025-11-03T07:51:38.715Z] [update-default-europe-west1-cleanDatabase] Retrying task index 0
[debug] [2025-11-03T07:51:38.716Z] Checked if tokens are valid: true, expires at: 1762158412358
[debug] [2025-11-03T07:51:38.716Z] Checked if tokens are valid: true, expires at: 1762158412358
[debug] [2025-11-03T07:51:38.717Z] >>> [apiv2][query] GET https://cloudfunctions.googleapis.com/v2/projects/win-finder/locations/europe-west1/operations/operation-1762156296004-642abfc0fe292-eb604164-23f76e31 [none]
[debug] [2025-11-03T07:51:38.845Z] <<< [apiv2][status] GET https://cloudfunctions.googleapis.com/v2/projects/win-finder/locations/europe-west1/operations/operation-1762156296004-642abfc0fe292-eb604164-23f76e31 200
[debug] [2025-11-03T07:51:38.845Z] <<< [apiv2][body] GET https://cloudfunctions.googleapis.com/v2/projects/win-finder/locations/europe-west1/operations/operation-1762156296004-642abfc0fe292-eb604164-23f76e31 {"name":"projects/win-finder/locations/europe-west1/operations/operation-1762156296004-642abfc0fe292-eb604164-23f76e31","metadata":{"@type":"type.googleapis.com/google.cloud.functions.v2.OperationMetadata","createTime":"2025-11-03T07:51:36.964911028Z","target":"projects/win-finder/locations/europe-west1/functions/cleanDatabase","verb":"update","cancelRequested":false,"apiVersion":"v2","requestResource":{"@type":"type.googleapis.com/google.cloud.functions.v2.Function","name":"projects/win-finder/locations/europe-west1/functions/cleanDatabase","buildConfig":{"runtime":"nodejs22","entryPoint":"cleanDatabase","source":{"storageSource":{"bucket":"gcf-v2-sources-684643143905-europe-west1","object":"cleanDatabase/function-source.zip","generation":"1762156296925535"}},"environmentVariables":{"GOOGLE_NODE_RUN_SCRIPTS":""},"dockerRepository":"projects/win-finder/locations/europe-west1/repositories/gcf-artifacts","sourceProvenance":{"resolvedStorageSource":{"bucket":"gcf-v2-sources-684643143905-europe-west1","object":"cleanDatabase/function-source.zip","generation":"1762156136214262"}},"dockerRegistry":"ARTIFACT_REGISTRY","serviceAccount":"projects/win-finder/serviceAccounts/684643143905-compute@developer.gserviceaccount.com","automaticUpdatePolicy":{}},"serviceConfig":{"service":"projects/win-finder/locations/europe-west1/services/cleandatabase","timeoutSeconds":60,"environmentVariables":{"FIREBASE_CONFIG":"{\"projectId\":\"win-finder\",\"storageBucket\":\"win-finder.firebasestorage.app\"}","GCLOUD_PROJECT":"win-finder","EVENTARC_CLOUD_EVENT_SOURCE":"projects/win-finder/locations/europe-west1/services/cleanDatabase","FUNCTION_TARGET":"cleanDatabase","LOG_EXECUTION_ID":"true","FUNCTION_SIGNATURE_TYPE":"http"},"ingressSettings":"ALLOW_ALL","uri":"https://cleandatabase-jfm2n322wq-ew.a.run.app","serviceAccountEmail":"684643143905-compute@developer.gserviceaccount.com","availableMemory":"256Mi","allTrafficOnLatestRevision":true,"revision":"cleandatabase-00001-fuv","maxInstanceRequestConcurrency":80,"availableCpu":"1"},"state":"ACTIVE","labels":{"deployment-tool":"cli-firebase","deployment-scheduled":"true","firebase-functions-hash":"ee75f44b903cf0e91e5c1d13a9a270a78387caeb"},"environment":"GEN_2","url":"https://europe-west1-win-finder.cloudfunctions.net/cleanDatabase","satisfiesPzi":true},"stages":[{"name":"BUILD","message":"Build in progress","state":"IN_PROGRESS","resource":"projects/684643143905/locations/europe-west1/builds/8d2c7a6e-69c2-4bb4-bd17-e22ebaa1a368","resourceUri":"https://console.cloud.google.com/cloud-build/builds;region=europe-west1/8d2c7a6e-69c2-4bb4-bd17-e22ebaa1a368?project=684643143905"},{"name":"SERVICE","state":"NOT_STARTED"}],"operationType":"UPDATE_FUNCTION","buildName":"projects/684643143905/locations/europe-west1/builds/8d2c7a6e-69c2-4bb4-bd17-e22ebaa1a368"},"done":false}
[debug] [2025-11-03T07:51:40.847Z] [update-default-europe-west1-cleanDatabase] Retrying task index 0
[debug] [2025-11-03T07:51:40.868Z] Checked if tokens are valid: true, expires at: 1762158412358
[debug] [2025-11-03T07:51:40.868Z] Checked if tokens are valid: true, expires at: 1762158412358
[debug] [2025-11-03T07:51:40.870Z] >>> [apiv2][query] GET https://cloudfunctions.googleapis.com/v2/projects/win-finder/locations/europe-west1/operations/operation-1762156296004-642abfc0fe292-eb604164-23f76e31 [none]
[debug] [2025-11-03T07:51:41.037Z] <<< [apiv2][status] GET https://cloudfunctions.googleapis.com/v2/projects/win-finder/locations/europe-west1/operations/operation-1762156296004-642abfc0fe292-eb604164-23f76e31 200
[debug] [2025-11-03T07:51:41.037Z] <<< [apiv2][body] GET https://cloudfunctions.googleapis.com/v2/projects/win-finder/locations/europe-west1/operations/operation-1762156296004-642abfc0fe292-eb604164-23f76e31 {"name":"projects/win-finder/locations/europe-west1/operations/operation-1762156296004-642abfc0fe292-eb604164-23f76e31","metadata":{"@type":"type.googleapis.com/google.cloud.functions.v2.OperationMetadata","createTime":"2025-11-03T07:51:36.964911028Z","target":"projects/win-finder/locations/europe-west1/functions/cleanDatabase","verb":"update","cancelRequested":false,"apiVersion":"v2","requestResource":{"@type":"type.googleapis.com/google.cloud.functions.v2.Function","name":"projects/win-finder/locations/europe-west1/functions/cleanDatabase","buildConfig":{"runtime":"nodejs22","entryPoint":"cleanDatabase","source":{"storageSource":{"bucket":"gcf-v2-sources-684643143905-europe-west1","object":"cleanDatabase/function-source.zip","generation":"1762156296925535"}},"environmentVariables":{"GOOGLE_NODE_RUN_SCRIPTS":""},"dockerRepository":"projects/win-finder/locations/europe-west1/repositories/gcf-artifacts","sourceProvenance":{"resolvedStorageSource":{"bucket":"gcf-v2-sources-684643143905-europe-west1","object":"cleanDatabase/function-source.zip","generation":"1762156136214262"}},"dockerRegistry":"ARTIFACT_REGISTRY","serviceAccount":"projects/win-finder/serviceAccounts/684643143905-compute@developer.gserviceaccount.com","automaticUpdatePolicy":{}},"serviceConfig":{"service":"projects/win-finder/locations/europe-west1/services/cleandatabase","timeoutSeconds":60,"environmentVariables":{"FIREBASE_CONFIG":"{\"projectId\":\"win-finder\",\"storageBucket\":\"win-finder.firebasestorage.app\"}","GCLOUD_PROJECT":"win-finder","EVENTARC_CLOUD_EVENT_SOURCE":"projects/win-finder/locations/europe-west1/services/cleanDatabase","FUNCTION_TARGET":"cleanDatabase","LOG_EXECUTION_ID":"true","FUNCTION_SIGNATURE_TYPE":"http"},"ingressSettings":"ALLOW_ALL","uri":"https://cleandatabase-jfm2n322wq-ew.a.run.app","serviceAccountEmail":"684643143905-compute@developer.gserviceaccount.com","availableMemory":"256Mi","allTrafficOnLatestRevision":true,"revision":"cleandatabase-00001-fuv","maxInstanceRequestConcurrency":80,"availableCpu":"1"},"state":"ACTIVE","labels":{"deployment-tool":"cli-firebase","deployment-scheduled":"true","firebase-functions-hash":"ee75f44b903cf0e91e5c1d13a9a270a78387caeb"},"environment":"GEN_2","url":"https://europe-west1-win-finder.cloudfunctions.net/cleanDatabase","satisfiesPzi":true},"stages":[{"name":"BUILD","message":"Build in progress","state":"IN_PROGRESS","resource":"projects/684643143905/locations/europe-west1/builds/8d2c7a6e-69c2-4bb4-bd17-e22ebaa1a368","resourceUri":"https://console.cloud.google.com/cloud-build/builds;region=europe-west1/8d2c7a6e-69c2-4bb4-bd17-e22ebaa1a368?project=684643143905"},{"name":"SERVICE","state":"NOT_STARTED"}],"operationType":"UPDATE_FUNCTION","buildName":"projects/684643143905/locations/europe-west1/builds/8d2c7a6e-69c2-4bb4-bd17-e22ebaa1a368"},"done":false}
[debug] [2025-11-03T07:51:45.039Z] [update-default-europe-west1-cleanDatabase] Retrying task index 0
[debug] [2025-11-03T07:51:45.041Z] Checked if tokens are valid: true, expires at: 1762158412358
[debug] [2025-11-03T07:51:45.041Z] Checked if tokens are valid: true, expires at: 1762158412358
[debug] [2025-11-03T07:51:45.041Z] >>> [apiv2][query] GET https://cloudfunctions.googleapis.com/v2/projects/win-finder/locations/europe-west1/operations/operation-1762156296004-642abfc0fe292-eb604164-23f76e31 [none]
[debug] [2025-11-03T07:51:45.177Z] <<< [apiv2][status] GET https://cloudfunctions.googleapis.com/v2/projects/win-finder/locations/europe-west1/operations/operation-1762156296004-642abfc0fe292-eb604164-23f76e31 200
[debug] [2025-11-03T07:51:45.178Z] <<< [apiv2][body] GET https://cloudfunctions.googleapis.com/v2/projects/win-finder/locations/europe-west1/operations/operation-1762156296004-642abfc0fe292-eb604164-23f76e31 {"name":"projects/win-finder/locations/europe-west1/operations/operation-1762156296004-642abfc0fe292-eb604164-23f76e31","metadata":{"@type":"type.googleapis.com/google.cloud.functions.v2.OperationMetadata","createTime":"2025-11-03T07:51:36.964911028Z","target":"projects/win-finder/locations/europe-west1/functions/cleanDatabase","verb":"update","cancelRequested":false,"apiVersion":"v2","requestResource":{"@type":"type.googleapis.com/google.cloud.functions.v2.Function","name":"projects/win-finder/locations/europe-west1/functions/cleanDatabase","buildConfig":{"runtime":"nodejs22","entryPoint":"cleanDatabase","source":{"storageSource":{"bucket":"gcf-v2-sources-684643143905-europe-west1","object":"cleanDatabase/function-source.zip","generation":"1762156296925535"}},"environmentVariables":{"GOOGLE_NODE_RUN_SCRIPTS":""},"dockerRepository":"projects/win-finder/locations/europe-west1/repositories/gcf-artifacts","sourceProvenance":{"resolvedStorageSource":{"bucket":"gcf-v2-sources-684643143905-europe-west1","object":"cleanDatabase/function-source.zip","generation":"1762156136214262"}},"dockerRegistry":"ARTIFACT_REGISTRY","serviceAccount":"projects/win-finder/serviceAccounts/684643143905-compute@developer.gserviceaccount.com","automaticUpdatePolicy":{}},"serviceConfig":{"service":"projects/win-finder/locations/europe-west1/services/cleandatabase","timeoutSeconds":60,"environmentVariables":{"FIREBASE_CONFIG":"{\"projectId\":\"win-finder\",\"storageBucket\":\"win-finder.firebasestorage.app\"}","GCLOUD_PROJECT":"win-finder","EVENTARC_CLOUD_EVENT_SOURCE":"projects/win-finder/locations/europe-west1/services/cleanDatabase","FUNCTION_TARGET":"cleanDatabase","LOG_EXECUTION_ID":"true","FUNCTION_SIGNATURE_TYPE":"http"},"ingressSettings":"ALLOW_ALL","uri":"https://cleandatabase-jfm2n322wq-ew.a.run.app","serviceAccountEmail":"684643143905-compute@developer.gserviceaccount.com","availableMemory":"256Mi","allTrafficOnLatestRevision":true,"revision":"cleandatabase-00001-fuv","maxInstanceRequestConcurrency":80,"availableCpu":"1"},"state":"ACTIVE","labels":{"deployment-tool":"cli-firebase","deployment-scheduled":"true","firebase-functions-hash":"ee75f44b903cf0e91e5c1d13a9a270a78387caeb"},"environment":"GEN_2","url":"https://europe-west1-win-finder.cloudfunctions.net/cleanDatabase","satisfiesPzi":true},"stages":[{"name":"BUILD","message":"Build in progress","state":"IN_PROGRESS","resource":"projects/684643143905/locations/europe-west1/builds/8d2c7a6e-69c2-4bb4-bd17-e22ebaa1a368","resourceUri":"https://console.cloud.google.com/cloud-build/builds;region=europe-west1/8d2c7a6e-69c2-4bb4-bd17-e22ebaa1a368?project=684643143905"},{"name":"SERVICE","state":"NOT_STARTED"}],"operationType":"UPDATE_FUNCTION","buildName":"projects/684643143905/locations/europe-west1/builds/8d2c7a6e-69c2-4bb4-bd17-e22ebaa1a368"},"done":false}
[debug] [2025-11-03T07:51:53.179Z] [update-default-europe-west1-cleanDatabase] Retrying task index 0
[debug] [2025-11-03T07:51:53.181Z] Checked if tokens are valid: true, expires at: 1762158412358
[debug] [2025-11-03T07:51:53.181Z] Checked if tokens are valid: true, expires at: 1762158412358
[debug] [2025-11-03T07:51:53.181Z] >>> [apiv2][query] GET https://cloudfunctions.googleapis.com/v2/projects/win-finder/locations/europe-west1/operations/operation-1762156296004-642abfc0fe292-eb604164-23f76e31 [none]
[debug] [2025-11-03T07:51:53.431Z] <<< [apiv2][status] GET https://cloudfunctions.googleapis.com/v2/projects/win-finder/locations/europe-west1/operations/operation-1762156296004-642abfc0fe292-eb604164-23f76e31 200
[debug] [2025-11-03T07:51:53.433Z] <<< [apiv2][body] GET https://cloudfunctions.googleapis.com/v2/projects/win-finder/locations/europe-west1/operations/operation-1762156296004-642abfc0fe292-eb604164-23f76e31 {"name":"projects/win-finder/locations/europe-west1/operations/operation-1762156296004-642abfc0fe292-eb604164-23f76e31","metadata":{"@type":"type.googleapis.com/google.cloud.functions.v2.OperationMetadata","createTime":"2025-11-03T07:51:36.964911028Z","target":"projects/win-finder/locations/europe-west1/functions/cleanDatabase","verb":"update","cancelRequested":false,"apiVersion":"v2","requestResource":{"@type":"type.googleapis.com/google.cloud.functions.v2.Function","name":"projects/win-finder/locations/europe-west1/functions/cleanDatabase","buildConfig":{"runtime":"nodejs22","entryPoint":"cleanDatabase","source":{"storageSource":{"bucket":"gcf-v2-sources-684643143905-europe-west1","object":"cleanDatabase/function-source.zip","generation":"1762156296925535"}},"environmentVariables":{"GOOGLE_NODE_RUN_SCRIPTS":""},"dockerRepository":"projects/win-finder/locations/europe-west1/repositories/gcf-artifacts","sourceProvenance":{"resolvedStorageSource":{"bucket":"gcf-v2-sources-684643143905-europe-west1","object":"cleanDatabase/function-source.zip","generation":"1762156136214262"}},"dockerRegistry":"ARTIFACT_REGISTRY","serviceAccount":"projects/win-finder/serviceAccounts/684643143905-compute@developer.gserviceaccount.com","automaticUpdatePolicy":{}},"serviceConfig":{"service":"projects/win-finder/locations/europe-west1/services/cleandatabase","timeoutSeconds":60,"environmentVariables":{"FIREBASE_CONFIG":"{\"projectId\":\"win-finder\",\"storageBucket\":\"win-finder.firebasestorage.app\"}","GCLOUD_PROJECT":"win-finder","EVENTARC_CLOUD_EVENT_SOURCE":"projects/win-finder/locations/europe-west1/services/cleanDatabase","FUNCTION_TARGET":"cleanDatabase","LOG_EXECUTION_ID":"true","FUNCTION_SIGNATURE_TYPE":"http"},"ingressSettings":"ALLOW_ALL","uri":"https://cleandatabase-jfm2n322wq-ew.a.run.app","serviceAccountEmail":"684643143905-compute@developer.gserviceaccount.com","availableMemory":"256Mi","allTrafficOnLatestRevision":true,"revision":"cleandatabase-00001-fuv","maxInstanceRequestConcurrency":80,"availableCpu":"1"},"state":"ACTIVE","labels":{"deployment-tool":"cli-firebase","deployment-scheduled":"true","firebase-functions-hash":"ee75f44b903cf0e91e5c1d13a9a270a78387caeb"},"environment":"GEN_2","url":"https://europe-west1-win-finder.cloudfunctions.net/cleanDatabase","satisfiesPzi":true},"stages":[{"name":"BUILD","message":"Build in progress","state":"IN_PROGRESS","resource":"projects/684643143905/locations/europe-west1/builds/8d2c7a6e-69c2-4bb4-bd17-e22ebaa1a368","resourceUri":"https://console.cloud.google.com/cloud-build/builds;region=europe-west1/8d2c7a6e-69c2-4bb4-bd17-e22ebaa1a368?project=684643143905"},{"name":"SERVICE","state":"NOT_STARTED"}],"operationType":"UPDATE_FUNCTION","buildName":"projects/684643143905/locations/europe-west1/builds/8d2c7a6e-69c2-4bb4-bd17-e22ebaa1a368"},"done":false}
[debug] [2025-11-03T07:52:03.434Z] [update-default-europe-west1-cleanDatabase] Retrying task index 0
[debug] [2025-11-03T07:52:03.436Z] Checked if tokens are valid: true, expires at: 1762158412358
[debug] [2025-11-03T07:52:03.436Z] Checked if tokens are valid: true, expires at: 1762158412358
[debug] [2025-11-03T07:52:03.436Z] >>> [apiv2][query] GET https://cloudfunctions.googleapis.com/v2/projects/win-finder/locations/europe-west1/operations/operation-1762156296004-642abfc0fe292-eb604164-23f76e31 [none]
[debug] [2025-11-03T07:52:03.677Z] <<< [apiv2][status] GET https://cloudfunctions.googleapis.com/v2/projects/win-finder/locations/europe-west1/operations/operation-1762156296004-642abfc0fe292-eb604164-23f76e31 200
[debug] [2025-11-03T07:52:03.678Z] <<< [apiv2][body] GET https://cloudfunctions.googleapis.com/v2/projects/win-finder/locations/europe-west1/operations/operation-1762156296004-642abfc0fe292-eb604164-23f76e31 {"name":"projects/win-finder/locations/europe-west1/operations/operation-1762156296004-642abfc0fe292-eb604164-23f76e31","metadata":{"@type":"type.googleapis.com/google.cloud.functions.v2.OperationMetadata","createTime":"2025-11-03T07:51:36.964911028Z","target":"projects/win-finder/locations/europe-west1/functions/cleanDatabase","verb":"update","cancelRequested":false,"apiVersion":"v2","requestResource":{"@type":"type.googleapis.com/google.cloud.functions.v2.Function","name":"projects/win-finder/locations/europe-west1/functions/cleanDatabase","buildConfig":{"runtime":"nodejs22","entryPoint":"cleanDatabase","source":{"storageSource":{"bucket":"gcf-v2-sources-684643143905-europe-west1","object":"cleanDatabase/function-source.zip","generation":"1762156296925535"}},"environmentVariables":{"GOOGLE_NODE_RUN_SCRIPTS":""},"dockerRepository":"projects/win-finder/locations/europe-west1/repositories/gcf-artifacts","sourceProvenance":{"resolvedStorageSource":{"bucket":"gcf-v2-sources-684643143905-europe-west1","object":"cleanDatabase/function-source.zip","generation":"1762156136214262"}},"dockerRegistry":"ARTIFACT_REGISTRY","serviceAccount":"projects/win-finder/serviceAccounts/684643143905-compute@developer.gserviceaccount.com","automaticUpdatePolicy":{}},"serviceConfig":{"service":"projects/win-finder/locations/europe-west1/services/cleandatabase","timeoutSeconds":60,"environmentVariables":{"FIREBASE_CONFIG":"{\"projectId\":\"win-finder\",\"storageBucket\":\"win-finder.firebasestorage.app\"}","GCLOUD_PROJECT":"win-finder","EVENTARC_CLOUD_EVENT_SOURCE":"projects/win-finder/locations/europe-west1/services/cleanDatabase","FUNCTION_TARGET":"cleanDatabase","LOG_EXECUTION_ID":"true","FUNCTION_SIGNATURE_TYPE":"http"},"ingressSettings":"ALLOW_ALL","uri":"https://cleandatabase-jfm2n322wq-ew.a.run.app","serviceAccountEmail":"684643143905-compute@developer.gserviceaccount.com","availableMemory":"256Mi","allTrafficOnLatestRevision":true,"revision":"cleandatabase-00001-fuv","maxInstanceRequestConcurrency":80,"availableCpu":"1"},"state":"ACTIVE","labels":{"deployment-tool":"cli-firebase","deployment-scheduled":"true","firebase-functions-hash":"ee75f44b903cf0e91e5c1d13a9a270a78387caeb"},"environment":"GEN_2","url":"https://europe-west1-win-finder.cloudfunctions.net/cleanDatabase","satisfiesPzi":true},"stages":[{"name":"BUILD","message":"Build in progress","state":"IN_PROGRESS","resource":"projects/684643143905/locations/europe-west1/builds/8d2c7a6e-69c2-4bb4-bd17-e22ebaa1a368","resourceUri":"https://console.cloud.google.com/cloud-build/builds;region=europe-west1/8d2c7a6e-69c2-4bb4-bd17-e22ebaa1a368?project=684643143905"},{"name":"SERVICE","state":"NOT_STARTED"}],"operationType":"UPDATE_FUNCTION","buildName":"projects/684643143905/locations/europe-west1/builds/8d2c7a6e-69c2-4bb4-bd17-e22ebaa1a368"},"done":false}
[debug] [2025-11-03T07:52:13.679Z] [update-default-europe-west1-cleanDatabase] Retrying task index 0
[debug] [2025-11-03T07:52:13.681Z] Checked if tokens are valid: true, expires at: 1762158412358
[debug] [2025-11-03T07:52:13.681Z] Checked if tokens are valid: true, expires at: 1762158412358
[debug] [2025-11-03T07:52:13.681Z] >>> [apiv2][query] GET https://cloudfunctions.googleapis.com/v2/projects/win-finder/locations/europe-west1/operations/operation-1762156296004-642abfc0fe292-eb604164-23f76e31 [none]
[debug] [2025-11-03T07:52:13.863Z] <<< [apiv2][status] GET https://cloudfunctions.googleapis.com/v2/projects/win-finder/locations/europe-west1/operations/operation-1762156296004-642abfc0fe292-eb604164-23f76e31 200
[debug] [2025-11-03T07:52:13.865Z] <<< [apiv2][body] GET https://cloudfunctions.googleapis.com/v2/projects/win-finder/locations/europe-west1/operations/operation-1762156296004-642abfc0fe292-eb604164-23f76e31 {"name":"projects/win-finder/locations/europe-west1/operations/operation-1762156296004-642abfc0fe292-eb604164-23f76e31","metadata":{"@type":"type.googleapis.com/google.cloud.functions.v2.OperationMetadata","createTime":"2025-11-03T07:51:36.964911028Z","target":"projects/win-finder/locations/europe-west1/functions/cleanDatabase","verb":"update","cancelRequested":false,"apiVersion":"v2","requestResource":{"@type":"type.googleapis.com/google.cloud.functions.v2.Function","name":"projects/win-finder/locations/europe-west1/functions/cleanDatabase","buildConfig":{"runtime":"nodejs22","entryPoint":"cleanDatabase","source":{"storageSource":{"bucket":"gcf-v2-sources-684643143905-europe-west1","object":"cleanDatabase/function-source.zip","generation":"1762156296925535"}},"environmentVariables":{"GOOGLE_NODE_RUN_SCRIPTS":""},"dockerRepository":"projects/win-finder/locations/europe-west1/repositories/gcf-artifacts","sourceProvenance":{"resolvedStorageSource":{"bucket":"gcf-v2-sources-684643143905-europe-west1","object":"cleanDatabase/function-source.zip","generation":"1762156136214262"}},"dockerRegistry":"ARTIFACT_REGISTRY","serviceAccount":"projects/win-finder/serviceAccounts/684643143905-compute@developer.gserviceaccount.com","automaticUpdatePolicy":{}},"serviceConfig":{"service":"projects/win-finder/locations/europe-west1/services/cleandatabase","timeoutSeconds":60,"environmentVariables":{"FIREBASE_CONFIG":"{\"projectId\":\"win-finder\",\"storageBucket\":\"win-finder.firebasestorage.app\"}","GCLOUD_PROJECT":"win-finder","EVENTARC_CLOUD_EVENT_SOURCE":"projects/win-finder/locations/europe-west1/services/cleanDatabase","FUNCTION_TARGET":"cleanDatabase","LOG_EXECUTION_ID":"true","FUNCTION_SIGNATURE_TYPE":"http"},"ingressSettings":"ALLOW_ALL","uri":"https://cleandatabase-jfm2n322wq-ew.a.run.app","serviceAccountEmail":"684643143905-compute@developer.gserviceaccount.com","availableMemory":"256Mi","allTrafficOnLatestRevision":true,"revision":"cleandatabase-00001-fuv","maxInstanceRequestConcurrency":80,"availableCpu":"1"},"state":"ACTIVE","labels":{"deployment-tool":"cli-firebase","deployment-scheduled":"true","firebase-functions-hash":"ee75f44b903cf0e91e5c1d13a9a270a78387caeb"},"environment":"GEN_2","url":"https://europe-west1-win-finder.cloudfunctions.net/cleanDatabase","satisfiesPzi":true},"stages":[{"name":"BUILD","message":"Build in progress","state":"IN_PROGRESS","resource":"projects/684643143905/locations/europe-west1/builds/8d2c7a6e-69c2-4bb4-bd17-e22ebaa1a368","resourceUri":"https://console.cloud.google.com/cloud-build/builds;region=europe-west1/8d2c7a6e-69c2-4bb4-bd17-e22ebaa1a368?project=684643143905"},{"name":"SERVICE","state":"NOT_STARTED"}],"operationType":"UPDATE_FUNCTION","buildName":"projects/684643143905/locations/europe-west1/builds/8d2c7a6e-69c2-4bb4-bd17-e22ebaa1a368"},"done":false}
[debug] [2025-11-03T07:52:23.866Z] [update-default-europe-west1-cleanDatabase] Retrying task index 0
[debug] [2025-11-03T07:52:23.867Z] Checked if tokens are valid: true, expires at: 1762158412358
[debug] [2025-11-03T07:52:23.867Z] Checked if tokens are valid: true, expires at: 1762158412358
[debug] [2025-11-03T07:52:23.868Z] >>> [apiv2][query] GET https://cloudfunctions.googleapis.com/v2/projects/win-finder/locations/europe-west1/operations/operation-1762156296004-642abfc0fe292-eb604164-23f76e31 [none]
[debug] [2025-11-03T07:52:24.091Z] <<< [apiv2][status] GET https://cloudfunctions.googleapis.com/v2/projects/win-finder/locations/europe-west1/operations/operation-1762156296004-642abfc0fe292-eb604164-23f76e31 200
[debug] [2025-11-03T07:52:24.092Z] <<< [apiv2][body] GET https://cloudfunctions.googleapis.com/v2/projects/win-finder/locations/europe-west1/operations/operation-1762156296004-642abfc0fe292-eb604164-23f76e31 {"name":"projects/win-finder/locations/europe-west1/operations/operation-1762156296004-642abfc0fe292-eb604164-23f76e31","metadata":{"@type":"type.googleapis.com/google.cloud.functions.v2.OperationMetadata","createTime":"2025-11-03T07:51:36.964911028Z","target":"projects/win-finder/locations/europe-west1/functions/cleanDatabase","verb":"update","cancelRequested":false,"apiVersion":"v2","requestResource":{"@type":"type.googleapis.com/google.cloud.functions.v2.Function","name":"projects/win-finder/locations/europe-west1/functions/cleanDatabase","buildConfig":{"runtime":"nodejs22","entryPoint":"cleanDatabase","source":{"storageSource":{"bucket":"gcf-v2-sources-684643143905-europe-west1","object":"cleanDatabase/function-source.zip","generation":"1762156296925535"}},"environmentVariables":{"GOOGLE_NODE_RUN_SCRIPTS":""},"dockerRepository":"projects/win-finder/locations/europe-west1/repositories/gcf-artifacts","sourceProvenance":{"resolvedStorageSource":{"bucket":"gcf-v2-sources-684643143905-europe-west1","object":"cleanDatabase/function-source.zip","generation":"1762156136214262"}},"dockerRegistry":"ARTIFACT_REGISTRY","serviceAccount":"projects/win-finder/serviceAccounts/684643143905-compute@developer.gserviceaccount.com","automaticUpdatePolicy":{}},"serviceConfig":{"service":"projects/win-finder/locations/europe-west1/services/cleandatabase","timeoutSeconds":60,"environmentVariables":{"FIREBASE_CONFIG":"{\"projectId\":\"win-finder\",\"storageBucket\":\"win-finder.firebasestorage.app\"}","GCLOUD_PROJECT":"win-finder","EVENTARC_CLOUD_EVENT_SOURCE":"projects/win-finder/locations/europe-west1/services/cleanDatabase","FUNCTION_TARGET":"cleanDatabase","LOG_EXECUTION_ID":"true","FUNCTION_SIGNATURE_TYPE":"http"},"ingressSettings":"ALLOW_ALL","uri":"https://cleandatabase-jfm2n322wq-ew.a.run.app","serviceAccountEmail":"684643143905-compute@developer.gserviceaccount.com","availableMemory":"256Mi","allTrafficOnLatestRevision":true,"revision":"cleandatabase-00001-fuv","maxInstanceRequestConcurrency":80,"availableCpu":"1"},"state":"ACTIVE","labels":{"deployment-tool":"cli-firebase","deployment-scheduled":"true","firebase-functions-hash":"ee75f44b903cf0e91e5c1d13a9a270a78387caeb"},"environment":"GEN_2","url":"https://europe-west1-win-finder.cloudfunctions.net/cleanDatabase","satisfiesPzi":true},"stages":[{"name":"BUILD","message":"Build in progress","state":"IN_PROGRESS","resource":"projects/684643143905/locations/europe-west1/builds/8d2c7a6e-69c2-4bb4-bd17-e22ebaa1a368","resourceUri":"https://console.cloud.google.com/cloud-build/builds;region=europe-west1/8d2c7a6e-69c2-4bb4-bd17-e22ebaa1a368?project=684643143905"},{"name":"SERVICE","state":"NOT_STARTED"}],"operationType":"UPDATE_FUNCTION","buildName":"projects/684643143905/locations/europe-west1/builds/8d2c7a6e-69c2-4bb4-bd17-e22ebaa1a368"},"done":false}
[debug] [2025-11-03T07:52:34.094Z] [update-default-europe-west1-cleanDatabase] Retrying task index 0
[debug] [2025-11-03T07:52:34.096Z] Checked if tokens are valid: true, expires at: 1762158412358
[debug] [2025-11-03T07:52:34.096Z] Checked if tokens are valid: true, expires at: 1762158412358
[debug] [2025-11-03T07:52:34.096Z] >>> [apiv2][query] GET https://cloudfunctions.googleapis.com/v2/projects/win-finder/locations/europe-west1/operations/operation-1762156296004-642abfc0fe292-eb604164-23f76e31 [none]
[debug] [2025-11-03T07:52:34.333Z] <<< [apiv2][status] GET https://cloudfunctions.googleapis.com/v2/projects/win-finder/locations/europe-west1/operations/operation-1762156296004-642abfc0fe292-eb604164-23f76e31 200
[debug] [2025-11-03T07:52:34.334Z] <<< [apiv2][body] GET https://cloudfunctions.googleapis.com/v2/projects/win-finder/locations/europe-west1/operations/operation-1762156296004-642abfc0fe292-eb604164-23f76e31 {"name":"projects/win-finder/locations/europe-west1/operations/operation-1762156296004-642abfc0fe292-eb604164-23f76e31","metadata":{"@type":"type.googleapis.com/google.cloud.functions.v2.OperationMetadata","createTime":"2025-11-03T07:51:36.964911028Z","target":"projects/win-finder/locations/europe-west1/functions/cleanDatabase","verb":"update","cancelRequested":false,"apiVersion":"v2","requestResource":{"@type":"type.googleapis.com/google.cloud.functions.v2.Function","name":"projects/win-finder/locations/europe-west1/functions/cleanDatabase","buildConfig":{"runtime":"nodejs22","entryPoint":"cleanDatabase","source":{"storageSource":{"bucket":"gcf-v2-sources-684643143905-europe-west1","object":"cleanDatabase/function-source.zip","generation":"1762156296925535"}},"environmentVariables":{"GOOGLE_NODE_RUN_SCRIPTS":""},"dockerRepository":"projects/win-finder/locations/europe-west1/repositories/gcf-artifacts","sourceProvenance":{"resolvedStorageSource":{"bucket":"gcf-v2-sources-684643143905-europe-west1","object":"cleanDatabase/function-source.zip","generation":"1762156136214262"}},"dockerRegistry":"ARTIFACT_REGISTRY","serviceAccount":"projects/win-finder/serviceAccounts/684643143905-compute@developer.gserviceaccount.com","automaticUpdatePolicy":{}},"serviceConfig":{"service":"projects/win-finder/locations/europe-west1/services/cleandatabase","timeoutSeconds":60,"environmentVariables":{"FIREBASE_CONFIG":"{\"projectId\":\"win-finder\",\"storageBucket\":\"win-finder.firebasestorage.app\"}","GCLOUD_PROJECT":"win-finder","EVENTARC_CLOUD_EVENT_SOURCE":"projects/win-finder/locations/europe-west1/services/cleanDatabase","FUNCTION_TARGET":"cleanDatabase","LOG_EXECUTION_ID":"true","FUNCTION_SIGNATURE_TYPE":"http"},"ingressSettings":"ALLOW_ALL","uri":"https://cleandatabase-jfm2n322wq-ew.a.run.app","serviceAccountEmail":"684643143905-compute@developer.gserviceaccount.com","availableMemory":"256Mi","allTrafficOnLatestRevision":true,"revision":"cleandatabase-00001-fuv","maxInstanceRequestConcurrency":80,"availableCpu":"1"},"state":"ACTIVE","labels":{"deployment-tool":"cli-firebase","deployment-scheduled":"true","firebase-functions-hash":"ee75f44b903cf0e91e5c1d13a9a270a78387caeb"},"environment":"GEN_2","url":"https://europe-west1-win-finder.cloudfunctions.net/cleanDatabase","satisfiesPzi":true},"stages":[{"name":"BUILD","message":"Build finished","state":"COMPLETE","resource":"projects/684643143905/locations/europe-west1/builds/8d2c7a6e-69c2-4bb4-bd17-e22ebaa1a368","resourceUri":"https://console.cloud.google.com/cloud-build/builds;region=europe-west1/8d2c7a6e-69c2-4bb4-bd17-e22ebaa1a368?project=684643143905"},{"name":"SERVICE","state":"NOT_STARTED"}],"sourceToken":"Clhwcm9qZWN0cy82ODQ2NDMxNDM5MDUvbG9jYXRpb25zL2V1cm9wZS13ZXN0MS9idWlsZHMvOGQyYzdhNmUtNjljMi00YmI0LWJkMTctZTIyZWJhYTFhMzY4EmlldXJvcGUtd2VzdDEtZG9ja2VyLnBrZy5kZXYvd2luLWZpbmRlci9nY2YtYXJ0aWZhY3RzL3dpbi0tZmluZGVyX19ldXJvcGUtLXdlc3QxX19jbGVhbl9kYXRhYmFzZTp2ZXJzaW9uXzEY4aGlv/YTIkJwcm9qZWN0cy93aW4tZmluZGVyL2xvY2F0aW9ucy9ldXJvcGUtd2VzdDEvZnVuY3Rpb25zL2NsZWFuRGF0YWJhc2UqDAjBvqHIBhC4p+HEAzIIbm9kZWpzMjI6dwojZ2NyLmlvL2dhZS1ydW50aW1lcy9ub2RlanMyMjpzdGFibGUSUGV1cm9wZS13ZXN0MS1kb2NrZXIucGtnLmRldi9zZXJ2ZXJsZXNzLXJ1bnRpbWVzL2dvb2dsZS0yMi1mdWxsL3J1bnRpbWVzL25vZGVqczIyQAE=","operationType":"UPDATE_FUNCTION","buildName":"projects/684643143905/locations/europe-west1/builds/8d2c7a6e-69c2-4bb4-bd17-e22ebaa1a368"},"done":false}
[debug] [2025-11-03T07:52:34.334Z] Got source token Clhwcm9qZWN0cy82ODQ2NDMxNDM5MDUvbG9jYXRpb25zL2V1cm9wZS13ZXN0MS9idWlsZHMvOGQyYzdhNmUtNjljMi00YmI0LWJkMTctZTIyZWJhYTFhMzY4EmlldXJvcGUtd2VzdDEtZG9ja2VyLnBrZy5kZXYvd2luLWZpbmRlci9nY2YtYXJ0aWZhY3RzL3dpbi0tZmluZGVyX19ldXJvcGUtLXdlc3QxX19jbGVhbl9kYXRhYmFzZTp2ZXJzaW9uXzEY4aGlv/YTIkJwcm9qZWN0cy93aW4tZmluZGVyL2xvY2F0aW9ucy9ldXJvcGUtd2VzdDEvZnVuY3Rpb25zL2NsZWFuRGF0YWJhc2UqDAjBvqHIBhC4p+HEAzIIbm9kZWpzMjI6dwojZ2NyLmlvL2dhZS1ydW50aW1lcy9ub2RlanMyMjpzdGFibGUSUGV1cm9wZS13ZXN0MS1kb2NrZXIucGtnLmRldi9zZXJ2ZXJsZXNzLXJ1bnRpbWVzL2dvb2dsZS0yMi1mdWxsL3J1bnRpbWVzL25vZGVqczIyQAE= for region europe-west1
[debug] [2025-11-03T07:52:44.336Z] [update-default-europe-west1-cleanDatabase] Retrying task index 0
[debug] [2025-11-03T07:52:44.337Z] Checked if tokens are valid: true, expires at: 1762158412358
[debug] [2025-11-03T07:52:44.337Z] Checked if tokens are valid: true, expires at: 1762158412358
[debug] [2025-11-03T07:52:44.338Z] >>> [apiv2][query] GET https://cloudfunctions.googleapis.com/v2/projects/win-finder/locations/europe-west1/operations/operation-1762156296004-642abfc0fe292-eb604164-23f76e31 [none]
[debug] [2025-11-03T07:52:44.572Z] <<< [apiv2][status] GET https://cloudfunctions.googleapis.com/v2/projects/win-finder/locations/europe-west1/operations/operation-1762156296004-642abfc0fe292-eb604164-23f76e31 200
[debug] [2025-11-03T07:52:44.573Z] <<< [apiv2][body] GET https://cloudfunctions.googleapis.com/v2/projects/win-finder/locations/europe-west1/operations/operation-1762156296004-642abfc0fe292-eb604164-23f76e31 {"name":"projects/win-finder/locations/europe-west1/operations/operation-1762156296004-642abfc0fe292-eb604164-23f76e31","metadata":{"@type":"type.googleapis.com/google.cloud.functions.v2.OperationMetadata","createTime":"2025-11-03T07:51:36.964911028Z","target":"projects/win-finder/locations/europe-west1/functions/cleanDatabase","verb":"update","cancelRequested":false,"apiVersion":"v2","requestResource":{"@type":"type.googleapis.com/google.cloud.functions.v2.Function","name":"projects/win-finder/locations/europe-west1/functions/cleanDatabase","buildConfig":{"runtime":"nodejs22","entryPoint":"cleanDatabase","source":{"storageSource":{"bucket":"gcf-v2-sources-684643143905-europe-west1","object":"cleanDatabase/function-source.zip","generation":"1762156296925535"}},"environmentVariables":{"GOOGLE_NODE_RUN_SCRIPTS":""},"dockerRepository":"projects/win-finder/locations/europe-west1/repositories/gcf-artifacts","sourceProvenance":{"resolvedStorageSource":{"bucket":"gcf-v2-sources-684643143905-europe-west1","object":"cleanDatabase/function-source.zip","generation":"1762156136214262"}},"dockerRegistry":"ARTIFACT_REGISTRY","serviceAccount":"projects/win-finder/serviceAccounts/684643143905-compute@developer.gserviceaccount.com","automaticUpdatePolicy":{}},"serviceConfig":{"service":"projects/win-finder/locations/europe-west1/services/cleandatabase","timeoutSeconds":60,"environmentVariables":{"FIREBASE_CONFIG":"{\"projectId\":\"win-finder\",\"storageBucket\":\"win-finder.firebasestorage.app\"}","GCLOUD_PROJECT":"win-finder","EVENTARC_CLOUD_EVENT_SOURCE":"projects/win-finder/locations/europe-west1/services/cleanDatabase","FUNCTION_TARGET":"cleanDatabase","LOG_EXECUTION_ID":"true","FUNCTION_SIGNATURE_TYPE":"http"},"ingressSettings":"ALLOW_ALL","uri":"https://cleandatabase-jfm2n322wq-ew.a.run.app","serviceAccountEmail":"684643143905-compute@developer.gserviceaccount.com","availableMemory":"256Mi","allTrafficOnLatestRevision":true,"revision":"cleandatabase-00001-fuv","maxInstanceRequestConcurrency":80,"availableCpu":"1"},"state":"ACTIVE","labels":{"deployment-tool":"cli-firebase","deployment-scheduled":"true","firebase-functions-hash":"ee75f44b903cf0e91e5c1d13a9a270a78387caeb"},"environment":"GEN_2","url":"https://europe-west1-win-finder.cloudfunctions.net/cleanDatabase","satisfiesPzi":true},"stages":[{"name":"BUILD","message":"Build finished","state":"COMPLETE","resource":"projects/684643143905/locations/europe-west1/builds/8d2c7a6e-69c2-4bb4-bd17-e22ebaa1a368","resourceUri":"https://console.cloud.google.com/cloud-build/builds;region=europe-west1/8d2c7a6e-69c2-4bb4-bd17-e22ebaa1a368?project=684643143905"},{"name":"SERVICE","message":"Updating Cloud Run service","state":"IN_PROGRESS","resource":"projects/win-finder/locations/europe-west1/services/cleandatabase","resourceUri":"https://console.cloud.google.com/run/detail/europe-west1/cleandatabase?project=win-finder","stateMessages":[{"severity":"INFO","type":"CloudRunServiceNewRevisionTrafficInfo","message":"A new revision will be deployed serving with 100% traffic."}]}],"sourceToken":"Clhwcm9qZWN0cy82ODQ2NDMxNDM5MDUvbG9jYXRpb25zL2V1cm9wZS13ZXN0MS9idWlsZHMvOGQyYzdhNmUtNjljMi00YmI0LWJkMTctZTIyZWJhYTFhMzY4EmlldXJvcGUtd2VzdDEtZG9ja2VyLnBrZy5kZXYvd2luLWZpbmRlci9nY2YtYXJ0aWZhY3RzL3dpbi0tZmluZGVyX19ldXJvcGUtLXdlc3QxX19jbGVhbl9kYXRhYmFzZTp2ZXJzaW9uXzEY4aGlv/YTIkJwcm9qZWN0cy93aW4tZmluZGVyL2xvY2F0aW9ucy9ldXJvcGUtd2VzdDEvZnVuY3Rpb25zL2NsZWFuRGF0YWJhc2UqDAjBvqHIBhC4p+HEAzIIbm9kZWpzMjI6dwojZ2NyLmlvL2dhZS1ydW50aW1lcy9ub2RlanMyMjpzdGFibGUSUGV1cm9wZS13ZXN0MS1kb2NrZXIucGtnLmRldi9zZXJ2ZXJsZXNzLXJ1bnRpbWVzL2dvb2dsZS0yMi1mdWxsL3J1bnRpbWVzL25vZGVqczIyQAE=","operationType":"UPDATE_FUNCTION","buildName":"projects/684643143905/locations/europe-west1/builds/8d2c7a6e-69c2-4bb4-bd17-e22ebaa1a368"},"done":false}
[debug] [2025-11-03T07:52:44.574Z] Got source token Clhwcm9qZWN0cy82ODQ2NDMxNDM5MDUvbG9jYXRpb25zL2V1cm9wZS13ZXN0MS9idWlsZHMvOGQyYzdhNmUtNjljMi00YmI0LWJkMTctZTIyZWJhYTFhMzY4EmlldXJvcGUtd2VzdDEtZG9ja2VyLnBrZy5kZXYvd2luLWZpbmRlci9nY2YtYXJ0aWZhY3RzL3dpbi0tZmluZGVyX19ldXJvcGUtLXdlc3QxX19jbGVhbl9kYXRhYmFzZTp2ZXJzaW9uXzEY4aGlv/YTIkJwcm9qZWN0cy93aW4tZmluZGVyL2xvY2F0aW9ucy9ldXJvcGUtd2VzdDEvZnVuY3Rpb25zL2NsZWFuRGF0YWJhc2UqDAjBvqHIBhC4p+HEAzIIbm9kZWpzMjI6dwojZ2NyLmlvL2dhZS1ydW50aW1lcy9ub2RlanMyMjpzdGFibGUSUGV1cm9wZS13ZXN0MS1kb2NrZXIucGtnLmRldi9zZXJ2ZXJsZXNzLXJ1bnRpbWVzL2dvb2dsZS0yMi1mdWxsL3J1bnRpbWVzL25vZGVqczIyQAE= for region europe-west1
[debug] [2025-11-03T07:52:54.576Z] [update-default-europe-west1-cleanDatabase] Retrying task index 0
[debug] [2025-11-03T07:52:54.578Z] Checked if tokens are valid: true, expires at: 1762158412358
[debug] [2025-11-03T07:52:54.578Z] Checked if tokens are valid: true, expires at: 1762158412358
[debug] [2025-11-03T07:52:54.578Z] >>> [apiv2][query] GET https://cloudfunctions.googleapis.com/v2/projects/win-finder/locations/europe-west1/operations/operation-1762156296004-642abfc0fe292-eb604164-23f76e31 [none]
[debug] [2025-11-03T07:52:54.820Z] <<< [apiv2][status] GET https://cloudfunctions.googleapis.com/v2/projects/win-finder/locations/europe-west1/operations/operation-1762156296004-642abfc0fe292-eb604164-23f76e31 200
[debug] [2025-11-03T07:52:54.821Z] <<< [apiv2][body] GET https://cloudfunctions.googleapis.com/v2/projects/win-finder/locations/europe-west1/operations/operation-1762156296004-642abfc0fe292-eb604164-23f76e31 {"name":"projects/win-finder/locations/europe-west1/operations/operation-1762156296004-642abfc0fe292-eb604164-23f76e31","metadata":{"@type":"type.googleapis.com/google.cloud.functions.v2.OperationMetadata","createTime":"2025-11-03T07:51:36.964911028Z","endTime":"2025-11-03T07:52:47.099417947Z","target":"projects/win-finder/locations/europe-west1/functions/cleanDatabase","verb":"update","cancelRequested":false,"apiVersion":"v2","requestResource":{"@type":"type.googleapis.com/google.cloud.functions.v2.Function","name":"projects/win-finder/locations/europe-west1/functions/cleanDatabase","buildConfig":{"runtime":"nodejs22","entryPoint":"cleanDatabase","source":{"storageSource":{"bucket":"gcf-v2-sources-684643143905-europe-west1","object":"cleanDatabase/function-source.zip","generation":"1762156296925535"}},"environmentVariables":{"GOOGLE_NODE_RUN_SCRIPTS":""},"dockerRepository":"projects/win-finder/locations/europe-west1/repositories/gcf-artifacts","sourceProvenance":{"resolvedStorageSource":{"bucket":"gcf-v2-sources-684643143905-europe-west1","object":"cleanDatabase/function-source.zip","generation":"1762156136214262"}},"dockerRegistry":"ARTIFACT_REGISTRY","serviceAccount":"projects/win-finder/serviceAccounts/684643143905-compute@developer.gserviceaccount.com","automaticUpdatePolicy":{}},"serviceConfig":{"service":"projects/win-finder/locations/europe-west1/services/cleandatabase","timeoutSeconds":60,"environmentVariables":{"FIREBASE_CONFIG":"{\"projectId\":\"win-finder\",\"storageBucket\":\"win-finder.firebasestorage.app\"}","GCLOUD_PROJECT":"win-finder","EVENTARC_CLOUD_EVENT_SOURCE":"projects/win-finder/locations/europe-west1/services/cleanDatabase","FUNCTION_TARGET":"cleanDatabase","LOG_EXECUTION_ID":"true","FUNCTION_SIGNATURE_TYPE":"http"},"ingressSettings":"ALLOW_ALL","uri":"https://cleandatabase-jfm2n322wq-ew.a.run.app","serviceAccountEmail":"684643143905-compute@developer.gserviceaccount.com","availableMemory":"256Mi","allTrafficOnLatestRevision":true,"revision":"cleandatabase-00001-fuv","maxInstanceRequestConcurrency":80,"availableCpu":"1"},"state":"ACTIVE","labels":{"deployment-tool":"cli-firebase","deployment-scheduled":"true","firebase-functions-hash":"ee75f44b903cf0e91e5c1d13a9a270a78387caeb"},"environment":"GEN_2","url":"https://europe-west1-win-finder.cloudfunctions.net/cleanDatabase","satisfiesPzi":true},"stages":[{"name":"BUILD","message":"Build finished","state":"COMPLETE","resource":"projects/684643143905/locations/europe-west1/builds/8d2c7a6e-69c2-4bb4-bd17-e22ebaa1a368","resourceUri":"https://console.cloud.google.com/cloud-build/builds;region=europe-west1/8d2c7a6e-69c2-4bb4-bd17-e22ebaa1a368?project=684643143905"},{"name":"SERVICE","message":"Updating Cloud Run service","state":"COMPLETE","resource":"projects/win-finder/locations/europe-west1/services/cleandatabase","resourceUri":"https://console.cloud.google.com/run/detail/europe-west1/cleandatabase?project=win-finder","stateMessages":[{"severity":"INFO","type":"CloudRunServiceNewRevisionTrafficInfo","message":"A new revision will be deployed serving with 100% traffic."}]}],"sourceToken":"Clhwcm9qZWN0cy82ODQ2NDMxNDM5MDUvbG9jYXRpb25zL2V1cm9wZS13ZXN0MS9idWlsZHMvOGQyYzdhNmUtNjljMi00YmI0LWJkMTctZTIyZWJhYTFhMzY4EmlldXJvcGUtd2VzdDEtZG9ja2VyLnBrZy5kZXYvd2luLWZpbmRlci9nY2YtYXJ0aWZhY3RzL3dpbi0tZmluZGVyX19ldXJvcGUtLXdlc3QxX19jbGVhbl9kYXRhYmFzZTp2ZXJzaW9uXzEY4aGlv/YTIkJwcm9qZWN0cy93aW4tZmluZGVyL2xvY2F0aW9ucy9ldXJvcGUtd2VzdDEvZnVuY3Rpb25zL2NsZWFuRGF0YWJhc2UqDAjBvqHIBhC4p+HEAzIIbm9kZWpzMjI6dwojZ2NyLmlvL2dhZS1ydW50aW1lcy9ub2RlanMyMjpzdGFibGUSUGV1cm9wZS13ZXN0MS1kb2NrZXIucGtnLmRldi9zZXJ2ZXJsZXNzLXJ1bnRpbWVzL2dvb2dsZS0yMi1mdWxsL3J1bnRpbWVzL25vZGVqczIyQAE=","operationType":"UPDATE_FUNCTION","buildName":"projects/684643143905/locations/europe-west1/builds/8d2c7a6e-69c2-4bb4-bd17-e22ebaa1a368"},"done":true,"response":{"@type":"type.googleapis.com/google.cloud.functions.v2.Function","name":"projects/win-finder/locations/europe-west1/functions/cleanDatabase","buildConfig":{"build":"projects/684643143905/locations/europe-west1/builds/8d2c7a6e-69c2-4bb4-bd17-e22ebaa1a368","runtime":"nodejs22","entryPoint":"cleanDatabase","source":{"storageSource":{"bucket":"gcf-v2-sources-684643143905-europe-west1","object":"cleanDatabase/function-source.zip","generation":"1762156296925535"}},"environmentVariables":{"GOOGLE_NODE_RUN_SCRIPTS":""},"dockerRepository":"projects/win-finder/locations/europe-west1/repositories/gcf-artifacts","sourceProvenance":{"resolvedStorageSource":{"bucket":"gcf-v2-sources-684643143905-europe-west1","object":"cleanDatabase/function-source.zip","generation":"1762156296925535"}},"dockerRegistry":"ARTIFACT_REGISTRY","serviceAccount":"projects/win-finder/serviceAccounts/684643143905-compute@developer.gserviceaccount.com","automaticUpdatePolicy":{}},"serviceConfig":{"service":"projects/win-finder/locations/europe-west1/services/cleandatabase","timeoutSeconds":60,"environmentVariables":{"FIREBASE_CONFIG":"{\"projectId\":\"win-finder\",\"storageBucket\":\"win-finder.firebasestorage.app\"}","GCLOUD_PROJECT":"win-finder","EVENTARC_CLOUD_EVENT_SOURCE":"projects/win-finder/locations/europe-west1/services/cleanDatabase","FUNCTION_TARGET":"cleanDatabase","LOG_EXECUTION_ID":"true","FUNCTION_SIGNATURE_TYPE":"http"},"maxInstanceCount":20,"ingressSettings":"ALLOW_ALL","uri":"https://cleandatabase-jfm2n322wq-ew.a.run.app","serviceAccountEmail":"684643143905-compute@developer.gserviceaccount.com","availableMemory":"256Mi","allTrafficOnLatestRevision":true,"revision":"cleandatabase-00002-dil","maxInstanceRequestConcurrency":80,"availableCpu":"1"},"state":"ACTIVE","updateTime":"2025-11-03T07:51:36.967145265Z","labels":{"deployment-scheduled":"true","firebase-functions-hash":"ee75f44b903cf0e91e5c1d13a9a270a78387caeb","deployment-tool":"cli-firebase"},"environment":"GEN_2","url":"https://europe-west1-win-finder.cloudfunctions.net/cleanDatabase","createTime":"2025-11-03T07:48:56.562371466Z","satisfiesPzi":true}}
[debug] [2025-11-03T07:52:54.822Z] Got source token Clhwcm9qZWN0cy82ODQ2NDMxNDM5MDUvbG9jYXRpb25zL2V1cm9wZS13ZXN0MS9idWlsZHMvOGQyYzdhNmUtNjljMi00YmI0LWJkMTctZTIyZWJhYTFhMzY4EmlldXJvcGUtd2VzdDEtZG9ja2VyLnBrZy5kZXYvd2luLWZpbmRlci9nY2YtYXJ0aWZhY3RzL3dpbi0tZmluZGVyX19ldXJvcGUtLXdlc3QxX19jbGVhbl9kYXRhYmFzZTp2ZXJzaW9uXzEY4aGlv/YTIkJwcm9qZWN0cy93aW4tZmluZGVyL2xvY2F0aW9ucy9ldXJvcGUtd2VzdDEvZnVuY3Rpb25zL2NsZWFuRGF0YWJhc2UqDAjBvqHIBhC4p+HEAzIIbm9kZWpzMjI6dwojZ2NyLmlvL2dhZS1ydW50aW1lcy9ub2RlanMyMjpzdGFibGUSUGV1cm9wZS13ZXN0MS1kb2NrZXIucGtnLmRldi9zZXJ2ZXJsZXNzLXJ1bnRpbWVzL2dvb2dsZS0yMi1mdWxsL3J1bnRpbWVzL25vZGVqczIyQAE= for region europe-west1
[debug] [2025-11-03T07:52:54.824Z] Checked if tokens are valid: true, expires at: 1762158412358
[debug] [2025-11-03T07:52:54.824Z] Checked if tokens are valid: true, expires at: 1762158412358
[debug] [2025-11-03T07:52:54.824Z] >>> [apiv2][query] GET https://compute.googleapis.com/compute/v1/projects/684643143905 [none]
[debug] [2025-11-03T07:52:55.128Z] <<< [apiv2][status] GET https://compute.googleapis.com/compute/v1/projects/684643143905 403
[debug] [2025-11-03T07:52:55.129Z] <<< [apiv2][body] GET https://compute.googleapis.com/compute/v1/projects/684643143905 {"error":{"code":403,"message":"Compute Engine API has not been used in project 684643143905 before or it is disabled. Enable it by visiting https://console.developers.google.com/apis/api/compute.googleapis.com/overview?project=684643143905 then retry. If you enabled this API recently, wait a few minutes for the action to propagate to our systems and retry.","errors":[{"message":"Compute Engine API has not been used in project 684643143905 before or it is disabled. Enable it by visiting https://console.developers.google.com/apis/api/compute.googleapis.com/overview?project=684643143905 then retry. If you enabled this API recently, wait a few minutes for the action to propagate to our systems and retry.","domain":"usageLimits","reason":"accessNotConfigured","extendedHelp":"https://console.developers.google.com"}],"status":"PERMISSION_DENIED","details":[{"@type":"type.googleapis.com/google.rpc.ErrorInfo","reason":"SERVICE_DISABLED","domain":"googleapis.com","metadata":{"consumer":"projects/684643143905","containerInfo":"684643143905","serviceTitle":"Compute Engine API","service":"compute.googleapis.com","activationUrl":"https://console.developers.google.com/apis/api/compute.googleapis.com/overview?project=684643143905"}},{"@type":"type.googleapis.com/google.rpc.LocalizedMessage","locale":"en-US","message":"Compute Engine API has not been used in project 684643143905 before or it is disabled. Enable it by visiting https://console.developers.google.com/apis/api/compute.googleapis.com/overview?project=684643143905 then retry. If you enabled this API recently, wait a few minutes for the action to propagate to our systems and retry."},{"@type":"type.googleapis.com/google.rpc.Help","links":[{"description":"Google developers console API activation","url":"https://console.developers.google.com/apis/api/compute.googleapis.com/overview?project=684643143905"}]}]}}
[debug] [2025-11-03T07:52:55.130Z] unable to look up default compute service account. Falling back to 684643143905-compute@developer.gserviceaccount.com. Error: {"name":"FirebaseError","children":[],"context":{"body":{"error":{"code":403,"message":"Compute Engine API has not been used in project 684643143905 before or it is disabled. Enable it by visiting https://console.developers.google.com/apis/api/compute.googleapis.com/overview?project=684643143905 then retry. If you enabled this API recently, wait a few minutes for the action to propagate to our systems and retry.","errors":[{"message":"Compute Engine API has not been used in project 684643143905 before or it is disabled. Enable it by visiting https://console.developers.google.com/apis/api/compute.googleapis.com/overview?project=684643143905 then retry. If you enabled this API recently, wait a few minutes for the action to propagate to our systems and retry.","domain":"usageLimits","reason":"accessNotConfigured","extendedHelp":"https://console.developers.google.com"}],"status":"PERMISSION_DENIED","details":[{"@type":"type.googleapis.com/google.rpc.ErrorInfo","reason":"SERVICE_DISABLED","domain":"googleapis.com","metadata":{"consumer":"projects/684643143905","containerInfo":"684643143905","serviceTitle":"Compute Engine API","service":"compute.googleapis.com","activationUrl":"https://console.developers.google.com/apis/api/compute.googleapis.com/overview?project=684643143905"}},{"@type":"type.googleapis.com/google.rpc.LocalizedMessage","locale":"en-US","message":"Compute Engine API has not been used in project 684643143905 before or it is disabled. Enable it by visiting https://console.developers.google.com/apis/api/compute.googleapis.com/overview?project=684643143905 then retry. If you enabled this API recently, wait a few minutes for the action to propagate to our systems and retry."},{"@type":"type.googleapis.com/google.rpc.Help","links":[{"description":"Google developers console API activation","url":"https://console.developers.google.com/apis/api/compute.googleapis.com/overview?project=684643143905"}]}]}},"response":{"statusCode":403}},"exit":1,"message":"Request to https://compute.googleapis.com/compute/v1/projects/684643143905 had HTTP Error: 403, Compute Engine API has not been used in project 684643143905 before or it is disabled. Enable it by visiting https://console.developers.google.com/apis/api/compute.googleapis.com/overview?project=684643143905 then retry. If you enabled this API recently, wait a few minutes for the action to propagate to our systems and retry.","status":403}
[debug] [2025-11-03T07:52:55.131Z] Checked if tokens are valid: true, expires at: 1762158412358
[debug] [2025-11-03T07:52:55.131Z] Checked if tokens are valid: true, expires at: 1762158412358
[debug] [2025-11-03T07:52:55.131Z] >>> [apiv2][query] GET https://run.googleapis.com/v1/projects/win-finder/locations/europe-west1/services/cleandatabase:getIamPolicy [none]
[debug] [2025-11-03T07:52:55.735Z] <<< [apiv2][status] GET https://run.googleapis.com/v1/projects/win-finder/locations/europe-west1/services/cleandatabase:getIamPolicy 200
[debug] [2025-11-03T07:52:55.736Z] <<< [apiv2][body] GET https://run.googleapis.com/v1/projects/win-finder/locations/europe-west1/services/cleandatabase:getIamPolicy {"version":1,"etag":"BwZCq/TT9rM=","bindings":[{"role":"roles/run.invoker","members":["serviceAccount:684643143905-compute@developer.gserviceaccount.com"]}]}
[debug] [2025-11-03T07:52:55.738Z] Checked if tokens are valid: true, expires at: 1762158412358
[debug] [2025-11-03T07:52:55.738Z] Checked if tokens are valid: true, expires at: 1762158412358
[debug] [2025-11-03T07:52:55.738Z] >>> [apiv2][query] GET https://compute.googleapis.com/compute/v1/projects/684643143905 [none]
[debug] [2025-11-03T07:52:55.947Z] <<< [apiv2][status] GET https://compute.googleapis.com/compute/v1/projects/684643143905 403
[debug] [2025-11-03T07:52:55.948Z] <<< [apiv2][body] GET https://compute.googleapis.com/compute/v1/projects/684643143905 {"error":{"code":403,"message":"Compute Engine API has not been used in project 684643143905 before or it is disabled. Enable it by visiting https://console.developers.google.com/apis/api/compute.googleapis.com/overview?project=684643143905 then retry. If you enabled this API recently, wait a few minutes for the action to propagate to our systems and retry.","errors":[{"message":"Compute Engine API has not been used in project 684643143905 before or it is disabled. Enable it by visiting https://console.developers.google.com/apis/api/compute.googleapis.com/overview?project=684643143905 then retry. If you enabled this API recently, wait a few minutes for the action to propagate to our systems and retry.","domain":"usageLimits","reason":"accessNotConfigured","extendedHelp":"https://console.developers.google.com"}],"status":"PERMISSION_DENIED","details":[{"@type":"type.googleapis.com/google.rpc.ErrorInfo","reason":"SERVICE_DISABLED","domain":"googleapis.com","metadata":{"service":"compute.googleapis.com","serviceTitle":"Compute Engine API","consumer":"projects/684643143905","activationUrl":"https://console.developers.google.com/apis/api/compute.googleapis.com/overview?project=684643143905","containerInfo":"684643143905"}},{"@type":"type.googleapis.com/google.rpc.LocalizedMessage","locale":"en-US","message":"Compute Engine API has not been used in project 684643143905 before or it is disabled. Enable it by visiting https://console.developers.google.com/apis/api/compute.googleapis.com/overview?project=684643143905 then retry. If you enabled this API recently, wait a few minutes for the action to propagate to our systems and retry."},{"@type":"type.googleapis.com/google.rpc.Help","links":[{"description":"Google developers console API activation","url":"https://console.developers.google.com/apis/api/compute.googleapis.com/overview?project=684643143905"}]}]}}
[debug] [2025-11-03T07:52:55.948Z] unable to look up default compute service account. Falling back to 684643143905-compute@developer.gserviceaccount.com. Error: {"name":"FirebaseError","children":[],"context":{"body":{"error":{"code":403,"message":"Compute Engine API has not been used in project 684643143905 before or it is disabled. Enable it by visiting https://console.developers.google.com/apis/api/compute.googleapis.com/overview?project=684643143905 then retry. If you enabled this API recently, wait a few minutes for the action to propagate to our systems and retry.","errors":[{"message":"Compute Engine API has not been used in project 684643143905 before or it is disabled. Enable it by visiting https://console.developers.google.com/apis/api/compute.googleapis.com/overview?project=684643143905 then retry. If you enabled this API recently, wait a few minutes for the action to propagate to our systems and retry.","domain":"usageLimits","reason":"accessNotConfigured","extendedHelp":"https://console.developers.google.com"}],"status":"PERMISSION_DENIED","details":[{"@type":"type.googleapis.com/google.rpc.ErrorInfo","reason":"SERVICE_DISABLED","domain":"googleapis.com","metadata":{"service":"compute.googleapis.com","serviceTitle":"Compute Engine API","consumer":"projects/684643143905","activationUrl":"https://console.developers.google.com/apis/api/compute.googleapis.com/overview?project=684643143905","containerInfo":"684643143905"}},{"@type":"type.googleapis.com/google.rpc.LocalizedMessage","locale":"en-US","message":"Compute Engine API has not been used in project 684643143905 before or it is disabled. Enable it by visiting https://console.developers.google.com/apis/api/compute.googleapis.com/overview?project=684643143905 then retry. If you enabled this API recently, wait a few minutes for the action to propagate to our systems and retry."},{"@type":"type.googleapis.com/google.rpc.Help","links":[{"description":"Google developers console API activation","url":"https://console.developers.google.com/apis/api/compute.googleapis.com/overview?project=684643143905"}]}]}},"response":{"statusCode":403}},"exit":1,"message":"Request to https://compute.googleapis.com/compute/v1/projects/684643143905 had HTTP Error: 403, Compute Engine API has not been used in project 684643143905 before or it is disabled. Enable it by visiting https://console.developers.google.com/apis/api/compute.googleapis.com/overview?project=684643143905 then retry. If you enabled this API recently, wait a few minutes for the action to propagate to our systems and retry.","status":403}
[debug] [2025-11-03T07:52:55.950Z] Checked if tokens are valid: true, expires at: 1762158412358
[debug] [2025-11-03T07:52:55.950Z] Checked if tokens are valid: true, expires at: 1762158412358
[debug] [2025-11-03T07:52:55.950Z] >>> [apiv2][query] GET https://cloudscheduler.googleapis.com/v1/projects/win-finder/locations/europe-west1/jobs/firebase-schedule-cleanDatabase-europe-west1 [none]
[debug] [2025-11-03T07:52:56.260Z] <<< [apiv2][status] GET https://cloudscheduler.googleapis.com/v1/projects/win-finder/locations/europe-west1/jobs/firebase-schedule-cleanDatabase-europe-west1 404
[debug] [2025-11-03T07:52:56.261Z] <<< [apiv2][body] GET https://cloudscheduler.googleapis.com/v1/projects/win-finder/locations/europe-west1/jobs/firebase-schedule-cleanDatabase-europe-west1 {"error":{"code":404,"message":"Resource 'projects/win-finder/locations/europe-west1/jobs/firebase-schedule-cleanDatabase-europe-west1' was not found","status":"NOT_FOUND","details":[{"@type":"type.googleapis.com/google.rpc.ResourceInfo","resourceName":"projects/win-finder/locations/europe-west1/jobs/firebase-schedule-cleanDatabase-europe-west1"}]}}
[debug] [2025-11-03T07:52:56.262Z] Checked if tokens are valid: true, expires at: 1762158412358
[debug] [2025-11-03T07:52:56.262Z] Checked if tokens are valid: true, expires at: 1762158412358
[debug] [2025-11-03T07:52:56.262Z] >>> [apiv2][query] POST https://cloudscheduler.googleapis.com/v1/projects/win-finder/locations/europe-west1/jobs [none]
[debug] [2025-11-03T07:52:56.262Z] >>> [apiv2][body] POST https://cloudscheduler.googleapis.com/v1/projects/win-finder/locations/europe-west1/jobs {"timeZone":"UTC","name":"projects/win-finder/locations/europe-west1/jobs/firebase-schedule-cleanDatabase-europe-west1","httpTarget":{"uri":"https://cleandatabase-jfm2n322wq-ew.a.run.app","httpMethod":"POST","oidcToken":{"serviceAccountEmail":"684643143905-compute@developer.gserviceaccount.com"}},"schedule":"every day"}
[debug] [2025-11-03T07:52:56.652Z] <<< [apiv2][status] POST https://cloudscheduler.googleapis.com/v1/projects/win-finder/locations/europe-west1/jobs 400
[debug] [2025-11-03T07:52:56.652Z] <<< [apiv2][body] POST https://cloudscheduler.googleapis.com/v1/projects/win-finder/locations/europe-west1/jobs {"error":{"code":400,"message":"The provided schedule or timezone are invalid.","status":"INVALID_ARGUMENT"}}
[error] Failed to create scheduler job projects/win-finder/locations/europe-west1/jobs/firebase-schedule-cleanDatabase-europe-west1: Request to https://cloudscheduler.googleapis.com/v1/projects/win-finder/locations/europe-west1/jobs had HTTP Error: 400, The provided schedule or timezone are invalid.
[debug] [2025-11-03T07:52:56.658Z] Total Function Deployment time: 80866
[debug] [2025-11-03T07:52:56.658Z] 1 Functions Deployed
[debug] [2025-11-03T07:52:56.658Z] 1 Functions Errored
[debug] [2025-11-03T07:52:56.658Z] 0 Function Deployments Aborted
[debug] [2025-11-03T07:52:56.658Z] Average Function Deployment time: 80863
[info] 
[info] Functions deploy had errors with the following functions:
	cleanDatabase(europe-west1)
[debug] [2025-11-03T07:52:56.662Z] Checked if tokens are valid: true, expires at: 1762158412358
[debug] [2025-11-03T07:52:56.663Z] Checked if tokens are valid: true, expires at: 1762158412358
[debug] [2025-11-03T07:52:56.663Z] >>> [apiv2][query] GET https://artifactregistry.googleapis.com/v1/projects/win-finder/locations/europe-west1/repositories/gcf-artifacts [none]
[debug] [2025-11-03T07:52:56.942Z] <<< [apiv2][status] GET https://artifactregistry.googleapis.com/v1/projects/win-finder/locations/europe-west1/repositories/gcf-artifacts 200
[debug] [2025-11-03T07:52:56.943Z] <<< [apiv2][body] GET https://artifactregistry.googleapis.com/v1/projects/win-finder/locations/europe-west1/repositories/gcf-artifacts {"name":"projects/win-finder/locations/europe-west1/repositories/gcf-artifacts","format":"DOCKER","description":"This repository is created and used by Cloud Functions for storing function docker images.","labels":{"goog-managed-by":"cloudfunctions"},"createTime":"2025-11-03T07:28:18.602473Z","updateTime":"2025-11-03T07:52:21.355043Z","mode":"STANDARD_REPOSITORY","cleanupPolicies":{"firebase-functions-cleanup":{"id":"firebase-functions-cleanup","action":"DELETE","condition":{"tagState":"ANY","olderThan":"432000s"}}},"sizeBytes":"115332700","vulnerabilityScanningConfig":{"lastEnableTime":"2025-11-03T07:28:08.904950675Z","enablementState":"SCANNING_DISABLED","enablementStateReason":"API containerscanning.googleapis.com is not enabled."},"satisfiesPzi":true,"registryUri":"europe-west1-docker.pkg.dev/win-finder/gcf-artifacts"}
[debug] [2025-11-03T07:52:56.944Z] Functions deploy failed.
[debug] [2025-11-03T07:52:56.945Z] {
  "endpoint": {
    "id": "cleanDatabase",
    "project": "win-finder",
    "region": "europe-west1",
    "entryPoint": "cleanDatabase",
    "platform": "gcfv2",
    "runtime": "nodejs22",
    "scheduleTrigger": {
      "schedule": "every day",
      "timeZone": null,
      "retryConfig": {}
    },
    "labels": {
      "deployment-tool": "cli-firebase"
    },
    "serviceAccount": null,
    "ingressSettings": null,
    "availableMemoryMb": null,
    "timeoutSeconds": null,
    "maxInstances": null,
    "minInstances": null,
    "concurrency": 80,
    "vpc": null,
    "environmentVariables": {
      "FIREBASE_CONFIG": "{\"projectId\":\"win-finder\",\"storageBucket\":\"win-finder.firebasestorage.app\"}",
      "GCLOUD_PROJECT": "win-finder",
      "EVENTARC_CLOUD_EVENT_SOURCE": "projects/win-finder/locations/europe-west1/services/cleanDatabase",
      "FUNCTION_TARGET": "cleanDatabase",
      "LOG_EXECUTION_ID": "true",
      "FUNCTION_SIGNATURE_TYPE": "http"
    },
    "codebase": "default",
    "runServiceId": "cleandatabase",
    "cpu": 1,
    "securityLevel": "SECURE_ALWAYS",
    "targetedByOnly": true,
    "hash": "ee75f44b903cf0e91e5c1d13a9a270a78387caeb",
    "uri": "https://cleandatabase-jfm2n322wq-ew.a.run.app"
  },
  "op": "upsert schedule",
  "original": {
    "name": "FirebaseError",
    "children": [],
    "exit": 1,
    "message": "Failed to create scheduler job projects/win-finder/locations/europe-west1/jobs/firebase-schedule-cleanDatabase-europe-west1: Request to https://cloudscheduler.googleapis.com/v1/projects/win-finder/locations/europe-west1/jobs had HTTP Error: 400, The provided schedule or timezone are invalid.",
    "status": 500,
    "code": 500
  }
}
[debug] [2025-11-03T07:52:56.951Z] Error: Failed to upsert schedule function cleanDatabase in region europe-west1
    at /usr/local/lib/node_modules/firebase-tools/lib/deploy/functions/release/fabricator.js:52:11
    at process.processTicksAndRejections (node:internal/process/task_queues:105:5)
    at async Fabricator.upsertScheduleV2 (/usr/local/lib/node_modules/firebase-tools/lib/deploy/functions/release/fabricator.js:541:9)
    at async Fabricator.setTrigger (/usr/local/lib/node_modules/firebase-tools/lib/deploy/functions/release/fabricator.js:497:17)
    at async Fabricator.updateEndpoint (/usr/local/lib/node_modules/firebase-tools/lib/deploy/functions/release/fabricator.js:168:9)
    at async handle (/usr/local/lib/node_modules/firebase-tools/lib/deploy/functions/release/fabricator.js:89:17)
[error] 
[error] Error: There was an error deploying functions
[debug] [2025-11-03T07:53:39.932Z] ----------------------------------------------------------------------
[debug] [2025-11-03T07:53:39.934Z] Command:       /usr/local/Cellar/node/23.5.0/bin/node /usr/local/bin/firebase deploy --only functions
[debug] [2025-11-03T07:53:39.935Z] CLI Version:   14.23.0
[debug] [2025-11-03T07:53:39.935Z] Platform:      darwin
[debug] [2025-11-03T07:53:39.935Z] Node Version:  v23.5.0
[debug] [2025-11-03T07:53:39.936Z] Time:          Mon Nov 03 2025 08:53:39 GMT+0100 (Central European Standard Time)
[debug] [2025-11-03T07:53:39.937Z] ----------------------------------------------------------------------
[debug] 
[debug] [2025-11-03T07:53:40.129Z] > command requires scopes: ["email","openid","https://www.googleapis.com/auth/cloudplatformprojects.readonly","https://www.googleapis.com/auth/firebase","https://www.googleapis.com/auth/cloud-platform"]
[debug] [2025-11-03T07:53:40.130Z] > authorizing via signed-in user (konjina188@gmail.com)
[debug] [2025-11-03T07:53:40.131Z] [iam] checking project win-finder for permissions ["cloudfunctions.functions.create","cloudfunctions.functions.delete","cloudfunctions.functions.get","cloudfunctions.functions.list","cloudfunctions.functions.update","cloudfunctions.operations.get","firebase.projects.get"]
[debug] [2025-11-03T07:53:40.132Z] Checked if tokens are valid: true, expires at: 1762158412358
[debug] [2025-11-03T07:53:40.132Z] Checked if tokens are valid: true, expires at: 1762158412358
[debug] [2025-11-03T07:53:40.133Z] >>> [apiv2][query] POST https://cloudresourcemanager.googleapis.com/v1/projects/win-finder:testIamPermissions [none]
[debug] [2025-11-03T07:53:40.133Z] >>> [apiv2][(partial)header] POST https://cloudresourcemanager.googleapis.com/v1/projects/win-finder:testIamPermissions x-goog-quota-user=projects/win-finder
[debug] [2025-11-03T07:53:40.133Z] >>> [apiv2][body] POST https://cloudresourcemanager.googleapis.com/v1/projects/win-finder:testIamPermissions {"permissions":["cloudfunctions.functions.create","cloudfunctions.functions.delete","cloudfunctions.functions.get","cloudfunctions.functions.list","cloudfunctions.functions.update","cloudfunctions.operations.get","firebase.projects.get"]}
[debug] [2025-11-03T07:53:41.123Z] <<< [apiv2][status] POST https://cloudresourcemanager.googleapis.com/v1/projects/win-finder:testIamPermissions 200
[debug] [2025-11-03T07:53:41.123Z] <<< [apiv2][body] POST https://cloudresourcemanager.googleapis.com/v1/projects/win-finder:testIamPermissions {"permissions":["cloudfunctions.functions.create","cloudfunctions.functions.delete","cloudfunctions.functions.get","cloudfunctions.functions.list","cloudfunctions.functions.update","cloudfunctions.operations.get","firebase.projects.get"]}
[debug] [2025-11-03T07:53:41.125Z] Checked if tokens are valid: true, expires at: 1762158412358
[debug] [2025-11-03T07:53:41.125Z] Checked if tokens are valid: true, expires at: 1762158412358
[debug] [2025-11-03T07:53:41.125Z] >>> [apiv2][query] POST https://iam.googleapis.com/v1/projects/win-finder/serviceAccounts/win-finder@appspot.gserviceaccount.com:testIamPermissions [none]
[debug] [2025-11-03T07:53:41.125Z] >>> [apiv2][body] POST https://iam.googleapis.com/v1/projects/win-finder/serviceAccounts/win-finder@appspot.gserviceaccount.com:testIamPermissions {"permissions":["iam.serviceAccounts.actAs"]}
[debug] [2025-11-03T07:53:42.011Z] <<< [apiv2][status] POST https://iam.googleapis.com/v1/projects/win-finder/serviceAccounts/win-finder@appspot.gserviceaccount.com:testIamPermissions 200
[debug] [2025-11-03T07:53:42.013Z] <<< [apiv2][body] POST https://iam.googleapis.com/v1/projects/win-finder/serviceAccounts/win-finder@appspot.gserviceaccount.com:testIamPermissions {"permissions":["iam.serviceAccounts.actAs"]}
[info] 
[info] === Deploying to 'win-finder'...
[info] 
[info] i  deploying functions 
[info] Running command: npm --prefix "$RESOURCE_DIR" run build
[info] ✔  functions: Finished running predeploy script. 
[debug] [2025-11-03T07:53:48.508Z] Checked if tokens are valid: true, expires at: 1762158412358
[debug] [2025-11-03T07:53:48.508Z] Checked if tokens are valid: true, expires at: 1762158412358
[debug] [2025-11-03T07:53:48.509Z] >>> [apiv2][query] GET https://cloudresourcemanager.googleapis.com/v1/projects/win-finder [none]
[debug] [2025-11-03T07:53:49.409Z] <<< [apiv2][status] GET https://cloudresourcemanager.googleapis.com/v1/projects/win-finder 200
[debug] [2025-11-03T07:53:49.410Z] <<< [apiv2][body] GET https://cloudresourcemanager.googleapis.com/v1/projects/win-finder {"projectNumber":"684643143905","projectId":"win-finder","lifecycleState":"ACTIVE","name":"WinFinder","labels":{"firebase":"enabled","firebase-core":"disabled"},"createTime":"2025-09-09T10:53:20.129381Z"}
[info] i  functions: preparing codebase default for deployment 
[info] i  functions: ensuring required API cloudfunctions.googleapis.com is enabled... 
[info] i  functions: ensuring required API cloudbuild.googleapis.com is enabled... 
[info] i  artifactregistry: ensuring required API artifactregistry.googleapis.com is enabled... 
[debug] [2025-11-03T07:53:49.415Z] Checked if tokens are valid: true, expires at: 1762158412358
[debug] [2025-11-03T07:53:49.416Z] Checked if tokens are valid: true, expires at: 1762158412358
[debug] [2025-11-03T07:53:49.416Z] >>> [apiv2][query] GET https://firebase.googleapis.com/v1beta1/projects/win-finder/adminSdkConfig [none]
[debug] [2025-11-03T07:53:49.839Z] <<< [apiv2][status] GET https://firebase.googleapis.com/v1beta1/projects/win-finder/adminSdkConfig 200
[debug] [2025-11-03T07:53:49.840Z] <<< [apiv2][body] GET https://firebase.googleapis.com/v1beta1/projects/win-finder/adminSdkConfig {"projectId":"win-finder","storageBucket":"win-finder.firebasestorage.app"}
[debug] [2025-11-03T07:53:49.841Z] Checked if tokens are valid: true, expires at: 1762158412358
[debug] [2025-11-03T07:53:49.841Z] Checked if tokens are valid: true, expires at: 1762158412358
[debug] [2025-11-03T07:53:49.842Z] >>> [apiv2][query] GET https://runtimeconfig.googleapis.com/v1beta1/projects/win-finder/configs [none]
[debug] [2025-11-03T07:53:50.211Z] <<< [apiv2][status] GET https://runtimeconfig.googleapis.com/v1beta1/projects/win-finder/configs 200
[debug] [2025-11-03T07:53:50.211Z] <<< [apiv2][body] GET https://runtimeconfig.googleapis.com/v1beta1/projects/win-finder/configs {}
[debug] [2025-11-03T07:53:50.213Z] Validating nodejs source
[warn] ⚠  functions: package.json indicates an outdated version of firebase-functions. Please upgrade using npm install --save firebase-functions@latest in your functions directory. 
[debug] [2025-11-03T07:53:50.927Z] > [functions] package.json contents: {
  "name": "functions",
  "scripts": {
    "build": "tsc",
    "build:watch": "tsc --watch",
    "serve": "npm run build && firebase emulators:start --only functions",
    "shell": "npm run build && firebase functions:shell",
    "start": "npm run shell",
    "deploy": "firebase deploy --only functions",
    "logs": "firebase functions:log"
  },
  "engines": {
    "node": "22"
  },
  "main": "lib/index.js",
  "dependencies": {
    "firebase-admin": "^12.6.0",
    "firebase-functions": "^6.0.1"
  },
  "devDependencies": {
    "typescript": "^5.7.3",
    "firebase-functions-test": "^3.1.0"
  },
  "private": true
}
[debug] [2025-11-03T07:53:50.927Z] Building nodejs source
[info] i  functions: Loading and analyzing source code for codebase default to determine what to deploy 
[debug] [2025-11-03T07:53:50.928Z] Could not find functions.yaml. Must use http discovery
[debug] [2025-11-03T07:53:50.941Z] Found firebase-functions binary at '/Users/nexiv/dev/win_finder_functions/functions/node_modules/.bin/firebase-functions'
[info] Serving at port 8514

[debug] [2025-11-03T07:53:51.442Z] Got response from /__/functions.yaml {"endpoints":{"updateResults":{"availableMemoryMb":null,"timeoutSeconds":null,"minInstances":null,"maxInstances":null,"ingressSettings":null,"concurrency":null,"serviceAccountEmail":null,"vpc":null,"platform":"gcfv2","region":["europe-west1"],"labels":{},"scheduleTrigger":{"schedule":"every 30 minutes","retryConfig":{}},"entryPoint":"updateResults"},"updateStandings":{"availableMemoryMb":null,"timeoutSeconds":null,"minInstances":null,"maxInstances":null,"ingressSettings":null,"concurrency":null,"serviceAccountEmail":null,"vpc":null,"platform":"gcfv2","region":["europe-west1"],"labels":{},"scheduleTrigger":{"schedule":"every 4 hours","retryConfig":{}},"entryPoint":"updateStandings"},"cleanDatabase":{"availableMemoryMb":null,"timeoutSeconds":null,"minInstances":null,"maxInstances":null,"ingressSettings":null,"concurrency":null,"serviceAccountEmail":null,"vpc":null,"platform":"gcfv2","region":["europe-west1"],"labels":{},"scheduleTrigger":{"schedule":"every 24 hours","retryConfig":{}},"entryPoint":"cleanDatabase"}},"specVersion":"v1alpha1","requiredAPIs":[{"api":"cloudscheduler.googleapis.com","reason":"Needed for scheduled functions."}],"extensions":{}}
[info] i  extensions: ensuring required API firebaseextensions.googleapis.com is enabled... 
[debug] [2025-11-03T07:53:55.492Z] > command requires scopes: ["email","openid","https://www.googleapis.com/auth/cloudplatformprojects.readonly","https://www.googleapis.com/auth/firebase","https://www.googleapis.com/auth/cloud-platform"]
[debug] [2025-11-03T07:53:55.493Z] > authorizing via signed-in user (konjina188@gmail.com)
[debug] [2025-11-03T07:53:55.493Z] [iam] checking project win-finder for permissions ["firebase.projects.get","firebaseextensions.instances.list"]
[debug] [2025-11-03T07:53:55.494Z] Checked if tokens are valid: true, expires at: 1762158412358
[debug] [2025-11-03T07:53:55.494Z] Checked if tokens are valid: true, expires at: 1762158412358
[debug] [2025-11-03T07:53:55.494Z] >>> [apiv2][query] POST https://cloudresourcemanager.googleapis.com/v1/projects/win-finder:testIamPermissions [none]
[debug] [2025-11-03T07:53:55.494Z] >>> [apiv2][(partial)header] POST https://cloudresourcemanager.googleapis.com/v1/projects/win-finder:testIamPermissions x-goog-quota-user=projects/win-finder
[debug] [2025-11-03T07:53:55.494Z] >>> [apiv2][body] POST https://cloudresourcemanager.googleapis.com/v1/projects/win-finder:testIamPermissions {"permissions":["firebase.projects.get","firebaseextensions.instances.list"]}
[debug] [2025-11-03T07:53:56.364Z] <<< [apiv2][status] POST https://cloudresourcemanager.googleapis.com/v1/projects/win-finder:testIamPermissions 200
[debug] [2025-11-03T07:53:56.365Z] <<< [apiv2][body] POST https://cloudresourcemanager.googleapis.com/v1/projects/win-finder:testIamPermissions {"permissions":["firebase.projects.get","firebaseextensions.instances.list"]}
[debug] [2025-11-03T07:53:56.366Z] Checked if tokens are valid: true, expires at: 1762158412358
[debug] [2025-11-03T07:53:56.366Z] Checked if tokens are valid: true, expires at: 1762158412358
[debug] [2025-11-03T07:53:56.366Z] >>> [apiv2][query] GET https://firebaseextensions.googleapis.com/v1beta/projects/win-finder/instances pageSize=100&pageToken=
[debug] [2025-11-03T07:53:57.376Z] <<< [apiv2][status] GET https://firebaseextensions.googleapis.com/v1beta/projects/win-finder/instances 200
[debug] [2025-11-03T07:53:57.376Z] <<< [apiv2][body] GET https://firebaseextensions.googleapis.com/v1beta/projects/win-finder/instances {}
[info] i  functions: preparing functions directory for uploading... 
[info] i  functions: packaged /Users/nexiv/dev/win_finder_functions/functions (88.04 KB) for uploading 
[debug] [2025-11-03T07:53:57.471Z] Checked if tokens are valid: true, expires at: 1762158412358
[debug] [2025-11-03T07:53:57.471Z] Checked if tokens are valid: true, expires at: 1762158412358
[debug] [2025-11-03T07:53:57.471Z] >>> [apiv2][query] GET https://cloudfunctions.googleapis.com/v1/projects/win-finder/locations/-/functions [none]
[debug] [2025-11-03T07:53:58.181Z] <<< [apiv2][status] GET https://cloudfunctions.googleapis.com/v1/projects/win-finder/locations/-/functions 200
[debug] [2025-11-03T07:53:58.183Z] <<< [apiv2][body] GET https://cloudfunctions.googleapis.com/v1/projects/win-finder/locations/-/functions {}
[debug] [2025-11-03T07:53:58.184Z] Checked if tokens are valid: true, expires at: 1762158412358
[debug] [2025-11-03T07:53:58.184Z] Checked if tokens are valid: true, expires at: 1762158412358
[debug] [2025-11-03T07:53:58.186Z] >>> [apiv2][query] GET https://cloudfunctions.googleapis.com/v2/projects/win-finder/locations/-/functions filter=environment%3D%22GEN_2%22
[debug] [2025-11-03T07:53:59.225Z] <<< [apiv2][status] GET https://cloudfunctions.googleapis.com/v2/projects/win-finder/locations/-/functions 200
[debug] [2025-11-03T07:53:59.226Z] <<< [apiv2][body] GET https://cloudfunctions.googleapis.com/v2/projects/win-finder/locations/-/functions {"functions":[{"name":"projects/win-finder/locations/europe-west1/functions/update_results","buildConfig":{"build":"projects/684643143905/locations/europe-west1/builds/a86d7cab-c923-4c4c-8f4f-d54dfe490345","runtime":"nodejs22","entryPoint":"update_results","source":{"storageSource":{"bucket":"gcf-v2-sources-684643143905-europe-west1","object":"update_results/function-source.zip","generation":"1762156077801777"}},"environmentVariables":{"GOOGLE_NODE_RUN_SCRIPTS":""},"dockerRepository":"projects/win-finder/locations/europe-west1/repositories/gcf-artifacts","sourceProvenance":{"resolvedStorageSource":{"bucket":"gcf-v2-sources-684643143905-europe-west1","object":"update_results/function-source.zip","generation":"1762156077801777"}},"dockerRegistry":"ARTIFACT_REGISTRY","serviceAccount":"projects/win-finder/serviceAccounts/684643143905-compute@developer.gserviceaccount.com","automaticUpdatePolicy":{}},"serviceConfig":{"service":"projects/win-finder/locations/europe-west1/services/update-results","timeoutSeconds":60,"environmentVariables":{"FIREBASE_CONFIG":"{\"projectId\":\"win-finder\",\"storageBucket\":\"win-finder.firebasestorage.app\"}","GCLOUD_PROJECT":"win-finder","EVENTARC_CLOUD_EVENT_SOURCE":"projects/win-finder/locations/europe-west1/services/update_results","FUNCTION_TARGET":"update_results","LOG_EXECUTION_ID":"true"},"maxInstanceCount":20,"ingressSettings":"ALLOW_ALL","uri":"https://update-results-jfm2n322wq-ew.a.run.app","serviceAccountEmail":"684643143905-compute@developer.gserviceaccount.com","availableMemory":"256Mi","allTrafficOnLatestRevision":true,"revision":"update-results-00001-mec","maxInstanceRequestConcurrency":80,"availableCpu":"1"},"state":"ACTIVE","updateTime":"2025-11-03T07:48:58.960629254Z","labels":{"deployment-scheduled":"true","firebase-functions-hash":"ee75f44b903cf0e91e5c1d13a9a270a78387caeb","deployment-tool":"cli-firebase"},"environment":"GEN_2","url":"https://europe-west1-win-finder.cloudfunctions.net/update_results","createTime":"2025-11-03T07:47:58.236617083Z","satisfiesPzi":true},{"name":"projects/win-finder/locations/europe-west1/functions/updateStandings","buildConfig":{"build":"projects/684643143905/locations/europe-west1/builds/a86d7cab-c923-4c4c-8f4f-d54dfe490345","runtime":"nodejs22","entryPoint":"updateStandings","source":{"storageSource":{"bucket":"gcf-v2-sources-684643143905-europe-west1","object":"updateStandings/function-source.zip","generation":"1762156136120801"}},"environmentVariables":{"GOOGLE_NODE_RUN_SCRIPTS":""},"dockerRepository":"projects/win-finder/locations/europe-west1/repositories/gcf-artifacts","sourceProvenance":{"resolvedStorageSource":{"bucket":"gcf-v2-sources-684643143905-europe-west1","object":"updateStandings/function-source.zip","generation":"1762156136120801"}},"dockerRegistry":"ARTIFACT_REGISTRY","serviceAccount":"projects/win-finder/serviceAccounts/684643143905-compute@developer.gserviceaccount.com","automaticUpdatePolicy":{}},"serviceConfig":{"service":"projects/win-finder/locations/europe-west1/services/updatestandings","timeoutSeconds":60,"environmentVariables":{"FIREBASE_CONFIG":"{\"projectId\":\"win-finder\",\"storageBucket\":\"win-finder.firebasestorage.app\"}","GCLOUD_PROJECT":"win-finder","EVENTARC_CLOUD_EVENT_SOURCE":"projects/win-finder/locations/europe-west1/services/updateStandings","FUNCTION_TARGET":"updateStandings","LOG_EXECUTION_ID":"true","FUNCTION_SIGNATURE_TYPE":"http"},"maxInstanceCount":20,"ingressSettings":"ALLOW_ALL","uri":"https://updatestandings-jfm2n322wq-ew.a.run.app","serviceAccountEmail":"684643143905-compute@developer.gserviceaccount.com","availableMemory":"256Mi","allTrafficOnLatestRevision":true,"revision":"updatestandings-00001-niy","maxInstanceRequestConcurrency":80,"availableCpu":"1"},"state":"ACTIVE","updateTime":"2025-11-03T07:49:31.177420685Z","labels":{"deployment-tool":"cli-firebase","deployment-scheduled":"true","firebase-functions-hash":"ee75f44b903cf0e91e5c1d13a9a270a78387caeb"},"environment":"GEN_2","url":"https://europe-west1-win-finder.cloudfunctions.net/updateStandings","createTime":"2025-11-03T07:48:56.507967198Z","satisfiesPzi":true},{"name":"projects/win-finder/locations/europe-west1/functions/cleanDatabase","buildConfig":{"build":"projects/684643143905/locations/europe-west1/builds/8d2c7a6e-69c2-4bb4-bd17-e22ebaa1a368","runtime":"nodejs22","entryPoint":"cleanDatabase","source":{"storageSource":{"bucket":"gcf-v2-sources-684643143905-europe-west1","object":"cleanDatabase/function-source.zip","generation":"1762156296925535"}},"environmentVariables":{"GOOGLE_NODE_RUN_SCRIPTS":""},"dockerRepository":"projects/win-finder/locations/europe-west1/repositories/gcf-artifacts","sourceProvenance":{"resolvedStorageSource":{"bucket":"gcf-v2-sources-684643143905-europe-west1","object":"cleanDatabase/function-source.zip","generation":"1762156296925535"}},"dockerRegistry":"ARTIFACT_REGISTRY","serviceAccount":"projects/win-finder/serviceAccounts/684643143905-compute@developer.gserviceaccount.com","automaticUpdatePolicy":{}},"serviceConfig":{"service":"projects/win-finder/locations/europe-west1/services/cleandatabase","timeoutSeconds":60,"environmentVariables":{"FIREBASE_CONFIG":"{\"projectId\":\"win-finder\",\"storageBucket\":\"win-finder.firebasestorage.app\"}","GCLOUD_PROJECT":"win-finder","EVENTARC_CLOUD_EVENT_SOURCE":"projects/win-finder/locations/europe-west1/services/cleanDatabase","FUNCTION_TARGET":"cleanDatabase","LOG_EXECUTION_ID":"true","FUNCTION_SIGNATURE_TYPE":"http"},"maxInstanceCount":20,"ingressSettings":"ALLOW_ALL","uri":"https://cleandatabase-jfm2n322wq-ew.a.run.app","serviceAccountEmail":"684643143905-compute@developer.gserviceaccount.com","availableMemory":"256Mi","allTrafficOnLatestRevision":true,"revision":"cleandatabase-00002-dil","maxInstanceRequestConcurrency":80,"availableCpu":"1"},"state":"ACTIVE","updateTime":"2025-11-03T07:52:47.206911888Z","labels":{"deployment-scheduled":"true","firebase-functions-hash":"ee75f44b903cf0e91e5c1d13a9a270a78387caeb","deployment-tool":"cli-firebase"},"environment":"GEN_2","url":"https://europe-west1-win-finder.cloudfunctions.net/cleanDatabase","createTime":"2025-11-03T07:48:56.562371466Z","satisfiesPzi":true},{"name":"projects/win-finder/locations/us-central1/functions/update_results","buildConfig":{"build":"projects/684643143905/locations/us-central1/builds/ad273ac2-2873-4f7c-b0cb-df570e920833","runtime":"nodejs22","entryPoint":"update_results","source":{"storageSource":{"bucket":"gcf-v2-sources-684643143905-us-central1","object":"update_results/function-source.zip","generation":"1762155915712335"}},"environmentVariables":{"GOOGLE_NODE_RUN_SCRIPTS":""},"dockerRepository":"projects/win-finder/locations/us-central1/repositories/gcf-artifacts","sourceProvenance":{"resolvedStorageSource":{"bucket":"gcf-v2-sources-684643143905-us-central1","object":"update_results/function-source.zip","generation":"1762155915712335"}},"dockerRegistry":"ARTIFACT_REGISTRY","serviceAccount":"projects/win-finder/serviceAccounts/684643143905-compute@developer.gserviceaccount.com","automaticUpdatePolicy":{}},"serviceConfig":{"service":"projects/win-finder/locations/us-central1/services/update-results","timeoutSeconds":60,"environmentVariables":{"FIREBASE_CONFIG":"{\"projectId\":\"win-finder\",\"storageBucket\":\"win-finder.firebasestorage.app\"}","GCLOUD_PROJECT":"win-finder","EVENTARC_CLOUD_EVENT_SOURCE":"projects/win-finder/locations/us-central1/services/update_results","FUNCTION_TARGET":"update_results","LOG_EXECUTION_ID":"true"},"maxInstanceCount":20,"ingressSettings":"ALLOW_ALL","uri":"https://update-results-jfm2n322wq-uc.a.run.app","serviceAccountEmail":"684643143905-compute@developer.gserviceaccount.com","availableMemory":"256Mi","allTrafficOnLatestRevision":true,"revision":"update-results-00001-xaw","maxInstanceRequestConcurrency":80,"availableCpu":"1"},"state":"ACTIVE","updateTime":"2025-11-03T07:46:27.561304044Z","labels":{"deployment-tool":"cli-firebase","deployment-scheduled":"true","firebase-functions-hash":"ad005ec79999841c3a7fd981741b25e16a7b3f09"},"environment":"GEN_2","url":"https://us-central1-win-finder.cloudfunctions.net/update_results","createTime":"2025-11-03T07:45:16.165844716Z","satisfiesPzi":true}]}
[info] i  functions: ensuring required API cloudscheduler.googleapis.com is enabled... 
[info] i  functions: ensuring required API run.googleapis.com is enabled... 
[info] i  functions: ensuring required API eventarc.googleapis.com is enabled... 
[info] i  functions: ensuring required API pubsub.googleapis.com is enabled... 
[info] i  functions: ensuring required API storage.googleapis.com is enabled... 
[info] i  functions: generating the service identity for pubsub.googleapis.com... 
[debug] [2025-11-03T07:53:59.237Z] Checked if tokens are valid: true, expires at: 1762158412358
[debug] [2025-11-03T07:53:59.237Z] Checked if tokens are valid: true, expires at: 1762158412358
[info] i  functions: generating the service identity for eventarc.googleapis.com... 
[debug] [2025-11-03T07:53:59.237Z] Checked if tokens are valid: true, expires at: 1762158412358
[debug] [2025-11-03T07:53:59.237Z] Checked if tokens are valid: true, expires at: 1762158412358
[debug] [2025-11-03T07:53:59.238Z] >>> [apiv2][query] POST https://serviceusage.googleapis.com/v1beta1/projects/684643143905/services/pubsub.googleapis.com:generateServiceIdentity [none]
[debug] [2025-11-03T07:53:59.238Z] >>> [apiv2][(partial)header] POST https://serviceusage.googleapis.com/v1beta1/projects/684643143905/services/pubsub.googleapis.com:generateServiceIdentity x-goog-quota-user=projects/684643143905
[debug] [2025-11-03T07:53:59.239Z] >>> [apiv2][body] POST https://serviceusage.googleapis.com/v1beta1/projects/684643143905/services/pubsub.googleapis.com:generateServiceIdentity {}
[debug] [2025-11-03T07:53:59.243Z] >>> [apiv2][query] POST https://serviceusage.googleapis.com/v1beta1/projects/684643143905/services/eventarc.googleapis.com:generateServiceIdentity [none]
[debug] [2025-11-03T07:53:59.244Z] >>> [apiv2][(partial)header] POST https://serviceusage.googleapis.com/v1beta1/projects/684643143905/services/eventarc.googleapis.com:generateServiceIdentity x-goog-quota-user=projects/684643143905
[debug] [2025-11-03T07:53:59.244Z] >>> [apiv2][body] POST https://serviceusage.googleapis.com/v1beta1/projects/684643143905/services/eventarc.googleapis.com:generateServiceIdentity {}
[debug] [2025-11-03T07:54:00.295Z] <<< [apiv2][status] POST https://serviceusage.googleapis.com/v1beta1/projects/684643143905/services/pubsub.googleapis.com:generateServiceIdentity 200
[debug] [2025-11-03T07:54:00.296Z] <<< [apiv2][body] POST https://serviceusage.googleapis.com/v1beta1/projects/684643143905/services/pubsub.googleapis.com:generateServiceIdentity {"name":"operations/finished.DONE_OPERATION","done":true,"response":{"@type":"type.googleapis.com/google.api.serviceusage.v1beta1.ServiceIdentity","email":"service-684643143905@gcp-sa-pubsub.iam.gserviceaccount.com","uniqueId":"112244603078099071677"}}
[debug] [2025-11-03T07:54:00.346Z] <<< [apiv2][status] POST https://serviceusage.googleapis.com/v1beta1/projects/684643143905/services/eventarc.googleapis.com:generateServiceIdentity 200
[debug] [2025-11-03T07:54:00.346Z] <<< [apiv2][body] POST https://serviceusage.googleapis.com/v1beta1/projects/684643143905/services/eventarc.googleapis.com:generateServiceIdentity {"name":"operations/finished.DONE_OPERATION","done":true,"response":{"@type":"type.googleapis.com/google.api.serviceusage.v1beta1.ServiceIdentity","email":"service-684643143905@gcp-sa-eventarc.iam.gserviceaccount.com","uniqueId":"102613563755502511243"}}
[debug] [2025-11-03T07:54:00.351Z] Checked if tokens are valid: true, expires at: 1762158412358
[debug] [2025-11-03T07:54:00.351Z] Checked if tokens are valid: true, expires at: 1762158412358
[debug] [2025-11-03T07:54:00.352Z] >>> [apiv2][query] GET https://cloudresourcemanager.googleapis.com/v1/projects/win-finder [none]
[debug] [2025-11-03T07:54:00.574Z] <<< [apiv2][status] GET https://cloudresourcemanager.googleapis.com/v1/projects/win-finder 200
[debug] [2025-11-03T07:54:00.574Z] <<< [apiv2][body] GET https://cloudresourcemanager.googleapis.com/v1/projects/win-finder {"projectNumber":"684643143905","projectId":"win-finder","lifecycleState":"ACTIVE","name":"WinFinder","labels":{"firebase":"enabled","firebase-core":"disabled"},"createTime":"2025-09-09T10:53:20.129381Z"}
[debug] [2025-11-03T07:54:00.575Z] Checked if tokens are valid: true, expires at: 1762158412358
[debug] [2025-11-03T07:54:00.576Z] Checked if tokens are valid: true, expires at: 1762158412358
[debug] [2025-11-03T07:54:00.576Z] >>> [apiv2][query] GET https://compute.googleapis.com/compute/v1/projects/684643143905 [none]
[debug] [2025-11-03T07:54:00.858Z] <<< [apiv2][status] GET https://compute.googleapis.com/compute/v1/projects/684643143905 403
[debug] [2025-11-03T07:54:00.858Z] <<< [apiv2][body] GET https://compute.googleapis.com/compute/v1/projects/684643143905 {"error":{"code":403,"message":"Compute Engine API has not been used in project 684643143905 before or it is disabled. Enable it by visiting https://console.developers.google.com/apis/api/compute.googleapis.com/overview?project=684643143905 then retry. If you enabled this API recently, wait a few minutes for the action to propagate to our systems and retry.","errors":[{"message":"Compute Engine API has not been used in project 684643143905 before or it is disabled. Enable it by visiting https://console.developers.google.com/apis/api/compute.googleapis.com/overview?project=684643143905 then retry. If you enabled this API recently, wait a few minutes for the action to propagate to our systems and retry.","domain":"usageLimits","reason":"accessNotConfigured","extendedHelp":"https://console.developers.google.com"}],"status":"PERMISSION_DENIED","details":[{"@type":"type.googleapis.com/google.rpc.ErrorInfo","reason":"SERVICE_DISABLED","domain":"googleapis.com","metadata":{"containerInfo":"684643143905","activationUrl":"https://console.developers.google.com/apis/api/compute.googleapis.com/overview?project=684643143905","consumer":"projects/684643143905","service":"compute.googleapis.com","serviceTitle":"Compute Engine API"}},{"@type":"type.googleapis.com/google.rpc.LocalizedMessage","locale":"en-US","message":"Compute Engine API has not been used in project 684643143905 before or it is disabled. Enable it by visiting https://console.developers.google.com/apis/api/compute.googleapis.com/overview?project=684643143905 then retry. If you enabled this API recently, wait a few minutes for the action to propagate to our systems and retry."},{"@type":"type.googleapis.com/google.rpc.Help","links":[{"description":"Google developers console API activation","url":"https://console.developers.google.com/apis/api/compute.googleapis.com/overview?project=684643143905"}]}]}}
[debug] [2025-11-03T07:54:00.861Z] unable to look up default compute service account. Falling back to 684643143905-compute@developer.gserviceaccount.com. Error: {"name":"FirebaseError","children":[],"context":{"body":{"error":{"code":403,"message":"Compute Engine API has not been used in project 684643143905 before or it is disabled. Enable it by visiting https://console.developers.google.com/apis/api/compute.googleapis.com/overview?project=684643143905 then retry. If you enabled this API recently, wait a few minutes for the action to propagate to our systems and retry.","errors":[{"message":"Compute Engine API has not been used in project 684643143905 before or it is disabled. Enable it by visiting https://console.developers.google.com/apis/api/compute.googleapis.com/overview?project=684643143905 then retry. If you enabled this API recently, wait a few minutes for the action to propagate to our systems and retry.","domain":"usageLimits","reason":"accessNotConfigured","extendedHelp":"https://console.developers.google.com"}],"status":"PERMISSION_DENIED","details":[{"@type":"type.googleapis.com/google.rpc.ErrorInfo","reason":"SERVICE_DISABLED","domain":"googleapis.com","metadata":{"containerInfo":"684643143905","activationUrl":"https://console.developers.google.com/apis/api/compute.googleapis.com/overview?project=684643143905","consumer":"projects/684643143905","service":"compute.googleapis.com","serviceTitle":"Compute Engine API"}},{"@type":"type.googleapis.com/google.rpc.LocalizedMessage","locale":"en-US","message":"Compute Engine API has not been used in project 684643143905 before or it is disabled. Enable it by visiting https://console.developers.google.com/apis/api/compute.googleapis.com/overview?project=684643143905 then retry. If you enabled this API recently, wait a few minutes for the action to propagate to our systems and retry."},{"@type":"type.googleapis.com/google.rpc.Help","links":[{"description":"Google developers console API activation","url":"https://console.developers.google.com/apis/api/compute.googleapis.com/overview?project=684643143905"}]}]}},"response":{"statusCode":403}},"exit":1,"message":"Request to https://compute.googleapis.com/compute/v1/projects/684643143905 had HTTP Error: 403, Compute Engine API has not been used in project 684643143905 before or it is disabled. Enable it by visiting https://console.developers.google.com/apis/api/compute.googleapis.com/overview?project=684643143905 then retry. If you enabled this API recently, wait a few minutes for the action to propagate to our systems and retry.","status":403}
[debug] [2025-11-03T07:54:00.861Z] Checked if tokens are valid: true, expires at: 1762158412358
[debug] [2025-11-03T07:54:00.861Z] Checked if tokens are valid: true, expires at: 1762158412358
[debug] [2025-11-03T07:54:00.862Z] >>> [apiv2][query] GET https://compute.googleapis.com/compute/v1/projects/684643143905 [none]
[debug] [2025-11-03T07:54:01.074Z] <<< [apiv2][status] GET https://compute.googleapis.com/compute/v1/projects/684643143905 403
[debug] [2025-11-03T07:54:01.075Z] <<< [apiv2][body] GET https://compute.googleapis.com/compute/v1/projects/684643143905 {"error":{"code":403,"message":"Compute Engine API has not been used in project 684643143905 before or it is disabled. Enable it by visiting https://console.developers.google.com/apis/api/compute.googleapis.com/overview?project=684643143905 then retry. If you enabled this API recently, wait a few minutes for the action to propagate to our systems and retry.","errors":[{"message":"Compute Engine API has not been used in project 684643143905 before or it is disabled. Enable it by visiting https://console.developers.google.com/apis/api/compute.googleapis.com/overview?project=684643143905 then retry. If you enabled this API recently, wait a few minutes for the action to propagate to our systems and retry.","domain":"usageLimits","reason":"accessNotConfigured","extendedHelp":"https://console.developers.google.com"}],"status":"PERMISSION_DENIED","details":[{"@type":"type.googleapis.com/google.rpc.ErrorInfo","reason":"SERVICE_DISABLED","domain":"googleapis.com","metadata":{"activationUrl":"https://console.developers.google.com/apis/api/compute.googleapis.com/overview?project=684643143905","service":"compute.googleapis.com","consumer":"projects/684643143905","containerInfo":"684643143905","serviceTitle":"Compute Engine API"}},{"@type":"type.googleapis.com/google.rpc.LocalizedMessage","locale":"en-US","message":"Compute Engine API has not been used in project 684643143905 before or it is disabled. Enable it by visiting https://console.developers.google.com/apis/api/compute.googleapis.com/overview?project=684643143905 then retry. If you enabled this API recently, wait a few minutes for the action to propagate to our systems and retry."},{"@type":"type.googleapis.com/google.rpc.Help","links":[{"description":"Google developers console API activation","url":"https://console.developers.google.com/apis/api/compute.googleapis.com/overview?project=684643143905"}]}]}}
[debug] [2025-11-03T07:54:01.076Z] unable to look up default compute service account. Falling back to 684643143905-compute@developer.gserviceaccount.com. Error: {"name":"FirebaseError","children":[],"context":{"body":{"error":{"code":403,"message":"Compute Engine API has not been used in project 684643143905 before or it is disabled. Enable it by visiting https://console.developers.google.com/apis/api/compute.googleapis.com/overview?project=684643143905 then retry. If you enabled this API recently, wait a few minutes for the action to propagate to our systems and retry.","errors":[{"message":"Compute Engine API has not been used in project 684643143905 before or it is disabled. Enable it by visiting https://console.developers.google.com/apis/api/compute.googleapis.com/overview?project=684643143905 then retry. If you enabled this API recently, wait a few minutes for the action to propagate to our systems and retry.","domain":"usageLimits","reason":"accessNotConfigured","extendedHelp":"https://console.developers.google.com"}],"status":"PERMISSION_DENIED","details":[{"@type":"type.googleapis.com/google.rpc.ErrorInfo","reason":"SERVICE_DISABLED","domain":"googleapis.com","metadata":{"activationUrl":"https://console.developers.google.com/apis/api/compute.googleapis.com/overview?project=684643143905","service":"compute.googleapis.com","consumer":"projects/684643143905","containerInfo":"684643143905","serviceTitle":"Compute Engine API"}},{"@type":"type.googleapis.com/google.rpc.LocalizedMessage","locale":"en-US","message":"Compute Engine API has not been used in project 684643143905 before or it is disabled. Enable it by visiting https://console.developers.google.com/apis/api/compute.googleapis.com/overview?project=684643143905 then retry. If you enabled this API recently, wait a few minutes for the action to propagate to our systems and retry."},{"@type":"type.googleapis.com/google.rpc.Help","links":[{"description":"Google developers console API activation","url":"https://console.developers.google.com/apis/api/compute.googleapis.com/overview?project=684643143905"}]}]}},"response":{"statusCode":403}},"exit":1,"message":"Request to https://compute.googleapis.com/compute/v1/projects/684643143905 had HTTP Error: 403, Compute Engine API has not been used in project 684643143905 before or it is disabled. Enable it by visiting https://console.developers.google.com/apis/api/compute.googleapis.com/overview?project=684643143905 then retry. If you enabled this API recently, wait a few minutes for the action to propagate to our systems and retry.","status":403}
[debug] [2025-11-03T07:54:01.076Z] Checked if tokens are valid: true, expires at: 1762158412358
[debug] [2025-11-03T07:54:01.076Z] Checked if tokens are valid: true, expires at: 1762158412358
[debug] [2025-11-03T07:54:01.077Z] >>> [apiv2][query] GET https://compute.googleapis.com/compute/v1/projects/684643143905 [none]
[debug] [2025-11-03T07:54:01.315Z] <<< [apiv2][status] GET https://compute.googleapis.com/compute/v1/projects/684643143905 403
[debug] [2025-11-03T07:54:01.316Z] <<< [apiv2][body] GET https://compute.googleapis.com/compute/v1/projects/684643143905 {"error":{"code":403,"message":"Compute Engine API has not been used in project 684643143905 before or it is disabled. Enable it by visiting https://console.developers.google.com/apis/api/compute.googleapis.com/overview?project=684643143905 then retry. If you enabled this API recently, wait a few minutes for the action to propagate to our systems and retry.","errors":[{"message":"Compute Engine API has not been used in project 684643143905 before or it is disabled. Enable it by visiting https://console.developers.google.com/apis/api/compute.googleapis.com/overview?project=684643143905 then retry. If you enabled this API recently, wait a few minutes for the action to propagate to our systems and retry.","domain":"usageLimits","reason":"accessNotConfigured","extendedHelp":"https://console.developers.google.com"}],"status":"PERMISSION_DENIED","details":[{"@type":"type.googleapis.com/google.rpc.ErrorInfo","reason":"SERVICE_DISABLED","domain":"googleapis.com","metadata":{"containerInfo":"684643143905","consumer":"projects/684643143905","service":"compute.googleapis.com","activationUrl":"https://console.developers.google.com/apis/api/compute.googleapis.com/overview?project=684643143905","serviceTitle":"Compute Engine API"}},{"@type":"type.googleapis.com/google.rpc.LocalizedMessage","locale":"en-US","message":"Compute Engine API has not been used in project 684643143905 before or it is disabled. Enable it by visiting https://console.developers.google.com/apis/api/compute.googleapis.com/overview?project=684643143905 then retry. If you enabled this API recently, wait a few minutes for the action to propagate to our systems and retry."},{"@type":"type.googleapis.com/google.rpc.Help","links":[{"description":"Google developers console API activation","url":"https://console.developers.google.com/apis/api/compute.googleapis.com/overview?project=684643143905"}]}]}}
[debug] [2025-11-03T07:54:01.316Z] unable to look up default compute service account. Falling back to 684643143905-compute@developer.gserviceaccount.com. Error: {"name":"FirebaseError","children":[],"context":{"body":{"error":{"code":403,"message":"Compute Engine API has not been used in project 684643143905 before or it is disabled. Enable it by visiting https://console.developers.google.com/apis/api/compute.googleapis.com/overview?project=684643143905 then retry. If you enabled this API recently, wait a few minutes for the action to propagate to our systems and retry.","errors":[{"message":"Compute Engine API has not been used in project 684643143905 before or it is disabled. Enable it by visiting https://console.developers.google.com/apis/api/compute.googleapis.com/overview?project=684643143905 then retry. If you enabled this API recently, wait a few minutes for the action to propagate to our systems and retry.","domain":"usageLimits","reason":"accessNotConfigured","extendedHelp":"https://console.developers.google.com"}],"status":"PERMISSION_DENIED","details":[{"@type":"type.googleapis.com/google.rpc.ErrorInfo","reason":"SERVICE_DISABLED","domain":"googleapis.com","metadata":{"containerInfo":"684643143905","consumer":"projects/684643143905","service":"compute.googleapis.com","activationUrl":"https://console.developers.google.com/apis/api/compute.googleapis.com/overview?project=684643143905","serviceTitle":"Compute Engine API"}},{"@type":"type.googleapis.com/google.rpc.LocalizedMessage","locale":"en-US","message":"Compute Engine API has not been used in project 684643143905 before or it is disabled. Enable it by visiting https://console.developers.google.com/apis/api/compute.googleapis.com/overview?project=684643143905 then retry. If you enabled this API recently, wait a few minutes for the action to propagate to our systems and retry."},{"@type":"type.googleapis.com/google.rpc.Help","links":[{"description":"Google developers console API activation","url":"https://console.developers.google.com/apis/api/compute.googleapis.com/overview?project=684643143905"}]}]}},"response":{"statusCode":403}},"exit":1,"message":"Request to https://compute.googleapis.com/compute/v1/projects/684643143905 had HTTP Error: 403, Compute Engine API has not been used in project 684643143905 before or it is disabled. Enable it by visiting https://console.developers.google.com/apis/api/compute.googleapis.com/overview?project=684643143905 then retry. If you enabled this API recently, wait a few minutes for the action to propagate to our systems and retry.","status":403}
[debug] [2025-11-03T07:54:01.319Z] Checked if tokens are valid: true, expires at: 1762158412358
[debug] [2025-11-03T07:54:01.319Z] Checked if tokens are valid: true, expires at: 1762158412358
[debug] [2025-11-03T07:54:01.320Z] >>> [apiv2][query] GET https://cloudbilling.googleapis.com/v1/projects/win-finder/billingInfo [none]
[debug] [2025-11-03T07:54:01.786Z] <<< [apiv2][status] GET https://cloudbilling.googleapis.com/v1/projects/win-finder/billingInfo 200
[debug] [2025-11-03T07:54:01.787Z] <<< [apiv2][body] GET https://cloudbilling.googleapis.com/v1/projects/win-finder/billingInfo {"name":"projects/win-finder/billingInfo","projectId":"win-finder","billingAccountName":"billingAccounts/000711-F0544E-276B60","billingEnabled":true}
[debug] [2025-11-03T07:54:01.790Z] Checked if tokens are valid: true, expires at: 1762158412358
[debug] [2025-11-03T07:54:01.790Z] Checked if tokens are valid: true, expires at: 1762158412358
[debug] [2025-11-03T07:54:01.790Z] >>> [apiv2][query] POST https://cloudfunctions.googleapis.com/v2/projects/win-finder/locations/europe-west1/functions:generateUploadUrl [none]
[debug] [2025-11-03T07:54:01.965Z] <<< [apiv2][status] POST https://cloudfunctions.googleapis.com/v2/projects/win-finder/locations/europe-west1/functions:generateUploadUrl 200
[debug] [2025-11-03T07:54:01.965Z] <<< [apiv2][body] POST https://cloudfunctions.googleapis.com/v2/projects/win-finder/locations/europe-west1/functions:generateUploadUrl {"uploadUrl":"https://storage.googleapis.com/gcf-v2-uploads-684643143905.europe-west1.cloudfunctions.appspot.com/a12a5e52-67d2-4a94-a690-6ae1698b9f81.zip?GoogleAccessId=service-684643143905@gcf-admin-robot.iam.gserviceaccount.com&Expires=1762158241&Signature=hHOMC3OMDlEEnCsshyzFsnxraDjY1ndxz8KT2PLmczVPCX%2BPa%2FjVqGuEMSyy0sa3hke%2FB%2Bv%2FwGO8UrDBGRsLySX5SBKOGA5WhJpYP4YRKRAHYbHpN0YmvV%2FhBlxM3lK4et3jJJNfMCPyAelo3mTb472pykGOrl4HF2RuR07Dt5Jeh80%2Fyf1iFVN8J3ul%2F6IimstqqqiRECcJ7KurtAp4zuui4CkJk7aP%2FJkOZ248KSm%2BraG%2FbP6sSFNm4jU5mm6ltigM1%2BLBhlbA4hnToDMt23g6Aa%2FD5jBxVvGbPE8NXDDheHw1%2F0olIG094VWjiY9nfJ8Nau02PZkZheskRylfJg%3D%3D","storageSource":{"bucket":"gcf-v2-uploads-684643143905.europe-west1.cloudfunctions.appspot.com","object":"a12a5e52-67d2-4a94-a690-6ae1698b9f81.zip"}}
[debug] [2025-11-03T07:54:01.968Z] >>> [apiv2][query] PUT https://storage.googleapis.com/gcf-v2-uploads-684643143905.europe-west1.cloudfunctions.appspot.com/a12a5e52-67d2-4a94-a690-6ae1698b9f81.zip GoogleAccessId=service-684643143905%40gcf-admin-robot.iam.gserviceaccount.com&Expires=1762158241&Signature=hHOMC3OMDlEEnCsshyzFsnxraDjY1ndxz8KT2PLmczVPCX%2BPa%2FjVqGuEMSyy0sa3hke%2FB%2Bv%2FwGO8UrDBGRsLySX5SBKOGA5WhJpYP4YRKRAHYbHpN0YmvV%2FhBlxM3lK4et3jJJNfMCPyAelo3mTb472pykGOrl4HF2RuR07Dt5Jeh80%2Fyf1iFVN8J3ul%2F6IimstqqqiRECcJ7KurtAp4zuui4CkJk7aP%2FJkOZ248KSm%2BraG%2FbP6sSFNm4jU5mm6ltigM1%2BLBhlbA4hnToDMt23g6Aa%2FD5jBxVvGbPE8NXDDheHw1%2F0olIG094VWjiY9nfJ8Nau02PZkZheskRylfJg%3D%3D
[debug] [2025-11-03T07:54:01.969Z] >>> [apiv2][body] PUT https://storage.googleapis.com/gcf-v2-uploads-684643143905.europe-west1.cloudfunctions.appspot.com/a12a5e52-67d2-4a94-a690-6ae1698b9f81.zip [stream]
[debug] [2025-11-03T07:54:02.341Z] <<< [apiv2][status] PUT https://storage.googleapis.com/gcf-v2-uploads-684643143905.europe-west1.cloudfunctions.appspot.com/a12a5e52-67d2-4a94-a690-6ae1698b9f81.zip 200
[debug] [2025-11-03T07:54:02.342Z] <<< [apiv2][body] PUT https://storage.googleapis.com/gcf-v2-uploads-684643143905.europe-west1.cloudfunctions.appspot.com/a12a5e52-67d2-4a94-a690-6ae1698b9f81.zip [omitted]
[info] ✔  functions: functions source uploaded successfully 
[info] 
The following functions are found in your project but do not exist in your local source code:
	update_results(europe-west1)
	update_results(us-central1)

If you are renaming a function or changing its region, it is recommended that you create the new function first before deleting the old one to prevent event loss. For more info, visit https://firebase.google.com/docs/functions/manage-functions#modify

[info] i  functions: creating Node.js 22 (2nd Gen) function updateResults(europe-west1)... 
[info] i  functions: updating Node.js 22 (2nd Gen) function updateStandings(europe-west1)... 
[info] i  functions: updating Node.js 22 (2nd Gen) function cleanDatabase(europe-west1)... 
[debug] [2025-11-03T07:58:07.960Z] Checked if tokens are valid: true, expires at: 1762158412358
[debug] [2025-11-03T07:58:07.960Z] Checked if tokens are valid: true, expires at: 1762158412358
[info] i  functions: deleting Node.js 22 (2nd Gen) function update_results(europe-west1)... 
[debug] [2025-11-03T07:58:07.961Z] Checked if tokens are valid: true, expires at: 1762158412358
[debug] [2025-11-03T07:58:07.961Z] Checked if tokens are valid: true, expires at: 1762158412358
[info] i  functions: deleting Node.js 22 (2nd Gen) function update_results(us-central1)... 
[debug] [2025-11-03T07:58:07.962Z] Checked if tokens are valid: true, expires at: 1762158412358
[debug] [2025-11-03T07:58:07.962Z] Checked if tokens are valid: true, expires at: 1762158412358
[debug] [2025-11-03T07:58:07.964Z] >>> [apiv2][query] POST https://cloudfunctions.googleapis.com/v2/projects/win-finder/locations/europe-west1/functions functionId=updateResults
[debug] [2025-11-03T07:58:07.964Z] >>> [apiv2][body] POST https://cloudfunctions.googleapis.com/v2/projects/win-finder/locations/europe-west1/functions {"name":"projects/win-finder/locations/europe-west1/functions/updateResults","buildConfig":{"runtime":"nodejs22","entryPoint":"updateResults","source":{"storageSource":{"bucket":"gcf-v2-uploads-684643143905.europe-west1.cloudfunctions.appspot.com","object":"a12a5e52-67d2-4a94-a690-6ae1698b9f81.zip"}},"environmentVariables":{"GOOGLE_NODE_RUN_SCRIPTS":""}},"serviceConfig":{"environmentVariables":{"FIREBASE_CONFIG":"{\"projectId\":\"win-finder\",\"storageBucket\":\"win-finder.firebasestorage.app\"}","GCLOUD_PROJECT":"win-finder","EVENTARC_CLOUD_EVENT_SOURCE":"projects/win-finder/locations/europe-west1/services/updateResults","FUNCTION_TARGET":"updateResults","LOG_EXECUTION_ID":"true"},"ingressSettings":null,"timeoutSeconds":null,"serviceAccountEmail":null,"availableMemory":"256Mi","minInstanceCount":null,"maxInstanceCount":null,"maxInstanceRequestConcurrency":80,"availableCpu":"1","vpcConnector":null,"vpcConnectorEgressSettings":null},"labels":{"deployment-tool":"cli-firebase","deployment-scheduled":"true","firebase-functions-hash":"501bec4c58a3847a330558b138190fe8b8e1ca36"}}
[debug] [2025-11-03T07:58:07.988Z] >>> [apiv2][query] DELETE https://cloudscheduler.googleapis.com/v1/projects/win-finder/locations/europe-west1/jobs/firebase-schedule-update_results-europe-west1 [none]
[debug] [2025-11-03T07:58:07.989Z] >>> [apiv2][query] DELETE https://cloudscheduler.googleapis.com/v1/projects/win-finder/locations/us-central1/jobs/firebase-schedule-update_results-us-central1 [none]
[debug] [2025-11-03T07:58:08.585Z] <<< [apiv2][status] DELETE https://cloudscheduler.googleapis.com/v1/projects/win-finder/locations/europe-west1/jobs/firebase-schedule-update_results-europe-west1 200
[debug] [2025-11-03T07:58:08.585Z] <<< [apiv2][body] DELETE https://cloudscheduler.googleapis.com/v1/projects/win-finder/locations/europe-west1/jobs/firebase-schedule-update_results-europe-west1 {}
[debug] [2025-11-03T07:58:08.587Z] Checked if tokens are valid: true, expires at: 1762158412358
[debug] [2025-11-03T07:58:08.587Z] Checked if tokens are valid: true, expires at: 1762158412358
[debug] [2025-11-03T07:58:08.588Z] >>> [apiv2][query] DELETE https://cloudfunctions.googleapis.com/v2/projects/win-finder/locations/europe-west1/functions/update_results [none]
[debug] [2025-11-03T07:58:08.864Z] <<< [apiv2][status] DELETE https://cloudfunctions.googleapis.com/v2/projects/win-finder/locations/europe-west1/functions/update_results 200
[debug] [2025-11-03T07:58:08.864Z] <<< [apiv2][body] DELETE https://cloudfunctions.googleapis.com/v2/projects/win-finder/locations/europe-west1/functions/update_results {"name":"projects/win-finder/locations/europe-west1/operations/operation-1762156688892-642ac137ae3fa-956a94f4-bbd611fc","metadata":{"@type":"type.googleapis.com/google.cloud.functions.v2.OperationMetadata","createTime":"2025-11-03T07:58:08.911245100Z","target":"projects/win-finder/locations/europe-west1/functions/update_results","verb":"delete","cancelRequested":false,"apiVersion":"v2"},"done":false}
[debug] [2025-11-03T07:58:08.866Z] Checked if tokens are valid: true, expires at: 1762158412358
[debug] [2025-11-03T07:58:08.866Z] Checked if tokens are valid: true, expires at: 1762158412358
[debug] [2025-11-03T07:58:08.867Z] >>> [apiv2][query] GET https://cloudfunctions.googleapis.com/v2/projects/win-finder/locations/europe-west1/operations/operation-1762156688892-642ac137ae3fa-956a94f4-bbd611fc [none]
[debug] [2025-11-03T07:58:08.927Z] <<< [apiv2][status] DELETE https://cloudscheduler.googleapis.com/v1/projects/win-finder/locations/us-central1/jobs/firebase-schedule-update_results-us-central1 404
[debug] [2025-11-03T07:58:08.928Z] <<< [apiv2][body] DELETE https://cloudscheduler.googleapis.com/v1/projects/win-finder/locations/us-central1/jobs/firebase-schedule-update_results-us-central1 {"error":{"code":404,"message":"Job not found.","status":"NOT_FOUND"}}
[error] Request to https://cloudscheduler.googleapis.com/v1/projects/win-finder/locations/us-central1/jobs/firebase-schedule-update_results-us-central1 had HTTP Error: 404, Job not found.
[debug] [2025-11-03T07:58:08.948Z] <<< [apiv2][status] POST https://cloudfunctions.googleapis.com/v2/projects/win-finder/locations/europe-west1/functions 200
[debug] [2025-11-03T07:58:08.948Z] <<< [apiv2][body] POST https://cloudfunctions.googleapis.com/v2/projects/win-finder/locations/europe-west1/functions {"name":"projects/win-finder/locations/europe-west1/operations/operation-1762156688359-642ac1372c0bb-e222e1fe-33339f28","metadata":{"@type":"type.googleapis.com/google.cloud.functions.v2.OperationMetadata","createTime":"2025-11-03T07:58:08.997797359Z","target":"projects/win-finder/locations/europe-west1/functions/updateResults","verb":"create","cancelRequested":false,"apiVersion":"v2"},"done":false}
[debug] [2025-11-03T07:58:08.949Z] Checked if tokens are valid: true, expires at: 1762158412358
[debug] [2025-11-03T07:58:08.950Z] Checked if tokens are valid: true, expires at: 1762158412358
[debug] [2025-11-03T07:58:08.950Z] >>> [apiv2][query] GET https://cloudfunctions.googleapis.com/v2/projects/win-finder/locations/europe-west1/operations/operation-1762156688359-642ac1372c0bb-e222e1fe-33339f28 [none]
[debug] [2025-11-03T07:58:09.001Z] <<< [apiv2][status] GET https://cloudfunctions.googleapis.com/v2/projects/win-finder/locations/europe-west1/operations/operation-1762156688892-642ac137ae3fa-956a94f4-bbd611fc 200
[debug] [2025-11-03T07:58:09.001Z] <<< [apiv2][body] GET https://cloudfunctions.googleapis.com/v2/projects/win-finder/locations/europe-west1/operations/operation-1762156688892-642ac137ae3fa-956a94f4-bbd611fc {"name":"projects/win-finder/locations/europe-west1/operations/operation-1762156688892-642ac137ae3fa-956a94f4-bbd611fc","metadata":{"@type":"type.googleapis.com/google.cloud.functions.v2.OperationMetadata","createTime":"2025-11-03T07:58:08.911245100Z","target":"projects/win-finder/locations/europe-west1/functions/update_results","verb":"delete","cancelRequested":false,"apiVersion":"v2","requestResource":{"@type":"type.googleapis.com/google.cloud.functions.v2.Function","name":"projects/win-finder/locations/europe-west1/functions/update_results","environment":"GEN_2"},"stages":[{"name":"ARTIFACT_REGISTRY","state":"NOT_STARTED"},{"name":"SERVICE","message":"Deleting Cloud Run service","state":"IN_PROGRESS","resource":"projects/win-finder/locations/europe-west1/services/update-results"}],"operationType":"DELETE_FUNCTION"},"done":false}
[debug] [2025-11-03T07:58:09.110Z] <<< [apiv2][status] GET https://cloudfunctions.googleapis.com/v2/projects/win-finder/locations/europe-west1/operations/operation-1762156688359-642ac1372c0bb-e222e1fe-33339f28 200
[debug] [2025-11-03T07:58:09.110Z] <<< [apiv2][body] GET https://cloudfunctions.googleapis.com/v2/projects/win-finder/locations/europe-west1/operations/operation-1762156688359-642ac1372c0bb-e222e1fe-33339f28 {"name":"projects/win-finder/locations/europe-west1/operations/operation-1762156688359-642ac1372c0bb-e222e1fe-33339f28","metadata":{"@type":"type.googleapis.com/google.cloud.functions.v2.OperationMetadata","createTime":"2025-11-03T07:58:08.997797359Z","target":"projects/win-finder/locations/europe-west1/functions/updateResults","verb":"create","cancelRequested":false,"apiVersion":"v2","requestResource":{"@type":"type.googleapis.com/google.cloud.functions.v2.Function","name":"projects/win-finder/locations/europe-west1/functions/updateResults","buildConfig":{"runtime":"nodejs22","entryPoint":"updateResults","source":{"storageSource":{"bucket":"gcf-v2-sources-684643143905-europe-west1","object":"updateResults/function-source.zip","generation":"1762156688580149"}},"environmentVariables":{"GOOGLE_NODE_RUN_SCRIPTS":""},"serviceAccount":"projects/win-finder/serviceAccounts/684643143905-compute@developer.gserviceaccount.com","automaticUpdatePolicy":{}},"serviceConfig":{"service":"projects/win-finder/locations/europe-west1/services/updateresults","timeoutSeconds":60,"environmentVariables":{"FIREBASE_CONFIG":"{\"projectId\":\"win-finder\",\"storageBucket\":\"win-finder.firebasestorage.app\"}","GCLOUD_PROJECT":"win-finder","EVENTARC_CLOUD_EVENT_SOURCE":"projects/win-finder/locations/europe-west1/services/updateResults","FUNCTION_TARGET":"updateResults","LOG_EXECUTION_ID":"true"},"ingressSettings":"ALLOW_ALL","serviceAccountEmail":"684643143905-compute@developer.gserviceaccount.com","availableMemory":"256Mi","maxInstanceRequestConcurrency":80,"availableCpu":"1"},"labels":{"deployment-tool":"cli-firebase","deployment-scheduled":"true","firebase-functions-hash":"501bec4c58a3847a330558b138190fe8b8e1ca36"},"environment":"GEN_2"},"stages":[{"name":"BUILD","state":"NOT_STARTED"},{"name":"SERVICE","state":"NOT_STARTED"}],"operationType":"CREATE_FUNCTION"},"done":false}
[debug] [2025-11-03T07:58:09.503Z] [delete-default-europe-west1-update_results] Retrying task index 0
[debug] [2025-11-03T07:58:09.504Z] Checked if tokens are valid: true, expires at: 1762158412358
[debug] [2025-11-03T07:58:09.505Z] Checked if tokens are valid: true, expires at: 1762158412358
[debug] [2025-11-03T07:58:09.508Z] >>> [apiv2][query] GET https://cloudfunctions.googleapis.com/v2/projects/win-finder/locations/europe-west1/operations/operation-1762156688892-642ac137ae3fa-956a94f4-bbd611fc [none]
[debug] [2025-11-03T07:58:09.611Z] [create-default-europe-west1-updateResults] Retrying task index 0
[debug] [2025-11-03T07:58:09.612Z] Checked if tokens are valid: true, expires at: 1762158412358
[debug] [2025-11-03T07:58:09.612Z] Checked if tokens are valid: true, expires at: 1762158412358
[debug] [2025-11-03T07:58:09.613Z] >>> [apiv2][query] GET https://cloudfunctions.googleapis.com/v2/projects/win-finder/locations/europe-west1/operations/operation-1762156688359-642ac1372c0bb-e222e1fe-33339f28 [none]
[debug] [2025-11-03T07:58:09.638Z] <<< [apiv2][status] GET https://cloudfunctions.googleapis.com/v2/projects/win-finder/locations/europe-west1/operations/operation-1762156688892-642ac137ae3fa-956a94f4-bbd611fc 200
[debug] [2025-11-03T07:58:09.639Z] <<< [apiv2][body] GET https://cloudfunctions.googleapis.com/v2/projects/win-finder/locations/europe-west1/operations/operation-1762156688892-642ac137ae3fa-956a94f4-bbd611fc {"name":"projects/win-finder/locations/europe-west1/operations/operation-1762156688892-642ac137ae3fa-956a94f4-bbd611fc","metadata":{"@type":"type.googleapis.com/google.cloud.functions.v2.OperationMetadata","createTime":"2025-11-03T07:58:08.911245100Z","target":"projects/win-finder/locations/europe-west1/functions/update_results","verb":"delete","cancelRequested":false,"apiVersion":"v2","requestResource":{"@type":"type.googleapis.com/google.cloud.functions.v2.Function","name":"projects/win-finder/locations/europe-west1/functions/update_results","environment":"GEN_2"},"stages":[{"name":"ARTIFACT_REGISTRY","state":"NOT_STARTED"},{"name":"SERVICE","message":"Deleting Cloud Run service","state":"IN_PROGRESS","resource":"projects/win-finder/locations/europe-west1/services/update-results"}],"operationType":"DELETE_FUNCTION"},"done":false}
[debug] [2025-11-03T07:58:09.748Z] <<< [apiv2][status] GET https://cloudfunctions.googleapis.com/v2/projects/win-finder/locations/europe-west1/operations/operation-1762156688359-642ac1372c0bb-e222e1fe-33339f28 200
[debug] [2025-11-03T07:58:09.748Z] <<< [apiv2][body] GET https://cloudfunctions.googleapis.com/v2/projects/win-finder/locations/europe-west1/operations/operation-1762156688359-642ac1372c0bb-e222e1fe-33339f28 {"name":"projects/win-finder/locations/europe-west1/operations/operation-1762156688359-642ac1372c0bb-e222e1fe-33339f28","metadata":{"@type":"type.googleapis.com/google.cloud.functions.v2.OperationMetadata","createTime":"2025-11-03T07:58:08.997797359Z","target":"projects/win-finder/locations/europe-west1/functions/updateResults","verb":"create","cancelRequested":false,"apiVersion":"v2","requestResource":{"@type":"type.googleapis.com/google.cloud.functions.v2.Function","name":"projects/win-finder/locations/europe-west1/functions/updateResults","buildConfig":{"runtime":"nodejs22","entryPoint":"updateResults","source":{"storageSource":{"bucket":"gcf-v2-sources-684643143905-europe-west1","object":"updateResults/function-source.zip","generation":"1762156688580149"}},"environmentVariables":{"GOOGLE_NODE_RUN_SCRIPTS":""},"serviceAccount":"projects/win-finder/serviceAccounts/684643143905-compute@developer.gserviceaccount.com","automaticUpdatePolicy":{}},"serviceConfig":{"service":"projects/win-finder/locations/europe-west1/services/updateresults","timeoutSeconds":60,"environmentVariables":{"FIREBASE_CONFIG":"{\"projectId\":\"win-finder\",\"storageBucket\":\"win-finder.firebasestorage.app\"}","GCLOUD_PROJECT":"win-finder","EVENTARC_CLOUD_EVENT_SOURCE":"projects/win-finder/locations/europe-west1/services/updateResults","FUNCTION_TARGET":"updateResults","LOG_EXECUTION_ID":"true"},"ingressSettings":"ALLOW_ALL","serviceAccountEmail":"684643143905-compute@developer.gserviceaccount.com","availableMemory":"256Mi","maxInstanceRequestConcurrency":80,"availableCpu":"1"},"labels":{"deployment-tool":"cli-firebase","deployment-scheduled":"true","firebase-functions-hash":"501bec4c58a3847a330558b138190fe8b8e1ca36"},"environment":"GEN_2"},"stages":[{"name":"BUILD","state":"NOT_STARTED"},{"name":"SERVICE","state":"NOT_STARTED"}],"operationType":"CREATE_FUNCTION"},"done":false}
[debug] [2025-11-03T07:58:10.640Z] [delete-default-europe-west1-update_results] Retrying task index 0
[debug] [2025-11-03T07:58:10.641Z] Checked if tokens are valid: true, expires at: 1762158412358
[debug] [2025-11-03T07:58:10.642Z] Checked if tokens are valid: true, expires at: 1762158412358
[debug] [2025-11-03T07:58:10.642Z] >>> [apiv2][query] GET https://cloudfunctions.googleapis.com/v2/projects/win-finder/locations/europe-west1/operations/operation-1762156688892-642ac137ae3fa-956a94f4-bbd611fc [none]
[debug] [2025-11-03T07:58:10.748Z] [create-default-europe-west1-updateResults] Retrying task index 0
[debug] [2025-11-03T07:58:10.751Z] Checked if tokens are valid: true, expires at: 1762158412358
[debug] [2025-11-03T07:58:10.751Z] Checked if tokens are valid: true, expires at: 1762158412358
[debug] [2025-11-03T07:58:10.751Z] >>> [apiv2][query] GET https://cloudfunctions.googleapis.com/v2/projects/win-finder/locations/europe-west1/operations/operation-1762156688359-642ac1372c0bb-e222e1fe-33339f28 [none]
[debug] [2025-11-03T07:58:10.787Z] <<< [apiv2][status] GET https://cloudfunctions.googleapis.com/v2/projects/win-finder/locations/europe-west1/operations/operation-1762156688892-642ac137ae3fa-956a94f4-bbd611fc 200
[debug] [2025-11-03T07:58:10.787Z] <<< [apiv2][body] GET https://cloudfunctions.googleapis.com/v2/projects/win-finder/locations/europe-west1/operations/operation-1762156688892-642ac137ae3fa-956a94f4-bbd611fc {"name":"projects/win-finder/locations/europe-west1/operations/operation-1762156688892-642ac137ae3fa-956a94f4-bbd611fc","metadata":{"@type":"type.googleapis.com/google.cloud.functions.v2.OperationMetadata","createTime":"2025-11-03T07:58:08.911245100Z","target":"projects/win-finder/locations/europe-west1/functions/update_results","verb":"delete","cancelRequested":false,"apiVersion":"v2","requestResource":{"@type":"type.googleapis.com/google.cloud.functions.v2.Function","name":"projects/win-finder/locations/europe-west1/functions/update_results","environment":"GEN_2"},"stages":[{"name":"ARTIFACT_REGISTRY","state":"NOT_STARTED"},{"name":"SERVICE","message":"Deleting Cloud Run service","state":"IN_PROGRESS","resource":"projects/win-finder/locations/europe-west1/services/update-results"}],"operationType":"DELETE_FUNCTION"},"done":false}
[debug] [2025-11-03T07:58:10.882Z] <<< [apiv2][status] GET https://cloudfunctions.googleapis.com/v2/projects/win-finder/locations/europe-west1/operations/operation-1762156688359-642ac1372c0bb-e222e1fe-33339f28 200
[debug] [2025-11-03T07:58:10.882Z] <<< [apiv2][body] GET https://cloudfunctions.googleapis.com/v2/projects/win-finder/locations/europe-west1/operations/operation-1762156688359-642ac1372c0bb-e222e1fe-33339f28 {"name":"projects/win-finder/locations/europe-west1/operations/operation-1762156688359-642ac1372c0bb-e222e1fe-33339f28","metadata":{"@type":"type.googleapis.com/google.cloud.functions.v2.OperationMetadata","createTime":"2025-11-03T07:58:08.997797359Z","target":"projects/win-finder/locations/europe-west1/functions/updateResults","verb":"create","cancelRequested":false,"apiVersion":"v2","requestResource":{"@type":"type.googleapis.com/google.cloud.functions.v2.Function","name":"projects/win-finder/locations/europe-west1/functions/updateResults","buildConfig":{"runtime":"nodejs22","entryPoint":"updateResults","source":{"storageSource":{"bucket":"gcf-v2-sources-684643143905-europe-west1","object":"updateResults/function-source.zip","generation":"1762156688580149"}},"environmentVariables":{"GOOGLE_NODE_RUN_SCRIPTS":""},"serviceAccount":"projects/win-finder/serviceAccounts/684643143905-compute@developer.gserviceaccount.com","automaticUpdatePolicy":{}},"serviceConfig":{"service":"projects/win-finder/locations/europe-west1/services/updateresults","timeoutSeconds":60,"environmentVariables":{"FIREBASE_CONFIG":"{\"projectId\":\"win-finder\",\"storageBucket\":\"win-finder.firebasestorage.app\"}","GCLOUD_PROJECT":"win-finder","EVENTARC_CLOUD_EVENT_SOURCE":"projects/win-finder/locations/europe-west1/services/updateResults","FUNCTION_TARGET":"updateResults","LOG_EXECUTION_ID":"true"},"ingressSettings":"ALLOW_ALL","serviceAccountEmail":"684643143905-compute@developer.gserviceaccount.com","availableMemory":"256Mi","maxInstanceRequestConcurrency":80,"availableCpu":"1"},"labels":{"deployment-tool":"cli-firebase","deployment-scheduled":"true","firebase-functions-hash":"501bec4c58a3847a330558b138190fe8b8e1ca36"},"environment":"GEN_2"},"stages":[{"name":"BUILD","message":"Build in progress","state":"IN_PROGRESS","resource":"projects/684643143905/locations/europe-west1/builds/9e3fdb65-50e5-4b10-82d8-90fc5f1741b2","resourceUri":"https://console.cloud.google.com/cloud-build/builds;region=europe-west1/9e3fdb65-50e5-4b10-82d8-90fc5f1741b2?project=684643143905"},{"name":"SERVICE","state":"NOT_STARTED"}],"operationType":"CREATE_FUNCTION","buildName":"projects/684643143905/locations/europe-west1/builds/9e3fdb65-50e5-4b10-82d8-90fc5f1741b2"},"done":false}
[debug] [2025-11-03T07:58:12.788Z] [delete-default-europe-west1-update_results] Retrying task index 0
[debug] [2025-11-03T07:58:12.790Z] Checked if tokens are valid: true, expires at: 1762158412358
[debug] [2025-11-03T07:58:12.791Z] Checked if tokens are valid: true, expires at: 1762158412358
[debug] [2025-11-03T07:58:12.791Z] >>> [apiv2][query] GET https://cloudfunctions.googleapis.com/v2/projects/win-finder/locations/europe-west1/operations/operation-1762156688892-642ac137ae3fa-956a94f4-bbd611fc [none]
[debug] [2025-11-03T07:58:12.882Z] [create-default-europe-west1-updateResults] Retrying task index 0
[debug] [2025-11-03T07:58:12.883Z] Checked if tokens are valid: true, expires at: 1762158412358
[debug] [2025-11-03T07:58:12.883Z] Checked if tokens are valid: true, expires at: 1762158412358
[debug] [2025-11-03T07:58:12.884Z] >>> [apiv2][query] GET https://cloudfunctions.googleapis.com/v2/projects/win-finder/locations/europe-west1/operations/operation-1762156688359-642ac1372c0bb-e222e1fe-33339f28 [none]
[debug] [2025-11-03T07:58:12.919Z] <<< [apiv2][status] GET https://cloudfunctions.googleapis.com/v2/projects/win-finder/locations/europe-west1/operations/operation-1762156688892-642ac137ae3fa-956a94f4-bbd611fc 200
[debug] [2025-11-03T07:58:12.920Z] <<< [apiv2][body] GET https://cloudfunctions.googleapis.com/v2/projects/win-finder/locations/europe-west1/operations/operation-1762156688892-642ac137ae3fa-956a94f4-bbd611fc {"name":"projects/win-finder/locations/europe-west1/operations/operation-1762156688892-642ac137ae3fa-956a94f4-bbd611fc","metadata":{"@type":"type.googleapis.com/google.cloud.functions.v2.OperationMetadata","createTime":"2025-11-03T07:58:08.911245100Z","endTime":"2025-11-03T07:58:11.875271056Z","target":"projects/win-finder/locations/europe-west1/functions/update_results","verb":"delete","cancelRequested":false,"apiVersion":"v2","requestResource":{"@type":"type.googleapis.com/google.cloud.functions.v2.Function","name":"projects/win-finder/locations/europe-west1/functions/update_results","environment":"GEN_2"},"stages":[{"name":"ARTIFACT_REGISTRY","message":"Deleting function artifacts in Artifact Registry","state":"COMPLETE"},{"name":"SERVICE","message":"Deleting Cloud Run service","state":"COMPLETE","resource":"projects/win-finder/locations/europe-west1/services/update-results"}],"operationType":"DELETE_FUNCTION"},"done":true,"response":{"@type":"type.googleapis.com/google.protobuf.Empty"}}
[info] ✔  functions[update_results(europe-west1)] Successful delete operation. 
[debug] [2025-11-03T07:58:13.003Z] <<< [apiv2][status] GET https://cloudfunctions.googleapis.com/v2/projects/win-finder/locations/europe-west1/operations/operation-1762156688359-642ac1372c0bb-e222e1fe-33339f28 200
[debug] [2025-11-03T07:58:13.003Z] <<< [apiv2][body] GET https://cloudfunctions.googleapis.com/v2/projects/win-finder/locations/europe-west1/operations/operation-1762156688359-642ac1372c0bb-e222e1fe-33339f28 {"name":"projects/win-finder/locations/europe-west1/operations/operation-1762156688359-642ac1372c0bb-e222e1fe-33339f28","metadata":{"@type":"type.googleapis.com/google.cloud.functions.v2.OperationMetadata","createTime":"2025-11-03T07:58:08.997797359Z","target":"projects/win-finder/locations/europe-west1/functions/updateResults","verb":"create","cancelRequested":false,"apiVersion":"v2","requestResource":{"@type":"type.googleapis.com/google.cloud.functions.v2.Function","name":"projects/win-finder/locations/europe-west1/functions/updateResults","buildConfig":{"runtime":"nodejs22","entryPoint":"updateResults","source":{"storageSource":{"bucket":"gcf-v2-sources-684643143905-europe-west1","object":"updateResults/function-source.zip","generation":"1762156688580149"}},"environmentVariables":{"GOOGLE_NODE_RUN_SCRIPTS":""},"serviceAccount":"projects/win-finder/serviceAccounts/684643143905-compute@developer.gserviceaccount.com","automaticUpdatePolicy":{}},"serviceConfig":{"service":"projects/win-finder/locations/europe-west1/services/updateresults","timeoutSeconds":60,"environmentVariables":{"FIREBASE_CONFIG":"{\"projectId\":\"win-finder\",\"storageBucket\":\"win-finder.firebasestorage.app\"}","GCLOUD_PROJECT":"win-finder","EVENTARC_CLOUD_EVENT_SOURCE":"projects/win-finder/locations/europe-west1/services/updateResults","FUNCTION_TARGET":"updateResults","LOG_EXECUTION_ID":"true"},"ingressSettings":"ALLOW_ALL","serviceAccountEmail":"684643143905-compute@developer.gserviceaccount.com","availableMemory":"256Mi","maxInstanceRequestConcurrency":80,"availableCpu":"1"},"labels":{"deployment-tool":"cli-firebase","deployment-scheduled":"true","firebase-functions-hash":"501bec4c58a3847a330558b138190fe8b8e1ca36"},"environment":"GEN_2"},"stages":[{"name":"BUILD","message":"Build in progress","state":"IN_PROGRESS","resource":"projects/684643143905/locations/europe-west1/builds/9e3fdb65-50e5-4b10-82d8-90fc5f1741b2","resourceUri":"https://console.cloud.google.com/cloud-build/builds;region=europe-west1/9e3fdb65-50e5-4b10-82d8-90fc5f1741b2?project=684643143905"},{"name":"SERVICE","state":"NOT_STARTED"}],"operationType":"CREATE_FUNCTION","buildName":"projects/684643143905/locations/europe-west1/builds/9e3fdb65-50e5-4b10-82d8-90fc5f1741b2"},"done":false}
[debug] [2025-11-03T07:58:17.003Z] [create-default-europe-west1-updateResults] Retrying task index 0
[debug] [2025-11-03T07:58:17.004Z] Checked if tokens are valid: true, expires at: 1762158412358
[debug] [2025-11-03T07:58:17.004Z] Checked if tokens are valid: true, expires at: 1762158412358
[debug] [2025-11-03T07:58:17.005Z] >>> [apiv2][query] GET https://cloudfunctions.googleapis.com/v2/projects/win-finder/locations/europe-west1/operations/operation-1762156688359-642ac1372c0bb-e222e1fe-33339f28 [none]
[debug] [2025-11-03T07:58:17.140Z] <<< [apiv2][status] GET https://cloudfunctions.googleapis.com/v2/projects/win-finder/locations/europe-west1/operations/operation-1762156688359-642ac1372c0bb-e222e1fe-33339f28 200
[debug] [2025-11-03T07:58:17.140Z] <<< [apiv2][body] GET https://cloudfunctions.googleapis.com/v2/projects/win-finder/locations/europe-west1/operations/operation-1762156688359-642ac1372c0bb-e222e1fe-33339f28 {"name":"projects/win-finder/locations/europe-west1/operations/operation-1762156688359-642ac1372c0bb-e222e1fe-33339f28","metadata":{"@type":"type.googleapis.com/google.cloud.functions.v2.OperationMetadata","createTime":"2025-11-03T07:58:08.997797359Z","target":"projects/win-finder/locations/europe-west1/functions/updateResults","verb":"create","cancelRequested":false,"apiVersion":"v2","requestResource":{"@type":"type.googleapis.com/google.cloud.functions.v2.Function","name":"projects/win-finder/locations/europe-west1/functions/updateResults","buildConfig":{"runtime":"nodejs22","entryPoint":"updateResults","source":{"storageSource":{"bucket":"gcf-v2-sources-684643143905-europe-west1","object":"updateResults/function-source.zip","generation":"1762156688580149"}},"environmentVariables":{"GOOGLE_NODE_RUN_SCRIPTS":""},"serviceAccount":"projects/win-finder/serviceAccounts/684643143905-compute@developer.gserviceaccount.com","automaticUpdatePolicy":{}},"serviceConfig":{"service":"projects/win-finder/locations/europe-west1/services/updateresults","timeoutSeconds":60,"environmentVariables":{"FIREBASE_CONFIG":"{\"projectId\":\"win-finder\",\"storageBucket\":\"win-finder.firebasestorage.app\"}","GCLOUD_PROJECT":"win-finder","EVENTARC_CLOUD_EVENT_SOURCE":"projects/win-finder/locations/europe-west1/services/updateResults","FUNCTION_TARGET":"updateResults","LOG_EXECUTION_ID":"true"},"ingressSettings":"ALLOW_ALL","serviceAccountEmail":"684643143905-compute@developer.gserviceaccount.com","availableMemory":"256Mi","maxInstanceRequestConcurrency":80,"availableCpu":"1"},"labels":{"deployment-tool":"cli-firebase","deployment-scheduled":"true","firebase-functions-hash":"501bec4c58a3847a330558b138190fe8b8e1ca36"},"environment":"GEN_2"},"stages":[{"name":"BUILD","message":"Build in progress","state":"IN_PROGRESS","resource":"projects/684643143905/locations/europe-west1/builds/9e3fdb65-50e5-4b10-82d8-90fc5f1741b2","resourceUri":"https://console.cloud.google.com/cloud-build/builds;region=europe-west1/9e3fdb65-50e5-4b10-82d8-90fc5f1741b2?project=684643143905"},{"name":"SERVICE","state":"NOT_STARTED"}],"operationType":"CREATE_FUNCTION","buildName":"projects/684643143905/locations/europe-west1/builds/9e3fdb65-50e5-4b10-82d8-90fc5f1741b2"},"done":false}
[debug] [2025-11-03T07:58:25.139Z] [create-default-europe-west1-updateResults] Retrying task index 0
[debug] [2025-11-03T07:58:25.140Z] Checked if tokens are valid: true, expires at: 1762158412358
[debug] [2025-11-03T07:58:25.140Z] Checked if tokens are valid: true, expires at: 1762158412358
[debug] [2025-11-03T07:58:25.141Z] >>> [apiv2][query] GET https://cloudfunctions.googleapis.com/v2/projects/win-finder/locations/europe-west1/operations/operation-1762156688359-642ac1372c0bb-e222e1fe-33339f28 [none]
[debug] [2025-11-03T07:58:25.392Z] <<< [apiv2][status] GET https://cloudfunctions.googleapis.com/v2/projects/win-finder/locations/europe-west1/operations/operation-1762156688359-642ac1372c0bb-e222e1fe-33339f28 200
[debug] [2025-11-03T07:58:25.392Z] <<< [apiv2][body] GET https://cloudfunctions.googleapis.com/v2/projects/win-finder/locations/europe-west1/operations/operation-1762156688359-642ac1372c0bb-e222e1fe-33339f28 {"name":"projects/win-finder/locations/europe-west1/operations/operation-1762156688359-642ac1372c0bb-e222e1fe-33339f28","metadata":{"@type":"type.googleapis.com/google.cloud.functions.v2.OperationMetadata","createTime":"2025-11-03T07:58:08.997797359Z","target":"projects/win-finder/locations/europe-west1/functions/updateResults","verb":"create","cancelRequested":false,"apiVersion":"v2","requestResource":{"@type":"type.googleapis.com/google.cloud.functions.v2.Function","name":"projects/win-finder/locations/europe-west1/functions/updateResults","buildConfig":{"runtime":"nodejs22","entryPoint":"updateResults","source":{"storageSource":{"bucket":"gcf-v2-sources-684643143905-europe-west1","object":"updateResults/function-source.zip","generation":"1762156688580149"}},"environmentVariables":{"GOOGLE_NODE_RUN_SCRIPTS":""},"serviceAccount":"projects/win-finder/serviceAccounts/684643143905-compute@developer.gserviceaccount.com","automaticUpdatePolicy":{}},"serviceConfig":{"service":"projects/win-finder/locations/europe-west1/services/updateresults","timeoutSeconds":60,"environmentVariables":{"FIREBASE_CONFIG":"{\"projectId\":\"win-finder\",\"storageBucket\":\"win-finder.firebasestorage.app\"}","GCLOUD_PROJECT":"win-finder","EVENTARC_CLOUD_EVENT_SOURCE":"projects/win-finder/locations/europe-west1/services/updateResults","FUNCTION_TARGET":"updateResults","LOG_EXECUTION_ID":"true"},"ingressSettings":"ALLOW_ALL","serviceAccountEmail":"684643143905-compute@developer.gserviceaccount.com","availableMemory":"256Mi","maxInstanceRequestConcurrency":80,"availableCpu":"1"},"labels":{"deployment-tool":"cli-firebase","deployment-scheduled":"true","firebase-functions-hash":"501bec4c58a3847a330558b138190fe8b8e1ca36"},"environment":"GEN_2"},"stages":[{"name":"BUILD","message":"Build in progress","state":"IN_PROGRESS","resource":"projects/684643143905/locations/europe-west1/builds/9e3fdb65-50e5-4b10-82d8-90fc5f1741b2","resourceUri":"https://console.cloud.google.com/cloud-build/builds;region=europe-west1/9e3fdb65-50e5-4b10-82d8-90fc5f1741b2?project=684643143905"},{"name":"SERVICE","state":"NOT_STARTED"}],"operationType":"CREATE_FUNCTION","buildName":"projects/684643143905/locations/europe-west1/builds/9e3fdb65-50e5-4b10-82d8-90fc5f1741b2"},"done":false}
[debug] [2025-11-03T07:58:35.392Z] [create-default-europe-west1-updateResults] Retrying task index 0
[debug] [2025-11-03T07:58:35.393Z] Checked if tokens are valid: true, expires at: 1762158412358
[debug] [2025-11-03T07:58:35.393Z] Checked if tokens are valid: true, expires at: 1762158412358
[debug] [2025-11-03T07:58:35.393Z] >>> [apiv2][query] GET https://cloudfunctions.googleapis.com/v2/projects/win-finder/locations/europe-west1/operations/operation-1762156688359-642ac1372c0bb-e222e1fe-33339f28 [none]
[debug] [2025-11-03T07:58:35.680Z] <<< [apiv2][status] GET https://cloudfunctions.googleapis.com/v2/projects/win-finder/locations/europe-west1/operations/operation-1762156688359-642ac1372c0bb-e222e1fe-33339f28 200
[debug] [2025-11-03T07:58:35.680Z] <<< [apiv2][body] GET https://cloudfunctions.googleapis.com/v2/projects/win-finder/locations/europe-west1/operations/operation-1762156688359-642ac1372c0bb-e222e1fe-33339f28 {"name":"projects/win-finder/locations/europe-west1/operations/operation-1762156688359-642ac1372c0bb-e222e1fe-33339f28","metadata":{"@type":"type.googleapis.com/google.cloud.functions.v2.OperationMetadata","createTime":"2025-11-03T07:58:08.997797359Z","target":"projects/win-finder/locations/europe-west1/functions/updateResults","verb":"create","cancelRequested":false,"apiVersion":"v2","requestResource":{"@type":"type.googleapis.com/google.cloud.functions.v2.Function","name":"projects/win-finder/locations/europe-west1/functions/updateResults","buildConfig":{"runtime":"nodejs22","entryPoint":"updateResults","source":{"storageSource":{"bucket":"gcf-v2-sources-684643143905-europe-west1","object":"updateResults/function-source.zip","generation":"1762156688580149"}},"environmentVariables":{"GOOGLE_NODE_RUN_SCRIPTS":""},"serviceAccount":"projects/win-finder/serviceAccounts/684643143905-compute@developer.gserviceaccount.com","automaticUpdatePolicy":{}},"serviceConfig":{"service":"projects/win-finder/locations/europe-west1/services/updateresults","timeoutSeconds":60,"environmentVariables":{"FIREBASE_CONFIG":"{\"projectId\":\"win-finder\",\"storageBucket\":\"win-finder.firebasestorage.app\"}","GCLOUD_PROJECT":"win-finder","EVENTARC_CLOUD_EVENT_SOURCE":"projects/win-finder/locations/europe-west1/services/updateResults","FUNCTION_TARGET":"updateResults","LOG_EXECUTION_ID":"true"},"ingressSettings":"ALLOW_ALL","serviceAccountEmail":"684643143905-compute@developer.gserviceaccount.com","availableMemory":"256Mi","maxInstanceRequestConcurrency":80,"availableCpu":"1"},"labels":{"deployment-tool":"cli-firebase","deployment-scheduled":"true","firebase-functions-hash":"501bec4c58a3847a330558b138190fe8b8e1ca36"},"environment":"GEN_2"},"stages":[{"name":"BUILD","message":"Build in progress","state":"IN_PROGRESS","resource":"projects/684643143905/locations/europe-west1/builds/9e3fdb65-50e5-4b10-82d8-90fc5f1741b2","resourceUri":"https://console.cloud.google.com/cloud-build/builds;region=europe-west1/9e3fdb65-50e5-4b10-82d8-90fc5f1741b2?project=684643143905"},{"name":"SERVICE","state":"NOT_STARTED"}],"operationType":"CREATE_FUNCTION","buildName":"projects/684643143905/locations/europe-west1/builds/9e3fdb65-50e5-4b10-82d8-90fc5f1741b2"},"done":false}
[debug] [2025-11-03T07:58:45.681Z] [create-default-europe-west1-updateResults] Retrying task index 0
[debug] [2025-11-03T07:58:45.681Z] Checked if tokens are valid: true, expires at: 1762158412358
[debug] [2025-11-03T07:58:45.681Z] Checked if tokens are valid: true, expires at: 1762158412358
[debug] [2025-11-03T07:58:45.682Z] >>> [apiv2][query] GET https://cloudfunctions.googleapis.com/v2/projects/win-finder/locations/europe-west1/operations/operation-1762156688359-642ac1372c0bb-e222e1fe-33339f28 [none]
[debug] [2025-11-03T07:58:45.911Z] <<< [apiv2][status] GET https://cloudfunctions.googleapis.com/v2/projects/win-finder/locations/europe-west1/operations/operation-1762156688359-642ac1372c0bb-e222e1fe-33339f28 200
[debug] [2025-11-03T07:58:45.911Z] <<< [apiv2][body] GET https://cloudfunctions.googleapis.com/v2/projects/win-finder/locations/europe-west1/operations/operation-1762156688359-642ac1372c0bb-e222e1fe-33339f28 {"name":"projects/win-finder/locations/europe-west1/operations/operation-1762156688359-642ac1372c0bb-e222e1fe-33339f28","metadata":{"@type":"type.googleapis.com/google.cloud.functions.v2.OperationMetadata","createTime":"2025-11-03T07:58:08.997797359Z","target":"projects/win-finder/locations/europe-west1/functions/updateResults","verb":"create","cancelRequested":false,"apiVersion":"v2","requestResource":{"@type":"type.googleapis.com/google.cloud.functions.v2.Function","name":"projects/win-finder/locations/europe-west1/functions/updateResults","buildConfig":{"runtime":"nodejs22","entryPoint":"updateResults","source":{"storageSource":{"bucket":"gcf-v2-sources-684643143905-europe-west1","object":"updateResults/function-source.zip","generation":"1762156688580149"}},"environmentVariables":{"GOOGLE_NODE_RUN_SCRIPTS":""},"serviceAccount":"projects/win-finder/serviceAccounts/684643143905-compute@developer.gserviceaccount.com","automaticUpdatePolicy":{}},"serviceConfig":{"service":"projects/win-finder/locations/europe-west1/services/updateresults","timeoutSeconds":60,"environmentVariables":{"FIREBASE_CONFIG":"{\"projectId\":\"win-finder\",\"storageBucket\":\"win-finder.firebasestorage.app\"}","GCLOUD_PROJECT":"win-finder","EVENTARC_CLOUD_EVENT_SOURCE":"projects/win-finder/locations/europe-west1/services/updateResults","FUNCTION_TARGET":"updateResults","LOG_EXECUTION_ID":"true"},"ingressSettings":"ALLOW_ALL","serviceAccountEmail":"684643143905-compute@developer.gserviceaccount.com","availableMemory":"256Mi","maxInstanceRequestConcurrency":80,"availableCpu":"1"},"labels":{"deployment-tool":"cli-firebase","deployment-scheduled":"true","firebase-functions-hash":"501bec4c58a3847a330558b138190fe8b8e1ca36"},"environment":"GEN_2"},"stages":[{"name":"BUILD","message":"Build in progress","state":"IN_PROGRESS","resource":"projects/684643143905/locations/europe-west1/builds/9e3fdb65-50e5-4b10-82d8-90fc5f1741b2","resourceUri":"https://console.cloud.google.com/cloud-build/builds;region=europe-west1/9e3fdb65-50e5-4b10-82d8-90fc5f1741b2?project=684643143905"},{"name":"SERVICE","state":"NOT_STARTED"}],"operationType":"CREATE_FUNCTION","buildName":"projects/684643143905/locations/europe-west1/builds/9e3fdb65-50e5-4b10-82d8-90fc5f1741b2"},"done":false}
[debug] [2025-11-03T07:58:55.912Z] [create-default-europe-west1-updateResults] Retrying task index 0
[debug] [2025-11-03T07:58:55.914Z] Checked if tokens are valid: true, expires at: 1762158412358
[debug] [2025-11-03T07:58:55.914Z] Checked if tokens are valid: true, expires at: 1762158412358
[debug] [2025-11-03T07:58:55.915Z] >>> [apiv2][query] GET https://cloudfunctions.googleapis.com/v2/projects/win-finder/locations/europe-west1/operations/operation-1762156688359-642ac1372c0bb-e222e1fe-33339f28 [none]
[debug] [2025-11-03T07:58:56.133Z] <<< [apiv2][status] GET https://cloudfunctions.googleapis.com/v2/projects/win-finder/locations/europe-west1/operations/operation-1762156688359-642ac1372c0bb-e222e1fe-33339f28 200
[debug] [2025-11-03T07:58:56.134Z] <<< [apiv2][body] GET https://cloudfunctions.googleapis.com/v2/projects/win-finder/locations/europe-west1/operations/operation-1762156688359-642ac1372c0bb-e222e1fe-33339f28 {"name":"projects/win-finder/locations/europe-west1/operations/operation-1762156688359-642ac1372c0bb-e222e1fe-33339f28","metadata":{"@type":"type.googleapis.com/google.cloud.functions.v2.OperationMetadata","createTime":"2025-11-03T07:58:08.997797359Z","target":"projects/win-finder/locations/europe-west1/functions/updateResults","verb":"create","cancelRequested":false,"apiVersion":"v2","requestResource":{"@type":"type.googleapis.com/google.cloud.functions.v2.Function","name":"projects/win-finder/locations/europe-west1/functions/updateResults","buildConfig":{"runtime":"nodejs22","entryPoint":"updateResults","source":{"storageSource":{"bucket":"gcf-v2-sources-684643143905-europe-west1","object":"updateResults/function-source.zip","generation":"1762156688580149"}},"environmentVariables":{"GOOGLE_NODE_RUN_SCRIPTS":""},"serviceAccount":"projects/win-finder/serviceAccounts/684643143905-compute@developer.gserviceaccount.com","automaticUpdatePolicy":{}},"serviceConfig":{"service":"projects/win-finder/locations/europe-west1/services/updateresults","timeoutSeconds":60,"environmentVariables":{"FIREBASE_CONFIG":"{\"projectId\":\"win-finder\",\"storageBucket\":\"win-finder.firebasestorage.app\"}","GCLOUD_PROJECT":"win-finder","EVENTARC_CLOUD_EVENT_SOURCE":"projects/win-finder/locations/europe-west1/services/updateResults","FUNCTION_TARGET":"updateResults","LOG_EXECUTION_ID":"true"},"ingressSettings":"ALLOW_ALL","serviceAccountEmail":"684643143905-compute@developer.gserviceaccount.com","availableMemory":"256Mi","maxInstanceRequestConcurrency":80,"availableCpu":"1"},"labels":{"deployment-tool":"cli-firebase","deployment-scheduled":"true","firebase-functions-hash":"501bec4c58a3847a330558b138190fe8b8e1ca36"},"environment":"GEN_2"},"stages":[{"name":"BUILD","message":"Build in progress","state":"IN_PROGRESS","resource":"projects/684643143905/locations/europe-west1/builds/9e3fdb65-50e5-4b10-82d8-90fc5f1741b2","resourceUri":"https://console.cloud.google.com/cloud-build/builds;region=europe-west1/9e3fdb65-50e5-4b10-82d8-90fc5f1741b2?project=684643143905"},{"name":"SERVICE","state":"NOT_STARTED"}],"operationType":"CREATE_FUNCTION","buildName":"projects/684643143905/locations/europe-west1/builds/9e3fdb65-50e5-4b10-82d8-90fc5f1741b2"},"done":false}
[debug] [2025-11-03T07:59:06.135Z] [create-default-europe-west1-updateResults] Retrying task index 0
[debug] [2025-11-03T07:59:06.137Z] Checked if tokens are valid: true, expires at: 1762158412358
[debug] [2025-11-03T07:59:06.137Z] Checked if tokens are valid: true, expires at: 1762158412358
[debug] [2025-11-03T07:59:06.137Z] >>> [apiv2][query] GET https://cloudfunctions.googleapis.com/v2/projects/win-finder/locations/europe-west1/operations/operation-1762156688359-642ac1372c0bb-e222e1fe-33339f28 [none]
[debug] [2025-11-03T07:59:06.328Z] <<< [apiv2][status] GET https://cloudfunctions.googleapis.com/v2/projects/win-finder/locations/europe-west1/operations/operation-1762156688359-642ac1372c0bb-e222e1fe-33339f28 200
[debug] [2025-11-03T07:59:06.329Z] <<< [apiv2][body] GET https://cloudfunctions.googleapis.com/v2/projects/win-finder/locations/europe-west1/operations/operation-1762156688359-642ac1372c0bb-e222e1fe-33339f28 {"name":"projects/win-finder/locations/europe-west1/operations/operation-1762156688359-642ac1372c0bb-e222e1fe-33339f28","metadata":{"@type":"type.googleapis.com/google.cloud.functions.v2.OperationMetadata","createTime":"2025-11-03T07:58:08.997797359Z","target":"projects/win-finder/locations/europe-west1/functions/updateResults","verb":"create","cancelRequested":false,"apiVersion":"v2","requestResource":{"@type":"type.googleapis.com/google.cloud.functions.v2.Function","name":"projects/win-finder/locations/europe-west1/functions/updateResults","buildConfig":{"runtime":"nodejs22","entryPoint":"updateResults","source":{"storageSource":{"bucket":"gcf-v2-sources-684643143905-europe-west1","object":"updateResults/function-source.zip","generation":"1762156688580149"}},"environmentVariables":{"GOOGLE_NODE_RUN_SCRIPTS":""},"serviceAccount":"projects/win-finder/serviceAccounts/684643143905-compute@developer.gserviceaccount.com","automaticUpdatePolicy":{}},"serviceConfig":{"service":"projects/win-finder/locations/europe-west1/services/updateresults","timeoutSeconds":60,"environmentVariables":{"FIREBASE_CONFIG":"{\"projectId\":\"win-finder\",\"storageBucket\":\"win-finder.firebasestorage.app\"}","GCLOUD_PROJECT":"win-finder","EVENTARC_CLOUD_EVENT_SOURCE":"projects/win-finder/locations/europe-west1/services/updateResults","FUNCTION_TARGET":"updateResults","LOG_EXECUTION_ID":"true"},"ingressSettings":"ALLOW_ALL","serviceAccountEmail":"684643143905-compute@developer.gserviceaccount.com","availableMemory":"256Mi","maxInstanceRequestConcurrency":80,"availableCpu":"1"},"labels":{"deployment-tool":"cli-firebase","deployment-scheduled":"true","firebase-functions-hash":"501bec4c58a3847a330558b138190fe8b8e1ca36"},"environment":"GEN_2"},"stages":[{"name":"BUILD","message":"Build finished","state":"COMPLETE","resource":"projects/684643143905/locations/europe-west1/builds/9e3fdb65-50e5-4b10-82d8-90fc5f1741b2","resourceUri":"https://console.cloud.google.com/cloud-build/builds;region=europe-west1/9e3fdb65-50e5-4b10-82d8-90fc5f1741b2?project=684643143905"},{"name":"SERVICE","message":"Creating Cloud Run service","state":"IN_PROGRESS","resource":"projects/win-finder/locations/europe-west1/services/updateresults","resourceUri":"https://console.cloud.google.com/run/detail/europe-west1/updateresults?project=win-finder"}],"sourceToken":"Clhwcm9qZWN0cy82ODQ2NDMxNDM5MDUvbG9jYXRpb25zL2V1cm9wZS13ZXN0MS9idWlsZHMvOWUzZmRiNjUtNTBlNS00YjEwLTgyZDgtOTBmYzVmMTc0MWIyEmlldXJvcGUtd2VzdDEtZG9ja2VyLnBrZy5kZXYvd2luLWZpbmRlci9nY2YtYXJ0aWZhY3RzL3dpbi0tZmluZGVyX19ldXJvcGUtLXdlc3QxX191cGRhdGVfcmVzdWx0czp2ZXJzaW9uXzEY4aGlv/YTIkJwcm9qZWN0cy93aW4tZmluZGVyL2xvY2F0aW9ucy9ldXJvcGUtd2VzdDEvZnVuY3Rpb25zL3VwZGF0ZVJlc3VsdHMqCwjGwaHIBhCogek4Mghub2RlanMyMjp3CiNnY3IuaW8vZ2FlLXJ1bnRpbWVzL25vZGVqczIyOnN0YWJsZRJQZXVyb3BlLXdlc3QxLWRvY2tlci5wa2cuZGV2L3NlcnZlcmxlc3MtcnVudGltZXMvZ29vZ2xlLTIyLWZ1bGwvcnVudGltZXMvbm9kZWpzMjJAAQ==","operationType":"CREATE_FUNCTION","buildName":"projects/684643143905/locations/europe-west1/builds/9e3fdb65-50e5-4b10-82d8-90fc5f1741b2"},"done":false}
[debug] [2025-11-03T07:59:06.330Z] Got source token Clhwcm9qZWN0cy82ODQ2NDMxNDM5MDUvbG9jYXRpb25zL2V1cm9wZS13ZXN0MS9idWlsZHMvOWUzZmRiNjUtNTBlNS00YjEwLTgyZDgtOTBmYzVmMTc0MWIyEmlldXJvcGUtd2VzdDEtZG9ja2VyLnBrZy5kZXYvd2luLWZpbmRlci9nY2YtYXJ0aWZhY3RzL3dpbi0tZmluZGVyX19ldXJvcGUtLXdlc3QxX191cGRhdGVfcmVzdWx0czp2ZXJzaW9uXzEY4aGlv/YTIkJwcm9qZWN0cy93aW4tZmluZGVyL2xvY2F0aW9ucy9ldXJvcGUtd2VzdDEvZnVuY3Rpb25zL3VwZGF0ZVJlc3VsdHMqCwjGwaHIBhCogek4Mghub2RlanMyMjp3CiNnY3IuaW8vZ2FlLXJ1bnRpbWVzL25vZGVqczIyOnN0YWJsZRJQZXVyb3BlLXdlc3QxLWRvY2tlci5wa2cuZGV2L3NlcnZlcmxlc3MtcnVudGltZXMvZ29vZ2xlLTIyLWZ1bGwvcnVudGltZXMvbm9kZWpzMjJAAQ== for region europe-west1
[debug] [2025-11-03T07:59:06.335Z] Checked if tokens are valid: true, expires at: 1762158412358
[debug] [2025-11-03T07:59:06.336Z] Checked if tokens are valid: true, expires at: 1762158412358
[debug] [2025-11-03T07:59:06.336Z] Checked if tokens are valid: true, expires at: 1762158412358
[debug] [2025-11-03T07:59:06.336Z] Checked if tokens are valid: true, expires at: 1762158412358
[debug] [2025-11-03T07:59:06.337Z] >>> [apiv2][query] PATCH https://cloudfunctions.googleapis.com/v2/projects/win-finder/locations/europe-west1/functions/updateStandings updateMask=name%2CbuildConfig.runtime%2CbuildConfig.entryPoint%2CbuildConfig.source.storageSource.bucket%2CbuildConfig.source.storageSource.object%2CbuildConfig.environmentVariables%2CbuildConfig.sourceToken%2CserviceConfig.environmentVariables%2CserviceConfig.ingressSettings%2CserviceConfig.timeoutSeconds%2CserviceConfig.serviceAccountEmail%2CserviceConfig.availableMemory%2CserviceConfig.minInstanceCount%2CserviceConfig.maxInstanceCount%2CserviceConfig.maxInstanceRequestConcurrency%2CserviceConfig.availableCpu%2CserviceConfig.vpcConnector%2CserviceConfig.vpcConnectorEgressSettings%2Clabels
[debug] [2025-11-03T07:59:06.337Z] >>> [apiv2][body] PATCH https://cloudfunctions.googleapis.com/v2/projects/win-finder/locations/europe-west1/functions/updateStandings {"name":"projects/win-finder/locations/europe-west1/functions/updateStandings","buildConfig":{"runtime":"nodejs22","entryPoint":"updateStandings","source":{"storageSource":{"bucket":"gcf-v2-uploads-684643143905.europe-west1.cloudfunctions.appspot.com","object":"a12a5e52-67d2-4a94-a690-6ae1698b9f81.zip"}},"environmentVariables":{"GOOGLE_NODE_RUN_SCRIPTS":""},"sourceToken":"Clhwcm9qZWN0cy82ODQ2NDMxNDM5MDUvbG9jYXRpb25zL2V1cm9wZS13ZXN0MS9idWlsZHMvOWUzZmRiNjUtNTBlNS00YjEwLTgyZDgtOTBmYzVmMTc0MWIyEmlldXJvcGUtd2VzdDEtZG9ja2VyLnBrZy5kZXYvd2luLWZpbmRlci9nY2YtYXJ0aWZhY3RzL3dpbi0tZmluZGVyX19ldXJvcGUtLXdlc3QxX191cGRhdGVfcmVzdWx0czp2ZXJzaW9uXzEY4aGlv/YTIkJwcm9qZWN0cy93aW4tZmluZGVyL2xvY2F0aW9ucy9ldXJvcGUtd2VzdDEvZnVuY3Rpb25zL3VwZGF0ZVJlc3VsdHMqCwjGwaHIBhCogek4Mghub2RlanMyMjp3CiNnY3IuaW8vZ2FlLXJ1bnRpbWVzL25vZGVqczIyOnN0YWJsZRJQZXVyb3BlLXdlc3QxLWRvY2tlci5wa2cuZGV2L3NlcnZlcmxlc3MtcnVudGltZXMvZ29vZ2xlLTIyLWZ1bGwvcnVudGltZXMvbm9kZWpzMjJAAQ=="},"serviceConfig":{"environmentVariables":{"FIREBASE_CONFIG":"{\"projectId\":\"win-finder\",\"storageBucket\":\"win-finder.firebasestorage.app\"}","GCLOUD_PROJECT":"win-finder","EVENTARC_CLOUD_EVENT_SOURCE":"projects/win-finder/locations/europe-west1/services/updateStandings","FUNCTION_TARGET":"updateStandings","LOG_EXECUTION_ID":"true","FUNCTION_SIGNATURE_TYPE":"http"},"ingressSettings":null,"timeoutSeconds":null,"serviceAccountEmail":null,"availableMemory":"256Mi","minInstanceCount":null,"maxInstanceCount":null,"maxInstanceRequestConcurrency":80,"availableCpu":"1","vpcConnector":null,"vpcConnectorEgressSettings":null},"labels":{"deployment-tool":"cli-firebase","deployment-scheduled":"true","firebase-functions-hash":"501bec4c58a3847a330558b138190fe8b8e1ca36"}}
[debug] [2025-11-03T07:59:06.337Z] >>> [apiv2][query] PATCH https://cloudfunctions.googleapis.com/v2/projects/win-finder/locations/europe-west1/functions/cleanDatabase updateMask=name%2CbuildConfig.runtime%2CbuildConfig.entryPoint%2CbuildConfig.source.storageSource.bucket%2CbuildConfig.source.storageSource.object%2CbuildConfig.environmentVariables%2CbuildConfig.sourceToken%2CserviceConfig.environmentVariables%2CserviceConfig.ingressSettings%2CserviceConfig.timeoutSeconds%2CserviceConfig.serviceAccountEmail%2CserviceConfig.availableMemory%2CserviceConfig.minInstanceCount%2CserviceConfig.maxInstanceCount%2CserviceConfig.maxInstanceRequestConcurrency%2CserviceConfig.availableCpu%2CserviceConfig.vpcConnector%2CserviceConfig.vpcConnectorEgressSettings%2Clabels
[debug] [2025-11-03T07:59:06.337Z] >>> [apiv2][body] PATCH https://cloudfunctions.googleapis.com/v2/projects/win-finder/locations/europe-west1/functions/cleanDatabase {"name":"projects/win-finder/locations/europe-west1/functions/cleanDatabase","buildConfig":{"runtime":"nodejs22","entryPoint":"cleanDatabase","source":{"storageSource":{"bucket":"gcf-v2-uploads-684643143905.europe-west1.cloudfunctions.appspot.com","object":"a12a5e52-67d2-4a94-a690-6ae1698b9f81.zip"}},"environmentVariables":{"GOOGLE_NODE_RUN_SCRIPTS":""},"sourceToken":"Clhwcm9qZWN0cy82ODQ2NDMxNDM5MDUvbG9jYXRpb25zL2V1cm9wZS13ZXN0MS9idWlsZHMvOWUzZmRiNjUtNTBlNS00YjEwLTgyZDgtOTBmYzVmMTc0MWIyEmlldXJvcGUtd2VzdDEtZG9ja2VyLnBrZy5kZXYvd2luLWZpbmRlci9nY2YtYXJ0aWZhY3RzL3dpbi0tZmluZGVyX19ldXJvcGUtLXdlc3QxX191cGRhdGVfcmVzdWx0czp2ZXJzaW9uXzEY4aGlv/YTIkJwcm9qZWN0cy93aW4tZmluZGVyL2xvY2F0aW9ucy9ldXJvcGUtd2VzdDEvZnVuY3Rpb25zL3VwZGF0ZVJlc3VsdHMqCwjGwaHIBhCogek4Mghub2RlanMyMjp3CiNnY3IuaW8vZ2FlLXJ1bnRpbWVzL25vZGVqczIyOnN0YWJsZRJQZXVyb3BlLXdlc3QxLWRvY2tlci5wa2cuZGV2L3NlcnZlcmxlc3MtcnVudGltZXMvZ29vZ2xlLTIyLWZ1bGwvcnVudGltZXMvbm9kZWpzMjJAAQ=="},"serviceConfig":{"environmentVariables":{"FIREBASE_CONFIG":"{\"projectId\":\"win-finder\",\"storageBucket\":\"win-finder.firebasestorage.app\"}","GCLOUD_PROJECT":"win-finder","EVENTARC_CLOUD_EVENT_SOURCE":"projects/win-finder/locations/europe-west1/services/cleanDatabase","FUNCTION_TARGET":"cleanDatabase","LOG_EXECUTION_ID":"true","FUNCTION_SIGNATURE_TYPE":"http"},"ingressSettings":null,"timeoutSeconds":null,"serviceAccountEmail":null,"availableMemory":"256Mi","minInstanceCount":null,"maxInstanceCount":null,"maxInstanceRequestConcurrency":80,"availableCpu":"1","vpcConnector":null,"vpcConnectorEgressSettings":null},"labels":{"deployment-tool":"cli-firebase","deployment-scheduled":"true","firebase-functions-hash":"501bec4c58a3847a330558b138190fe8b8e1ca36"}}
[debug] [2025-11-03T07:59:07.417Z] <<< [apiv2][status] PATCH https://cloudfunctions.googleapis.com/v2/projects/win-finder/locations/europe-west1/functions/updateStandings 200
[debug] [2025-11-03T07:59:07.418Z] <<< [apiv2][body] PATCH https://cloudfunctions.googleapis.com/v2/projects/win-finder/locations/europe-west1/functions/updateStandings {"name":"projects/win-finder/locations/europe-west1/operations/operation-1762156746554-642ac16eabc28-4a5c0406-d6dfa2ea","metadata":{"@type":"type.googleapis.com/google.cloud.functions.v2.OperationMetadata","createTime":"2025-11-03T07:59:07.454599006Z","target":"projects/win-finder/locations/europe-west1/functions/updateStandings","verb":"update","cancelRequested":false,"apiVersion":"v2"},"done":false}
[debug] [2025-11-03T07:59:07.418Z] Checked if tokens are valid: true, expires at: 1762158412358
[debug] [2025-11-03T07:59:07.418Z] Checked if tokens are valid: true, expires at: 1762158412358
[debug] [2025-11-03T07:59:07.418Z] >>> [apiv2][query] GET https://cloudfunctions.googleapis.com/v2/projects/win-finder/locations/europe-west1/operations/operation-1762156746554-642ac16eabc28-4a5c0406-d6dfa2ea [none]
[debug] [2025-11-03T07:59:07.440Z] <<< [apiv2][status] PATCH https://cloudfunctions.googleapis.com/v2/projects/win-finder/locations/europe-west1/functions/cleanDatabase 200
[debug] [2025-11-03T07:59:07.441Z] <<< [apiv2][body] PATCH https://cloudfunctions.googleapis.com/v2/projects/win-finder/locations/europe-west1/functions/cleanDatabase {"name":"projects/win-finder/locations/europe-west1/operations/operation-1762156746689-642ac16ecca5a-77f8973f-562fb42f","metadata":{"@type":"type.googleapis.com/google.cloud.functions.v2.OperationMetadata","createTime":"2025-11-03T07:59:07.506227887Z","target":"projects/win-finder/locations/europe-west1/functions/cleanDatabase","verb":"update","cancelRequested":false,"apiVersion":"v2"},"done":false}
[debug] [2025-11-03T07:59:07.441Z] Checked if tokens are valid: true, expires at: 1762158412358
[debug] [2025-11-03T07:59:07.441Z] Checked if tokens are valid: true, expires at: 1762158412358
[debug] [2025-11-03T07:59:07.442Z] >>> [apiv2][query] GET https://cloudfunctions.googleapis.com/v2/projects/win-finder/locations/europe-west1/operations/operation-1762156746689-642ac16ecca5a-77f8973f-562fb42f [none]
[debug] [2025-11-03T07:59:07.553Z] <<< [apiv2][status] GET https://cloudfunctions.googleapis.com/v2/projects/win-finder/locations/europe-west1/operations/operation-1762156746554-642ac16eabc28-4a5c0406-d6dfa2ea 200
[debug] [2025-11-03T07:59:07.553Z] <<< [apiv2][body] GET https://cloudfunctions.googleapis.com/v2/projects/win-finder/locations/europe-west1/operations/operation-1762156746554-642ac16eabc28-4a5c0406-d6dfa2ea {"name":"projects/win-finder/locations/europe-west1/operations/operation-1762156746554-642ac16eabc28-4a5c0406-d6dfa2ea","metadata":{"@type":"type.googleapis.com/google.cloud.functions.v2.OperationMetadata","createTime":"2025-11-03T07:59:07.454599006Z","target":"projects/win-finder/locations/europe-west1/functions/updateStandings","verb":"update","cancelRequested":false,"apiVersion":"v2","requestResource":{"@type":"type.googleapis.com/google.cloud.functions.v2.Function","name":"projects/win-finder/locations/europe-west1/functions/updateStandings","buildConfig":{"runtime":"nodejs22","entryPoint":"updateStandings","source":{"storageSource":{"bucket":"gcf-v2-sources-684643143905-europe-west1","object":"updateStandings/function-source.zip","generation":"1762156747410020"}},"environmentVariables":{"GOOGLE_NODE_RUN_SCRIPTS":""},"dockerRepository":"projects/win-finder/locations/europe-west1/repositories/gcf-artifacts","sourceProvenance":{"resolvedStorageSource":{"bucket":"gcf-v2-sources-684643143905-europe-west1","object":"updateStandings/function-source.zip","generation":"1762156136120801"}},"dockerRegistry":"ARTIFACT_REGISTRY","sourceToken":"Clhwcm9qZWN0cy82ODQ2NDMxNDM5MDUvbG9jYXRpb25zL2V1cm9wZS13ZXN0MS9idWlsZHMvOWUzZmRiNjUtNTBlNS00YjEwLTgyZDgtOTBmYzVmMTc0MWIyEmlldXJvcGUtd2VzdDEtZG9ja2VyLnBrZy5kZXYvd2luLWZpbmRlci9nY2YtYXJ0aWZhY3RzL3dpbi0tZmluZGVyX19ldXJvcGUtLXdlc3QxX191cGRhdGVfcmVzdWx0czp2ZXJzaW9uXzEY4aGlv/YTIkJwcm9qZWN0cy93aW4tZmluZGVyL2xvY2F0aW9ucy9ldXJvcGUtd2VzdDEvZnVuY3Rpb25zL3VwZGF0ZVJlc3VsdHMqCwjGwaHIBhCogek4Mghub2RlanMyMjp3CiNnY3IuaW8vZ2FlLXJ1bnRpbWVzL25vZGVqczIyOnN0YWJsZRJQZXVyb3BlLXdlc3QxLWRvY2tlci5wa2cuZGV2L3NlcnZlcmxlc3MtcnVudGltZXMvZ29vZ2xlLTIyLWZ1bGwvcnVudGltZXMvbm9kZWpzMjJAAQ==","serviceAccount":"projects/win-finder/serviceAccounts/684643143905-compute@developer.gserviceaccount.com","automaticUpdatePolicy":{}},"serviceConfig":{"service":"projects/win-finder/locations/europe-west1/services/updatestandings","timeoutSeconds":60,"environmentVariables":{"FIREBASE_CONFIG":"{\"projectId\":\"win-finder\",\"storageBucket\":\"win-finder.firebasestorage.app\"}","GCLOUD_PROJECT":"win-finder","EVENTARC_CLOUD_EVENT_SOURCE":"projects/win-finder/locations/europe-west1/services/updateStandings","FUNCTION_TARGET":"updateStandings","LOG_EXECUTION_ID":"true","FUNCTION_SIGNATURE_TYPE":"http"},"ingressSettings":"ALLOW_ALL","uri":"https://updatestandings-jfm2n322wq-ew.a.run.app","serviceAccountEmail":"684643143905-compute@developer.gserviceaccount.com","availableMemory":"256Mi","allTrafficOnLatestRevision":true,"revision":"updatestandings-00001-niy","maxInstanceRequestConcurrency":80,"availableCpu":"1"},"state":"ACTIVE","labels":{"deployment-tool":"cli-firebase","deployment-scheduled":"true","firebase-functions-hash":"501bec4c58a3847a330558b138190fe8b8e1ca36"},"environment":"GEN_2","url":"https://europe-west1-win-finder.cloudfunctions.net/updateStandings","satisfiesPzi":true},"stages":[{"name":"BUILD","state":"NOT_STARTED"},{"name":"SERVICE","state":"NOT_STARTED"}],"sourceToken":"Clhwcm9qZWN0cy82ODQ2NDMxNDM5MDUvbG9jYXRpb25zL2V1cm9wZS13ZXN0MS9idWlsZHMvOWUzZmRiNjUtNTBlNS00YjEwLTgyZDgtOTBmYzVmMTc0MWIyEmlldXJvcGUtd2VzdDEtZG9ja2VyLnBrZy5kZXYvd2luLWZpbmRlci9nY2YtYXJ0aWZhY3RzL3dpbi0tZmluZGVyX19ldXJvcGUtLXdlc3QxX191cGRhdGVfcmVzdWx0czp2ZXJzaW9uXzEY4aGlv/YTIkJwcm9qZWN0cy93aW4tZmluZGVyL2xvY2F0aW9ucy9ldXJvcGUtd2VzdDEvZnVuY3Rpb25zL3VwZGF0ZVJlc3VsdHMqCwjGwaHIBhCogek4Mghub2RlanMyMjp3CiNnY3IuaW8vZ2FlLXJ1bnRpbWVzL25vZGVqczIyOnN0YWJsZRJQZXVyb3BlLXdlc3QxLWRvY2tlci5wa2cuZGV2L3NlcnZlcmxlc3MtcnVudGltZXMvZ29vZ2xlLTIyLWZ1bGwvcnVudGltZXMvbm9kZWpzMjJAAQ==","operationType":"UPDATE_FUNCTION"},"done":false}
[debug] [2025-11-03T07:59:07.554Z] Got source token Clhwcm9qZWN0cy82ODQ2NDMxNDM5MDUvbG9jYXRpb25zL2V1cm9wZS13ZXN0MS9idWlsZHMvOWUzZmRiNjUtNTBlNS00YjEwLTgyZDgtOTBmYzVmMTc0MWIyEmlldXJvcGUtd2VzdDEtZG9ja2VyLnBrZy5kZXYvd2luLWZpbmRlci9nY2YtYXJ0aWZhY3RzL3dpbi0tZmluZGVyX19ldXJvcGUtLXdlc3QxX191cGRhdGVfcmVzdWx0czp2ZXJzaW9uXzEY4aGlv/YTIkJwcm9qZWN0cy93aW4tZmluZGVyL2xvY2F0aW9ucy9ldXJvcGUtd2VzdDEvZnVuY3Rpb25zL3VwZGF0ZVJlc3VsdHMqCwjGwaHIBhCogek4Mghub2RlanMyMjp3CiNnY3IuaW8vZ2FlLXJ1bnRpbWVzL25vZGVqczIyOnN0YWJsZRJQZXVyb3BlLXdlc3QxLWRvY2tlci5wa2cuZGV2L3NlcnZlcmxlc3MtcnVudGltZXMvZ29vZ2xlLTIyLWZ1bGwvcnVudGltZXMvbm9kZWpzMjJAAQ== for region europe-west1
[debug] [2025-11-03T07:59:07.591Z] <<< [apiv2][status] GET https://cloudfunctions.googleapis.com/v2/projects/win-finder/locations/europe-west1/operations/operation-1762156746689-642ac16ecca5a-77f8973f-562fb42f 200
[debug] [2025-11-03T07:59:07.591Z] <<< [apiv2][body] GET https://cloudfunctions.googleapis.com/v2/projects/win-finder/locations/europe-west1/operations/operation-1762156746689-642ac16ecca5a-77f8973f-562fb42f {"name":"projects/win-finder/locations/europe-west1/operations/operation-1762156746689-642ac16ecca5a-77f8973f-562fb42f","metadata":{"@type":"type.googleapis.com/google.cloud.functions.v2.OperationMetadata","createTime":"2025-11-03T07:59:07.506227887Z","target":"projects/win-finder/locations/europe-west1/functions/cleanDatabase","verb":"update","cancelRequested":false,"apiVersion":"v2","requestResource":{"@type":"type.googleapis.com/google.cloud.functions.v2.Function","name":"projects/win-finder/locations/europe-west1/functions/cleanDatabase","buildConfig":{"runtime":"nodejs22","entryPoint":"cleanDatabase","source":{"storageSource":{"bucket":"gcf-v2-sources-684643143905-europe-west1","object":"cleanDatabase/function-source.zip","generation":"1762156747470960"}},"environmentVariables":{"GOOGLE_NODE_RUN_SCRIPTS":""},"dockerRepository":"projects/win-finder/locations/europe-west1/repositories/gcf-artifacts","sourceProvenance":{"resolvedStorageSource":{"bucket":"gcf-v2-sources-684643143905-europe-west1","object":"cleanDatabase/function-source.zip","generation":"1762156296925535"}},"dockerRegistry":"ARTIFACT_REGISTRY","sourceToken":"Clhwcm9qZWN0cy82ODQ2NDMxNDM5MDUvbG9jYXRpb25zL2V1cm9wZS13ZXN0MS9idWlsZHMvOWUzZmRiNjUtNTBlNS00YjEwLTgyZDgtOTBmYzVmMTc0MWIyEmlldXJvcGUtd2VzdDEtZG9ja2VyLnBrZy5kZXYvd2luLWZpbmRlci9nY2YtYXJ0aWZhY3RzL3dpbi0tZmluZGVyX19ldXJvcGUtLXdlc3QxX191cGRhdGVfcmVzdWx0czp2ZXJzaW9uXzEY4aGlv/YTIkJwcm9qZWN0cy93aW4tZmluZGVyL2xvY2F0aW9ucy9ldXJvcGUtd2VzdDEvZnVuY3Rpb25zL3VwZGF0ZVJlc3VsdHMqCwjGwaHIBhCogek4Mghub2RlanMyMjp3CiNnY3IuaW8vZ2FlLXJ1bnRpbWVzL25vZGVqczIyOnN0YWJsZRJQZXVyb3BlLXdlc3QxLWRvY2tlci5wa2cuZGV2L3NlcnZlcmxlc3MtcnVudGltZXMvZ29vZ2xlLTIyLWZ1bGwvcnVudGltZXMvbm9kZWpzMjJAAQ==","serviceAccount":"projects/win-finder/serviceAccounts/684643143905-compute@developer.gserviceaccount.com","automaticUpdatePolicy":{}},"serviceConfig":{"service":"projects/win-finder/locations/europe-west1/services/cleandatabase","timeoutSeconds":60,"environmentVariables":{"FIREBASE_CONFIG":"{\"projectId\":\"win-finder\",\"storageBucket\":\"win-finder.firebasestorage.app\"}","GCLOUD_PROJECT":"win-finder","EVENTARC_CLOUD_EVENT_SOURCE":"projects/win-finder/locations/europe-west1/services/cleanDatabase","FUNCTION_TARGET":"cleanDatabase","LOG_EXECUTION_ID":"true","FUNCTION_SIGNATURE_TYPE":"http"},"ingressSettings":"ALLOW_ALL","uri":"https://cleandatabase-jfm2n322wq-ew.a.run.app","serviceAccountEmail":"684643143905-compute@developer.gserviceaccount.com","availableMemory":"256Mi","allTrafficOnLatestRevision":true,"revision":"cleandatabase-00002-dil","maxInstanceRequestConcurrency":80,"availableCpu":"1"},"state":"ACTIVE","labels":{"deployment-tool":"cli-firebase","deployment-scheduled":"true","firebase-functions-hash":"501bec4c58a3847a330558b138190fe8b8e1ca36"},"environment":"GEN_2","url":"https://europe-west1-win-finder.cloudfunctions.net/cleanDatabase","satisfiesPzi":true},"stages":[{"name":"BUILD","state":"NOT_STARTED"},{"name":"SERVICE","state":"NOT_STARTED"}],"sourceToken":"Clhwcm9qZWN0cy82ODQ2NDMxNDM5MDUvbG9jYXRpb25zL2V1cm9wZS13ZXN0MS9idWlsZHMvOWUzZmRiNjUtNTBlNS00YjEwLTgyZDgtOTBmYzVmMTc0MWIyEmlldXJvcGUtd2VzdDEtZG9ja2VyLnBrZy5kZXYvd2luLWZpbmRlci9nY2YtYXJ0aWZhY3RzL3dpbi0tZmluZGVyX19ldXJvcGUtLXdlc3QxX191cGRhdGVfcmVzdWx0czp2ZXJzaW9uXzEY4aGlv/YTIkJwcm9qZWN0cy93aW4tZmluZGVyL2xvY2F0aW9ucy9ldXJvcGUtd2VzdDEvZnVuY3Rpb25zL3VwZGF0ZVJlc3VsdHMqCwjGwaHIBhCogek4Mghub2RlanMyMjp3CiNnY3IuaW8vZ2FlLXJ1bnRpbWVzL25vZGVqczIyOnN0YWJsZRJQZXVyb3BlLXdlc3QxLWRvY2tlci5wa2cuZGV2L3NlcnZlcmxlc3MtcnVudGltZXMvZ29vZ2xlLTIyLWZ1bGwvcnVudGltZXMvbm9kZWpzMjJAAQ==","operationType":"UPDATE_FUNCTION"},"done":false}
[debug] [2025-11-03T07:59:07.591Z] Got source token Clhwcm9qZWN0cy82ODQ2NDMxNDM5MDUvbG9jYXRpb25zL2V1cm9wZS13ZXN0MS9idWlsZHMvOWUzZmRiNjUtNTBlNS00YjEwLTgyZDgtOTBmYzVmMTc0MWIyEmlldXJvcGUtd2VzdDEtZG9ja2VyLnBrZy5kZXYvd2luLWZpbmRlci9nY2YtYXJ0aWZhY3RzL3dpbi0tZmluZGVyX19ldXJvcGUtLXdlc3QxX191cGRhdGVfcmVzdWx0czp2ZXJzaW9uXzEY4aGlv/YTIkJwcm9qZWN0cy93aW4tZmluZGVyL2xvY2F0aW9ucy9ldXJvcGUtd2VzdDEvZnVuY3Rpb25zL3VwZGF0ZVJlc3VsdHMqCwjGwaHIBhCogek4Mghub2RlanMyMjp3CiNnY3IuaW8vZ2FlLXJ1bnRpbWVzL25vZGVqczIyOnN0YWJsZRJQZXVyb3BlLXdlc3QxLWRvY2tlci5wa2cuZGV2L3NlcnZlcmxlc3MtcnVudGltZXMvZ29vZ2xlLTIyLWZ1bGwvcnVudGltZXMvbm9kZWpzMjJAAQ== for region europe-west1
[debug] [2025-11-03T07:59:08.055Z] [update-default-europe-west1-updateStandings] Retrying task index 0
[debug] [2025-11-03T07:59:08.056Z] Checked if tokens are valid: true, expires at: 1762158412358
[debug] [2025-11-03T07:59:08.056Z] Checked if tokens are valid: true, expires at: 1762158412358
[debug] [2025-11-03T07:59:08.057Z] >>> [apiv2][query] GET https://cloudfunctions.googleapis.com/v2/projects/win-finder/locations/europe-west1/operations/operation-1762156746554-642ac16eabc28-4a5c0406-d6dfa2ea [none]
[debug] [2025-11-03T07:59:08.093Z] [update-default-europe-west1-cleanDatabase] Retrying task index 0
[debug] [2025-11-03T07:59:08.094Z] Checked if tokens are valid: true, expires at: 1762158412358
[debug] [2025-11-03T07:59:08.094Z] Checked if tokens are valid: true, expires at: 1762158412358
[debug] [2025-11-03T07:59:08.095Z] >>> [apiv2][query] GET https://cloudfunctions.googleapis.com/v2/projects/win-finder/locations/europe-west1/operations/operation-1762156746689-642ac16ecca5a-77f8973f-562fb42f [none]
[debug] [2025-11-03T07:59:08.171Z] <<< [apiv2][status] GET https://cloudfunctions.googleapis.com/v2/projects/win-finder/locations/europe-west1/operations/operation-1762156746554-642ac16eabc28-4a5c0406-d6dfa2ea 200
[debug] [2025-11-03T07:59:08.171Z] <<< [apiv2][body] GET https://cloudfunctions.googleapis.com/v2/projects/win-finder/locations/europe-west1/operations/operation-1762156746554-642ac16eabc28-4a5c0406-d6dfa2ea {"name":"projects/win-finder/locations/europe-west1/operations/operation-1762156746554-642ac16eabc28-4a5c0406-d6dfa2ea","metadata":{"@type":"type.googleapis.com/google.cloud.functions.v2.OperationMetadata","createTime":"2025-11-03T07:59:07.454599006Z","target":"projects/win-finder/locations/europe-west1/functions/updateStandings","verb":"update","cancelRequested":false,"apiVersion":"v2","requestResource":{"@type":"type.googleapis.com/google.cloud.functions.v2.Function","name":"projects/win-finder/locations/europe-west1/functions/updateStandings","buildConfig":{"runtime":"nodejs22","entryPoint":"updateStandings","source":{"storageSource":{"bucket":"gcf-v2-sources-684643143905-europe-west1","object":"updateStandings/function-source.zip","generation":"1762156747410020"}},"environmentVariables":{"GOOGLE_NODE_RUN_SCRIPTS":""},"dockerRepository":"projects/win-finder/locations/europe-west1/repositories/gcf-artifacts","sourceProvenance":{"resolvedStorageSource":{"bucket":"gcf-v2-sources-684643143905-europe-west1","object":"updateStandings/function-source.zip","generation":"1762156136120801"}},"dockerRegistry":"ARTIFACT_REGISTRY","sourceToken":"Clhwcm9qZWN0cy82ODQ2NDMxNDM5MDUvbG9jYXRpb25zL2V1cm9wZS13ZXN0MS9idWlsZHMvOWUzZmRiNjUtNTBlNS00YjEwLTgyZDgtOTBmYzVmMTc0MWIyEmlldXJvcGUtd2VzdDEtZG9ja2VyLnBrZy5kZXYvd2luLWZpbmRlci9nY2YtYXJ0aWZhY3RzL3dpbi0tZmluZGVyX19ldXJvcGUtLXdlc3QxX191cGRhdGVfcmVzdWx0czp2ZXJzaW9uXzEY4aGlv/YTIkJwcm9qZWN0cy93aW4tZmluZGVyL2xvY2F0aW9ucy9ldXJvcGUtd2VzdDEvZnVuY3Rpb25zL3VwZGF0ZVJlc3VsdHMqCwjGwaHIBhCogek4Mghub2RlanMyMjp3CiNnY3IuaW8vZ2FlLXJ1bnRpbWVzL25vZGVqczIyOnN0YWJsZRJQZXVyb3BlLXdlc3QxLWRvY2tlci5wa2cuZGV2L3NlcnZlcmxlc3MtcnVudGltZXMvZ29vZ2xlLTIyLWZ1bGwvcnVudGltZXMvbm9kZWpzMjJAAQ==","serviceAccount":"projects/win-finder/serviceAccounts/684643143905-compute@developer.gserviceaccount.com","automaticUpdatePolicy":{}},"serviceConfig":{"service":"projects/win-finder/locations/europe-west1/services/updatestandings","timeoutSeconds":60,"environmentVariables":{"FIREBASE_CONFIG":"{\"projectId\":\"win-finder\",\"storageBucket\":\"win-finder.firebasestorage.app\"}","GCLOUD_PROJECT":"win-finder","EVENTARC_CLOUD_EVENT_SOURCE":"projects/win-finder/locations/europe-west1/services/updateStandings","FUNCTION_TARGET":"updateStandings","LOG_EXECUTION_ID":"true","FUNCTION_SIGNATURE_TYPE":"http"},"ingressSettings":"ALLOW_ALL","uri":"https://updatestandings-jfm2n322wq-ew.a.run.app","serviceAccountEmail":"684643143905-compute@developer.gserviceaccount.com","availableMemory":"256Mi","allTrafficOnLatestRevision":true,"revision":"updatestandings-00001-niy","maxInstanceRequestConcurrency":80,"availableCpu":"1"},"state":"ACTIVE","labels":{"deployment-tool":"cli-firebase","deployment-scheduled":"true","firebase-functions-hash":"501bec4c58a3847a330558b138190fe8b8e1ca36"},"environment":"GEN_2","url":"https://europe-west1-win-finder.cloudfunctions.net/updateStandings","satisfiesPzi":true},"stages":[{"name":"BUILD","message":"Reusing build","state":"COMPLETE","resource":"projects/684643143905/locations/europe-west1/builds/9e3fdb65-50e5-4b10-82d8-90fc5f1741b2"},{"name":"SERVICE","state":"NOT_STARTED"}],"sourceToken":"Clhwcm9qZWN0cy82ODQ2NDMxNDM5MDUvbG9jYXRpb25zL2V1cm9wZS13ZXN0MS9idWlsZHMvOWUzZmRiNjUtNTBlNS00YjEwLTgyZDgtOTBmYzVmMTc0MWIyEmlldXJvcGUtd2VzdDEtZG9ja2VyLnBrZy5kZXYvd2luLWZpbmRlci9nY2YtYXJ0aWZhY3RzL3dpbi0tZmluZGVyX19ldXJvcGUtLXdlc3QxX191cGRhdGVfcmVzdWx0czp2ZXJzaW9uXzEY4aGlv/YTIkJwcm9qZWN0cy93aW4tZmluZGVyL2xvY2F0aW9ucy9ldXJvcGUtd2VzdDEvZnVuY3Rpb25zL3VwZGF0ZVJlc3VsdHMqCwjGwaHIBhCogek4Mghub2RlanMyMjp3CiNnY3IuaW8vZ2FlLXJ1bnRpbWVzL25vZGVqczIyOnN0YWJsZRJQZXVyb3BlLXdlc3QxLWRvY2tlci5wa2cuZGV2L3NlcnZlcmxlc3MtcnVudGltZXMvZ29vZ2xlLTIyLWZ1bGwvcnVudGltZXMvbm9kZWpzMjJAAQ==","operationType":"UPDATE_FUNCTION","buildName":"projects/684643143905/locations/europe-west1/builds/9e3fdb65-50e5-4b10-82d8-90fc5f1741b2"},"done":false}
[debug] [2025-11-03T07:59:08.171Z] Got source token Clhwcm9qZWN0cy82ODQ2NDMxNDM5MDUvbG9jYXRpb25zL2V1cm9wZS13ZXN0MS9idWlsZHMvOWUzZmRiNjUtNTBlNS00YjEwLTgyZDgtOTBmYzVmMTc0MWIyEmlldXJvcGUtd2VzdDEtZG9ja2VyLnBrZy5kZXYvd2luLWZpbmRlci9nY2YtYXJ0aWZhY3RzL3dpbi0tZmluZGVyX19ldXJvcGUtLXdlc3QxX191cGRhdGVfcmVzdWx0czp2ZXJzaW9uXzEY4aGlv/YTIkJwcm9qZWN0cy93aW4tZmluZGVyL2xvY2F0aW9ucy9ldXJvcGUtd2VzdDEvZnVuY3Rpb25zL3VwZGF0ZVJlc3VsdHMqCwjGwaHIBhCogek4Mghub2RlanMyMjp3CiNnY3IuaW8vZ2FlLXJ1bnRpbWVzL25vZGVqczIyOnN0YWJsZRJQZXVyb3BlLXdlc3QxLWRvY2tlci5wa2cuZGV2L3NlcnZlcmxlc3MtcnVudGltZXMvZ29vZ2xlLTIyLWZ1bGwvcnVudGltZXMvbm9kZWpzMjJAAQ== for region europe-west1
[debug] [2025-11-03T07:59:08.232Z] <<< [apiv2][status] GET https://cloudfunctions.googleapis.com/v2/projects/win-finder/locations/europe-west1/operations/operation-1762156746689-642ac16ecca5a-77f8973f-562fb42f 200
[debug] [2025-11-03T07:59:08.232Z] <<< [apiv2][body] GET https://cloudfunctions.googleapis.com/v2/projects/win-finder/locations/europe-west1/operations/operation-1762156746689-642ac16ecca5a-77f8973f-562fb42f {"name":"projects/win-finder/locations/europe-west1/operations/operation-1762156746689-642ac16ecca5a-77f8973f-562fb42f","metadata":{"@type":"type.googleapis.com/google.cloud.functions.v2.OperationMetadata","createTime":"2025-11-03T07:59:07.506227887Z","target":"projects/win-finder/locations/europe-west1/functions/cleanDatabase","verb":"update","cancelRequested":false,"apiVersion":"v2","requestResource":{"@type":"type.googleapis.com/google.cloud.functions.v2.Function","name":"projects/win-finder/locations/europe-west1/functions/cleanDatabase","buildConfig":{"runtime":"nodejs22","entryPoint":"cleanDatabase","source":{"storageSource":{"bucket":"gcf-v2-sources-684643143905-europe-west1","object":"cleanDatabase/function-source.zip","generation":"1762156747470960"}},"environmentVariables":{"GOOGLE_NODE_RUN_SCRIPTS":""},"dockerRepository":"projects/win-finder/locations/europe-west1/repositories/gcf-artifacts","sourceProvenance":{"resolvedStorageSource":{"bucket":"gcf-v2-sources-684643143905-europe-west1","object":"cleanDatabase/function-source.zip","generation":"1762156296925535"}},"dockerRegistry":"ARTIFACT_REGISTRY","sourceToken":"Clhwcm9qZWN0cy82ODQ2NDMxNDM5MDUvbG9jYXRpb25zL2V1cm9wZS13ZXN0MS9idWlsZHMvOWUzZmRiNjUtNTBlNS00YjEwLTgyZDgtOTBmYzVmMTc0MWIyEmlldXJvcGUtd2VzdDEtZG9ja2VyLnBrZy5kZXYvd2luLWZpbmRlci9nY2YtYXJ0aWZhY3RzL3dpbi0tZmluZGVyX19ldXJvcGUtLXdlc3QxX191cGRhdGVfcmVzdWx0czp2ZXJzaW9uXzEY4aGlv/YTIkJwcm9qZWN0cy93aW4tZmluZGVyL2xvY2F0aW9ucy9ldXJvcGUtd2VzdDEvZnVuY3Rpb25zL3VwZGF0ZVJlc3VsdHMqCwjGwaHIBhCogek4Mghub2RlanMyMjp3CiNnY3IuaW8vZ2FlLXJ1bnRpbWVzL25vZGVqczIyOnN0YWJsZRJQZXVyb3BlLXdlc3QxLWRvY2tlci5wa2cuZGV2L3NlcnZlcmxlc3MtcnVudGltZXMvZ29vZ2xlLTIyLWZ1bGwvcnVudGltZXMvbm9kZWpzMjJAAQ==","serviceAccount":"projects/win-finder/serviceAccounts/684643143905-compute@developer.gserviceaccount.com","automaticUpdatePolicy":{}},"serviceConfig":{"service":"projects/win-finder/locations/europe-west1/services/cleandatabase","timeoutSeconds":60,"environmentVariables":{"FIREBASE_CONFIG":"{\"projectId\":\"win-finder\",\"storageBucket\":\"win-finder.firebasestorage.app\"}","GCLOUD_PROJECT":"win-finder","EVENTARC_CLOUD_EVENT_SOURCE":"projects/win-finder/locations/europe-west1/services/cleanDatabase","FUNCTION_TARGET":"cleanDatabase","LOG_EXECUTION_ID":"true","FUNCTION_SIGNATURE_TYPE":"http"},"ingressSettings":"ALLOW_ALL","uri":"https://cleandatabase-jfm2n322wq-ew.a.run.app","serviceAccountEmail":"684643143905-compute@developer.gserviceaccount.com","availableMemory":"256Mi","allTrafficOnLatestRevision":true,"revision":"cleandatabase-00002-dil","maxInstanceRequestConcurrency":80,"availableCpu":"1"},"state":"ACTIVE","labels":{"deployment-tool":"cli-firebase","deployment-scheduled":"true","firebase-functions-hash":"501bec4c58a3847a330558b138190fe8b8e1ca36"},"environment":"GEN_2","url":"https://europe-west1-win-finder.cloudfunctions.net/cleanDatabase","satisfiesPzi":true},"stages":[{"name":"BUILD","message":"Reusing build","state":"COMPLETE","resource":"projects/684643143905/locations/europe-west1/builds/9e3fdb65-50e5-4b10-82d8-90fc5f1741b2"},{"name":"SERVICE","state":"NOT_STARTED"}],"sourceToken":"Clhwcm9qZWN0cy82ODQ2NDMxNDM5MDUvbG9jYXRpb25zL2V1cm9wZS13ZXN0MS9idWlsZHMvOWUzZmRiNjUtNTBlNS00YjEwLTgyZDgtOTBmYzVmMTc0MWIyEmlldXJvcGUtd2VzdDEtZG9ja2VyLnBrZy5kZXYvd2luLWZpbmRlci9nY2YtYXJ0aWZhY3RzL3dpbi0tZmluZGVyX19ldXJvcGUtLXdlc3QxX191cGRhdGVfcmVzdWx0czp2ZXJzaW9uXzEY4aGlv/YTIkJwcm9qZWN0cy93aW4tZmluZGVyL2xvY2F0aW9ucy9ldXJvcGUtd2VzdDEvZnVuY3Rpb25zL3VwZGF0ZVJlc3VsdHMqCwjGwaHIBhCogek4Mghub2RlanMyMjp3CiNnY3IuaW8vZ2FlLXJ1bnRpbWVzL25vZGVqczIyOnN0YWJsZRJQZXVyb3BlLXdlc3QxLWRvY2tlci5wa2cuZGV2L3NlcnZlcmxlc3MtcnVudGltZXMvZ29vZ2xlLTIyLWZ1bGwvcnVudGltZXMvbm9kZWpzMjJAAQ==","operationType":"UPDATE_FUNCTION","buildName":"projects/684643143905/locations/europe-west1/builds/9e3fdb65-50e5-4b10-82d8-90fc5f1741b2"},"done":false}
[debug] [2025-11-03T07:59:08.233Z] Got source token Clhwcm9qZWN0cy82ODQ2NDMxNDM5MDUvbG9jYXRpb25zL2V1cm9wZS13ZXN0MS9idWlsZHMvOWUzZmRiNjUtNTBlNS00YjEwLTgyZDgtOTBmYzVmMTc0MWIyEmlldXJvcGUtd2VzdDEtZG9ja2VyLnBrZy5kZXYvd2luLWZpbmRlci9nY2YtYXJ0aWZhY3RzL3dpbi0tZmluZGVyX19ldXJvcGUtLXdlc3QxX191cGRhdGVfcmVzdWx0czp2ZXJzaW9uXzEY4aGlv/YTIkJwcm9qZWN0cy93aW4tZmluZGVyL2xvY2F0aW9ucy9ldXJvcGUtd2VzdDEvZnVuY3Rpb25zL3VwZGF0ZVJlc3VsdHMqCwjGwaHIBhCogek4Mghub2RlanMyMjp3CiNnY3IuaW8vZ2FlLXJ1bnRpbWVzL25vZGVqczIyOnN0YWJsZRJQZXVyb3BlLXdlc3QxLWRvY2tlci5wa2cuZGV2L3NlcnZlcmxlc3MtcnVudGltZXMvZ29vZ2xlLTIyLWZ1bGwvcnVudGltZXMvbm9kZWpzMjJAAQ== for region europe-west1
[debug] [2025-11-03T07:59:09.173Z] [update-default-europe-west1-updateStandings] Retrying task index 0
[debug] [2025-11-03T07:59:09.175Z] Checked if tokens are valid: true, expires at: 1762158412358
[debug] [2025-11-03T07:59:09.175Z] Checked if tokens are valid: true, expires at: 1762158412358
[debug] [2025-11-03T07:59:09.175Z] >>> [apiv2][query] GET https://cloudfunctions.googleapis.com/v2/projects/win-finder/locations/europe-west1/operations/operation-1762156746554-642ac16eabc28-4a5c0406-d6dfa2ea [none]
[debug] [2025-11-03T07:59:09.234Z] [update-default-europe-west1-cleanDatabase] Retrying task index 0
[debug] [2025-11-03T07:59:09.235Z] Checked if tokens are valid: true, expires at: 1762158412358
[debug] [2025-11-03T07:59:09.235Z] Checked if tokens are valid: true, expires at: 1762158412358
[debug] [2025-11-03T07:59:09.236Z] >>> [apiv2][query] GET https://cloudfunctions.googleapis.com/v2/projects/win-finder/locations/europe-west1/operations/operation-1762156746689-642ac16ecca5a-77f8973f-562fb42f [none]
[debug] [2025-11-03T07:59:09.326Z] <<< [apiv2][status] GET https://cloudfunctions.googleapis.com/v2/projects/win-finder/locations/europe-west1/operations/operation-1762156746554-642ac16eabc28-4a5c0406-d6dfa2ea 200
[debug] [2025-11-03T07:59:09.326Z] <<< [apiv2][body] GET https://cloudfunctions.googleapis.com/v2/projects/win-finder/locations/europe-west1/operations/operation-1762156746554-642ac16eabc28-4a5c0406-d6dfa2ea {"name":"projects/win-finder/locations/europe-west1/operations/operation-1762156746554-642ac16eabc28-4a5c0406-d6dfa2ea","metadata":{"@type":"type.googleapis.com/google.cloud.functions.v2.OperationMetadata","createTime":"2025-11-03T07:59:07.454599006Z","target":"projects/win-finder/locations/europe-west1/functions/updateStandings","verb":"update","cancelRequested":false,"apiVersion":"v2","requestResource":{"@type":"type.googleapis.com/google.cloud.functions.v2.Function","name":"projects/win-finder/locations/europe-west1/functions/updateStandings","buildConfig":{"runtime":"nodejs22","entryPoint":"updateStandings","source":{"storageSource":{"bucket":"gcf-v2-sources-684643143905-europe-west1","object":"updateStandings/function-source.zip","generation":"1762156747410020"}},"environmentVariables":{"GOOGLE_NODE_RUN_SCRIPTS":""},"dockerRepository":"projects/win-finder/locations/europe-west1/repositories/gcf-artifacts","sourceProvenance":{"resolvedStorageSource":{"bucket":"gcf-v2-sources-684643143905-europe-west1","object":"updateStandings/function-source.zip","generation":"1762156136120801"}},"dockerRegistry":"ARTIFACT_REGISTRY","sourceToken":"Clhwcm9qZWN0cy82ODQ2NDMxNDM5MDUvbG9jYXRpb25zL2V1cm9wZS13ZXN0MS9idWlsZHMvOWUzZmRiNjUtNTBlNS00YjEwLTgyZDgtOTBmYzVmMTc0MWIyEmlldXJvcGUtd2VzdDEtZG9ja2VyLnBrZy5kZXYvd2luLWZpbmRlci9nY2YtYXJ0aWZhY3RzL3dpbi0tZmluZGVyX19ldXJvcGUtLXdlc3QxX191cGRhdGVfcmVzdWx0czp2ZXJzaW9uXzEY4aGlv/YTIkJwcm9qZWN0cy93aW4tZmluZGVyL2xvY2F0aW9ucy9ldXJvcGUtd2VzdDEvZnVuY3Rpb25zL3VwZGF0ZVJlc3VsdHMqCwjGwaHIBhCogek4Mghub2RlanMyMjp3CiNnY3IuaW8vZ2FlLXJ1bnRpbWVzL25vZGVqczIyOnN0YWJsZRJQZXVyb3BlLXdlc3QxLWRvY2tlci5wa2cuZGV2L3NlcnZlcmxlc3MtcnVudGltZXMvZ29vZ2xlLTIyLWZ1bGwvcnVudGltZXMvbm9kZWpzMjJAAQ==","serviceAccount":"projects/win-finder/serviceAccounts/684643143905-compute@developer.gserviceaccount.com","automaticUpdatePolicy":{}},"serviceConfig":{"service":"projects/win-finder/locations/europe-west1/services/updatestandings","timeoutSeconds":60,"environmentVariables":{"FIREBASE_CONFIG":"{\"projectId\":\"win-finder\",\"storageBucket\":\"win-finder.firebasestorage.app\"}","GCLOUD_PROJECT":"win-finder","EVENTARC_CLOUD_EVENT_SOURCE":"projects/win-finder/locations/europe-west1/services/updateStandings","FUNCTION_TARGET":"updateStandings","LOG_EXECUTION_ID":"true","FUNCTION_SIGNATURE_TYPE":"http"},"ingressSettings":"ALLOW_ALL","uri":"https://updatestandings-jfm2n322wq-ew.a.run.app","serviceAccountEmail":"684643143905-compute@developer.gserviceaccount.com","availableMemory":"256Mi","allTrafficOnLatestRevision":true,"revision":"updatestandings-00001-niy","maxInstanceRequestConcurrency":80,"availableCpu":"1"},"state":"ACTIVE","labels":{"deployment-tool":"cli-firebase","deployment-scheduled":"true","firebase-functions-hash":"501bec4c58a3847a330558b138190fe8b8e1ca36"},"environment":"GEN_2","url":"https://europe-west1-win-finder.cloudfunctions.net/updateStandings","satisfiesPzi":true},"stages":[{"name":"BUILD","message":"Reusing build","state":"COMPLETE","resource":"projects/684643143905/locations/europe-west1/builds/9e3fdb65-50e5-4b10-82d8-90fc5f1741b2"},{"name":"SERVICE","message":"Updating Cloud Run service","state":"IN_PROGRESS","resource":"projects/win-finder/locations/europe-west1/services/updatestandings","resourceUri":"https://console.cloud.google.com/run/detail/europe-west1/updatestandings?project=win-finder","stateMessages":[{"severity":"INFO","type":"CloudRunServiceNewRevisionTrafficInfo","message":"A new revision will be deployed serving with 100% traffic."}]}],"sourceToken":"Clhwcm9qZWN0cy82ODQ2NDMxNDM5MDUvbG9jYXRpb25zL2V1cm9wZS13ZXN0MS9idWlsZHMvOWUzZmRiNjUtNTBlNS00YjEwLTgyZDgtOTBmYzVmMTc0MWIyEmlldXJvcGUtd2VzdDEtZG9ja2VyLnBrZy5kZXYvd2luLWZpbmRlci9nY2YtYXJ0aWZhY3RzL3dpbi0tZmluZGVyX19ldXJvcGUtLXdlc3QxX191cGRhdGVfcmVzdWx0czp2ZXJzaW9uXzEY4aGlv/YTIkJwcm9qZWN0cy93aW4tZmluZGVyL2xvY2F0aW9ucy9ldXJvcGUtd2VzdDEvZnVuY3Rpb25zL3VwZGF0ZVJlc3VsdHMqCwjGwaHIBhCogek4Mghub2RlanMyMjp3CiNnY3IuaW8vZ2FlLXJ1bnRpbWVzL25vZGVqczIyOnN0YWJsZRJQZXVyb3BlLXdlc3QxLWRvY2tlci5wa2cuZGV2L3NlcnZlcmxlc3MtcnVudGltZXMvZ29vZ2xlLTIyLWZ1bGwvcnVudGltZXMvbm9kZWpzMjJAAQ==","operationType":"UPDATE_FUNCTION","buildName":"projects/684643143905/locations/europe-west1/builds/9e3fdb65-50e5-4b10-82d8-90fc5f1741b2"},"done":false}
[debug] [2025-11-03T07:59:09.327Z] Got source token Clhwcm9qZWN0cy82ODQ2NDMxNDM5MDUvbG9jYXRpb25zL2V1cm9wZS13ZXN0MS9idWlsZHMvOWUzZmRiNjUtNTBlNS00YjEwLTgyZDgtOTBmYzVmMTc0MWIyEmlldXJvcGUtd2VzdDEtZG9ja2VyLnBrZy5kZXYvd2luLWZpbmRlci9nY2YtYXJ0aWZhY3RzL3dpbi0tZmluZGVyX19ldXJvcGUtLXdlc3QxX191cGRhdGVfcmVzdWx0czp2ZXJzaW9uXzEY4aGlv/YTIkJwcm9qZWN0cy93aW4tZmluZGVyL2xvY2F0aW9ucy9ldXJvcGUtd2VzdDEvZnVuY3Rpb25zL3VwZGF0ZVJlc3VsdHMqCwjGwaHIBhCogek4Mghub2RlanMyMjp3CiNnY3IuaW8vZ2FlLXJ1bnRpbWVzL25vZGVqczIyOnN0YWJsZRJQZXVyb3BlLXdlc3QxLWRvY2tlci5wa2cuZGV2L3NlcnZlcmxlc3MtcnVudGltZXMvZ29vZ2xlLTIyLWZ1bGwvcnVudGltZXMvbm9kZWpzMjJAAQ== for region europe-west1
[debug] [2025-11-03T07:59:09.357Z] <<< [apiv2][status] GET https://cloudfunctions.googleapis.com/v2/projects/win-finder/locations/europe-west1/operations/operation-1762156746689-642ac16ecca5a-77f8973f-562fb42f 200
[debug] [2025-11-03T07:59:09.358Z] <<< [apiv2][body] GET https://cloudfunctions.googleapis.com/v2/projects/win-finder/locations/europe-west1/operations/operation-1762156746689-642ac16ecca5a-77f8973f-562fb42f {"name":"projects/win-finder/locations/europe-west1/operations/operation-1762156746689-642ac16ecca5a-77f8973f-562fb42f","metadata":{"@type":"type.googleapis.com/google.cloud.functions.v2.OperationMetadata","createTime":"2025-11-03T07:59:07.506227887Z","target":"projects/win-finder/locations/europe-west1/functions/cleanDatabase","verb":"update","cancelRequested":false,"apiVersion":"v2","requestResource":{"@type":"type.googleapis.com/google.cloud.functions.v2.Function","name":"projects/win-finder/locations/europe-west1/functions/cleanDatabase","buildConfig":{"runtime":"nodejs22","entryPoint":"cleanDatabase","source":{"storageSource":{"bucket":"gcf-v2-sources-684643143905-europe-west1","object":"cleanDatabase/function-source.zip","generation":"1762156747470960"}},"environmentVariables":{"GOOGLE_NODE_RUN_SCRIPTS":""},"dockerRepository":"projects/win-finder/locations/europe-west1/repositories/gcf-artifacts","sourceProvenance":{"resolvedStorageSource":{"bucket":"gcf-v2-sources-684643143905-europe-west1","object":"cleanDatabase/function-source.zip","generation":"1762156296925535"}},"dockerRegistry":"ARTIFACT_REGISTRY","sourceToken":"Clhwcm9qZWN0cy82ODQ2NDMxNDM5MDUvbG9jYXRpb25zL2V1cm9wZS13ZXN0MS9idWlsZHMvOWUzZmRiNjUtNTBlNS00YjEwLTgyZDgtOTBmYzVmMTc0MWIyEmlldXJvcGUtd2VzdDEtZG9ja2VyLnBrZy5kZXYvd2luLWZpbmRlci9nY2YtYXJ0aWZhY3RzL3dpbi0tZmluZGVyX19ldXJvcGUtLXdlc3QxX191cGRhdGVfcmVzdWx0czp2ZXJzaW9uXzEY4aGlv/YTIkJwcm9qZWN0cy93aW4tZmluZGVyL2xvY2F0aW9ucy9ldXJvcGUtd2VzdDEvZnVuY3Rpb25zL3VwZGF0ZVJlc3VsdHMqCwjGwaHIBhCogek4Mghub2RlanMyMjp3CiNnY3IuaW8vZ2FlLXJ1bnRpbWVzL25vZGVqczIyOnN0YWJsZRJQZXVyb3BlLXdlc3QxLWRvY2tlci5wa2cuZGV2L3NlcnZlcmxlc3MtcnVudGltZXMvZ29vZ2xlLTIyLWZ1bGwvcnVudGltZXMvbm9kZWpzMjJAAQ==","serviceAccount":"projects/win-finder/serviceAccounts/684643143905-compute@developer.gserviceaccount.com","automaticUpdatePolicy":{}},"serviceConfig":{"service":"projects/win-finder/locations/europe-west1/services/cleandatabase","timeoutSeconds":60,"environmentVariables":{"FIREBASE_CONFIG":"{\"projectId\":\"win-finder\",\"storageBucket\":\"win-finder.firebasestorage.app\"}","GCLOUD_PROJECT":"win-finder","EVENTARC_CLOUD_EVENT_SOURCE":"projects/win-finder/locations/europe-west1/services/cleanDatabase","FUNCTION_TARGET":"cleanDatabase","LOG_EXECUTION_ID":"true","FUNCTION_SIGNATURE_TYPE":"http"},"ingressSettings":"ALLOW_ALL","uri":"https://cleandatabase-jfm2n322wq-ew.a.run.app","serviceAccountEmail":"684643143905-compute@developer.gserviceaccount.com","availableMemory":"256Mi","allTrafficOnLatestRevision":true,"revision":"cleandatabase-00002-dil","maxInstanceRequestConcurrency":80,"availableCpu":"1"},"state":"ACTIVE","labels":{"deployment-tool":"cli-firebase","deployment-scheduled":"true","firebase-functions-hash":"501bec4c58a3847a330558b138190fe8b8e1ca36"},"environment":"GEN_2","url":"https://europe-west1-win-finder.cloudfunctions.net/cleanDatabase","satisfiesPzi":true},"stages":[{"name":"BUILD","message":"Reusing build","state":"COMPLETE","resource":"projects/684643143905/locations/europe-west1/builds/9e3fdb65-50e5-4b10-82d8-90fc5f1741b2"},{"name":"SERVICE","message":"Updating Cloud Run service","state":"IN_PROGRESS","resource":"projects/win-finder/locations/europe-west1/services/cleandatabase","resourceUri":"https://console.cloud.google.com/run/detail/europe-west1/cleandatabase?project=win-finder","stateMessages":[{"severity":"INFO","type":"CloudRunServiceNewRevisionTrafficInfo","message":"A new revision will be deployed serving with 100% traffic."}]}],"sourceToken":"Clhwcm9qZWN0cy82ODQ2NDMxNDM5MDUvbG9jYXRpb25zL2V1cm9wZS13ZXN0MS9idWlsZHMvOWUzZmRiNjUtNTBlNS00YjEwLTgyZDgtOTBmYzVmMTc0MWIyEmlldXJvcGUtd2VzdDEtZG9ja2VyLnBrZy5kZXYvd2luLWZpbmRlci9nY2YtYXJ0aWZhY3RzL3dpbi0tZmluZGVyX19ldXJvcGUtLXdlc3QxX191cGRhdGVfcmVzdWx0czp2ZXJzaW9uXzEY4aGlv/YTIkJwcm9qZWN0cy93aW4tZmluZGVyL2xvY2F0aW9ucy9ldXJvcGUtd2VzdDEvZnVuY3Rpb25zL3VwZGF0ZVJlc3VsdHMqCwjGwaHIBhCogek4Mghub2RlanMyMjp3CiNnY3IuaW8vZ2FlLXJ1bnRpbWVzL25vZGVqczIyOnN0YWJsZRJQZXVyb3BlLXdlc3QxLWRvY2tlci5wa2cuZGV2L3NlcnZlcmxlc3MtcnVudGltZXMvZ29vZ2xlLTIyLWZ1bGwvcnVudGltZXMvbm9kZWpzMjJAAQ==","operationType":"UPDATE_FUNCTION","buildName":"projects/684643143905/locations/europe-west1/builds/9e3fdb65-50e5-4b10-82d8-90fc5f1741b2"},"done":false}
[debug] [2025-11-03T07:59:09.358Z] Got source token Clhwcm9qZWN0cy82ODQ2NDMxNDM5MDUvbG9jYXRpb25zL2V1cm9wZS13ZXN0MS9idWlsZHMvOWUzZmRiNjUtNTBlNS00YjEwLTgyZDgtOTBmYzVmMTc0MWIyEmlldXJvcGUtd2VzdDEtZG9ja2VyLnBrZy5kZXYvd2luLWZpbmRlci9nY2YtYXJ0aWZhY3RzL3dpbi0tZmluZGVyX19ldXJvcGUtLXdlc3QxX191cGRhdGVfcmVzdWx0czp2ZXJzaW9uXzEY4aGlv/YTIkJwcm9qZWN0cy93aW4tZmluZGVyL2xvY2F0aW9ucy9ldXJvcGUtd2VzdDEvZnVuY3Rpb25zL3VwZGF0ZVJlc3VsdHMqCwjGwaHIBhCogek4Mghub2RlanMyMjp3CiNnY3IuaW8vZ2FlLXJ1bnRpbWVzL25vZGVqczIyOnN0YWJsZRJQZXVyb3BlLXdlc3QxLWRvY2tlci5wa2cuZGV2L3NlcnZlcmxlc3MtcnVudGltZXMvZ29vZ2xlLTIyLWZ1bGwvcnVudGltZXMvbm9kZWpzMjJAAQ== for region europe-west1
[debug] [2025-11-03T07:59:11.328Z] [update-default-europe-west1-updateStandings] Retrying task index 0
[debug] [2025-11-03T07:59:11.329Z] Checked if tokens are valid: true, expires at: 1762158412358
[debug] [2025-11-03T07:59:11.329Z] Checked if tokens are valid: true, expires at: 1762158412358
[debug] [2025-11-03T07:59:11.330Z] >>> [apiv2][query] GET https://cloudfunctions.googleapis.com/v2/projects/win-finder/locations/europe-west1/operations/operation-1762156746554-642ac16eabc28-4a5c0406-d6dfa2ea [none]
[debug] [2025-11-03T07:59:11.358Z] [update-default-europe-west1-cleanDatabase] Retrying task index 0
[debug] [2025-11-03T07:59:11.360Z] Checked if tokens are valid: true, expires at: 1762158412358
[debug] [2025-11-03T07:59:11.360Z] Checked if tokens are valid: true, expires at: 1762158412358
[debug] [2025-11-03T07:59:11.360Z] >>> [apiv2][query] GET https://cloudfunctions.googleapis.com/v2/projects/win-finder/locations/europe-west1/operations/operation-1762156746689-642ac16ecca5a-77f8973f-562fb42f [none]
[debug] [2025-11-03T07:59:11.477Z] <<< [apiv2][status] GET https://cloudfunctions.googleapis.com/v2/projects/win-finder/locations/europe-west1/operations/operation-1762156746554-642ac16eabc28-4a5c0406-d6dfa2ea 200
[debug] [2025-11-03T07:59:11.478Z] <<< [apiv2][body] GET https://cloudfunctions.googleapis.com/v2/projects/win-finder/locations/europe-west1/operations/operation-1762156746554-642ac16eabc28-4a5c0406-d6dfa2ea {"name":"projects/win-finder/locations/europe-west1/operations/operation-1762156746554-642ac16eabc28-4a5c0406-d6dfa2ea","metadata":{"@type":"type.googleapis.com/google.cloud.functions.v2.OperationMetadata","createTime":"2025-11-03T07:59:07.454599006Z","target":"projects/win-finder/locations/europe-west1/functions/updateStandings","verb":"update","cancelRequested":false,"apiVersion":"v2","requestResource":{"@type":"type.googleapis.com/google.cloud.functions.v2.Function","name":"projects/win-finder/locations/europe-west1/functions/updateStandings","buildConfig":{"runtime":"nodejs22","entryPoint":"updateStandings","source":{"storageSource":{"bucket":"gcf-v2-sources-684643143905-europe-west1","object":"updateStandings/function-source.zip","generation":"1762156747410020"}},"environmentVariables":{"GOOGLE_NODE_RUN_SCRIPTS":""},"dockerRepository":"projects/win-finder/locations/europe-west1/repositories/gcf-artifacts","sourceProvenance":{"resolvedStorageSource":{"bucket":"gcf-v2-sources-684643143905-europe-west1","object":"updateStandings/function-source.zip","generation":"1762156136120801"}},"dockerRegistry":"ARTIFACT_REGISTRY","sourceToken":"Clhwcm9qZWN0cy82ODQ2NDMxNDM5MDUvbG9jYXRpb25zL2V1cm9wZS13ZXN0MS9idWlsZHMvOWUzZmRiNjUtNTBlNS00YjEwLTgyZDgtOTBmYzVmMTc0MWIyEmlldXJvcGUtd2VzdDEtZG9ja2VyLnBrZy5kZXYvd2luLWZpbmRlci9nY2YtYXJ0aWZhY3RzL3dpbi0tZmluZGVyX19ldXJvcGUtLXdlc3QxX191cGRhdGVfcmVzdWx0czp2ZXJzaW9uXzEY4aGlv/YTIkJwcm9qZWN0cy93aW4tZmluZGVyL2xvY2F0aW9ucy9ldXJvcGUtd2VzdDEvZnVuY3Rpb25zL3VwZGF0ZVJlc3VsdHMqCwjGwaHIBhCogek4Mghub2RlanMyMjp3CiNnY3IuaW8vZ2FlLXJ1bnRpbWVzL25vZGVqczIyOnN0YWJsZRJQZXVyb3BlLXdlc3QxLWRvY2tlci5wa2cuZGV2L3NlcnZlcmxlc3MtcnVudGltZXMvZ29vZ2xlLTIyLWZ1bGwvcnVudGltZXMvbm9kZWpzMjJAAQ==","serviceAccount":"projects/win-finder/serviceAccounts/684643143905-compute@developer.gserviceaccount.com","automaticUpdatePolicy":{}},"serviceConfig":{"service":"projects/win-finder/locations/europe-west1/services/updatestandings","timeoutSeconds":60,"environmentVariables":{"FIREBASE_CONFIG":"{\"projectId\":\"win-finder\",\"storageBucket\":\"win-finder.firebasestorage.app\"}","GCLOUD_PROJECT":"win-finder","EVENTARC_CLOUD_EVENT_SOURCE":"projects/win-finder/locations/europe-west1/services/updateStandings","FUNCTION_TARGET":"updateStandings","LOG_EXECUTION_ID":"true","FUNCTION_SIGNATURE_TYPE":"http"},"ingressSettings":"ALLOW_ALL","uri":"https://updatestandings-jfm2n322wq-ew.a.run.app","serviceAccountEmail":"684643143905-compute@developer.gserviceaccount.com","availableMemory":"256Mi","allTrafficOnLatestRevision":true,"revision":"updatestandings-00001-niy","maxInstanceRequestConcurrency":80,"availableCpu":"1"},"state":"ACTIVE","labels":{"deployment-tool":"cli-firebase","deployment-scheduled":"true","firebase-functions-hash":"501bec4c58a3847a330558b138190fe8b8e1ca36"},"environment":"GEN_2","url":"https://europe-west1-win-finder.cloudfunctions.net/updateStandings","satisfiesPzi":true},"stages":[{"name":"BUILD","message":"Reusing build","state":"COMPLETE","resource":"projects/684643143905/locations/europe-west1/builds/9e3fdb65-50e5-4b10-82d8-90fc5f1741b2"},{"name":"SERVICE","message":"Updating Cloud Run service","state":"IN_PROGRESS","resource":"projects/win-finder/locations/europe-west1/services/updatestandings","resourceUri":"https://console.cloud.google.com/run/detail/europe-west1/updatestandings?project=win-finder","stateMessages":[{"severity":"INFO","type":"CloudRunServiceNewRevisionTrafficInfo","message":"A new revision will be deployed serving with 100% traffic."}]}],"sourceToken":"Clhwcm9qZWN0cy82ODQ2NDMxNDM5MDUvbG9jYXRpb25zL2V1cm9wZS13ZXN0MS9idWlsZHMvOWUzZmRiNjUtNTBlNS00YjEwLTgyZDgtOTBmYzVmMTc0MWIyEmlldXJvcGUtd2VzdDEtZG9ja2VyLnBrZy5kZXYvd2luLWZpbmRlci9nY2YtYXJ0aWZhY3RzL3dpbi0tZmluZGVyX19ldXJvcGUtLXdlc3QxX191cGRhdGVfcmVzdWx0czp2ZXJzaW9uXzEY4aGlv/YTIkJwcm9qZWN0cy93aW4tZmluZGVyL2xvY2F0aW9ucy9ldXJvcGUtd2VzdDEvZnVuY3Rpb25zL3VwZGF0ZVJlc3VsdHMqCwjGwaHIBhCogek4Mghub2RlanMyMjp3CiNnY3IuaW8vZ2FlLXJ1bnRpbWVzL25vZGVqczIyOnN0YWJsZRJQZXVyb3BlLXdlc3QxLWRvY2tlci5wa2cuZGV2L3NlcnZlcmxlc3MtcnVudGltZXMvZ29vZ2xlLTIyLWZ1bGwvcnVudGltZXMvbm9kZWpzMjJAAQ==","operationType":"UPDATE_FUNCTION","buildName":"projects/684643143905/locations/europe-west1/builds/9e3fdb65-50e5-4b10-82d8-90fc5f1741b2"},"done":false}
[debug] [2025-11-03T07:59:11.478Z] Got source token Clhwcm9qZWN0cy82ODQ2NDMxNDM5MDUvbG9jYXRpb25zL2V1cm9wZS13ZXN0MS9idWlsZHMvOWUzZmRiNjUtNTBlNS00YjEwLTgyZDgtOTBmYzVmMTc0MWIyEmlldXJvcGUtd2VzdDEtZG9ja2VyLnBrZy5kZXYvd2luLWZpbmRlci9nY2YtYXJ0aWZhY3RzL3dpbi0tZmluZGVyX19ldXJvcGUtLXdlc3QxX191cGRhdGVfcmVzdWx0czp2ZXJzaW9uXzEY4aGlv/YTIkJwcm9qZWN0cy93aW4tZmluZGVyL2xvY2F0aW9ucy9ldXJvcGUtd2VzdDEvZnVuY3Rpb25zL3VwZGF0ZVJlc3VsdHMqCwjGwaHIBhCogek4Mghub2RlanMyMjp3CiNnY3IuaW8vZ2FlLXJ1bnRpbWVzL25vZGVqczIyOnN0YWJsZRJQZXVyb3BlLXdlc3QxLWRvY2tlci5wa2cuZGV2L3NlcnZlcmxlc3MtcnVudGltZXMvZ29vZ2xlLTIyLWZ1bGwvcnVudGltZXMvbm9kZWpzMjJAAQ== for region europe-west1
[debug] [2025-11-03T07:59:11.484Z] <<< [apiv2][status] GET https://cloudfunctions.googleapis.com/v2/projects/win-finder/locations/europe-west1/operations/operation-1762156746689-642ac16ecca5a-77f8973f-562fb42f 200
[debug] [2025-11-03T07:59:11.484Z] <<< [apiv2][body] GET https://cloudfunctions.googleapis.com/v2/projects/win-finder/locations/europe-west1/operations/operation-1762156746689-642ac16ecca5a-77f8973f-562fb42f {"name":"projects/win-finder/locations/europe-west1/operations/operation-1762156746689-642ac16ecca5a-77f8973f-562fb42f","metadata":{"@type":"type.googleapis.com/google.cloud.functions.v2.OperationMetadata","createTime":"2025-11-03T07:59:07.506227887Z","target":"projects/win-finder/locations/europe-west1/functions/cleanDatabase","verb":"update","cancelRequested":false,"apiVersion":"v2","requestResource":{"@type":"type.googleapis.com/google.cloud.functions.v2.Function","name":"projects/win-finder/locations/europe-west1/functions/cleanDatabase","buildConfig":{"runtime":"nodejs22","entryPoint":"cleanDatabase","source":{"storageSource":{"bucket":"gcf-v2-sources-684643143905-europe-west1","object":"cleanDatabase/function-source.zip","generation":"1762156747470960"}},"environmentVariables":{"GOOGLE_NODE_RUN_SCRIPTS":""},"dockerRepository":"projects/win-finder/locations/europe-west1/repositories/gcf-artifacts","sourceProvenance":{"resolvedStorageSource":{"bucket":"gcf-v2-sources-684643143905-europe-west1","object":"cleanDatabase/function-source.zip","generation":"1762156296925535"}},"dockerRegistry":"ARTIFACT_REGISTRY","sourceToken":"Clhwcm9qZWN0cy82ODQ2NDMxNDM5MDUvbG9jYXRpb25zL2V1cm9wZS13ZXN0MS9idWlsZHMvOWUzZmRiNjUtNTBlNS00YjEwLTgyZDgtOTBmYzVmMTc0MWIyEmlldXJvcGUtd2VzdDEtZG9ja2VyLnBrZy5kZXYvd2luLWZpbmRlci9nY2YtYXJ0aWZhY3RzL3dpbi0tZmluZGVyX19ldXJvcGUtLXdlc3QxX191cGRhdGVfcmVzdWx0czp2ZXJzaW9uXzEY4aGlv/YTIkJwcm9qZWN0cy93aW4tZmluZGVyL2xvY2F0aW9ucy9ldXJvcGUtd2VzdDEvZnVuY3Rpb25zL3VwZGF0ZVJlc3VsdHMqCwjGwaHIBhCogek4Mghub2RlanMyMjp3CiNnY3IuaW8vZ2FlLXJ1bnRpbWVzL25vZGVqczIyOnN0YWJsZRJQZXVyb3BlLXdlc3QxLWRvY2tlci5wa2cuZGV2L3NlcnZlcmxlc3MtcnVudGltZXMvZ29vZ2xlLTIyLWZ1bGwvcnVudGltZXMvbm9kZWpzMjJAAQ==","serviceAccount":"projects/win-finder/serviceAccounts/684643143905-compute@developer.gserviceaccount.com","automaticUpdatePolicy":{}},"serviceConfig":{"service":"projects/win-finder/locations/europe-west1/services/cleandatabase","timeoutSeconds":60,"environmentVariables":{"FIREBASE_CONFIG":"{\"projectId\":\"win-finder\",\"storageBucket\":\"win-finder.firebasestorage.app\"}","GCLOUD_PROJECT":"win-finder","EVENTARC_CLOUD_EVENT_SOURCE":"projects/win-finder/locations/europe-west1/services/cleanDatabase","FUNCTION_TARGET":"cleanDatabase","LOG_EXECUTION_ID":"true","FUNCTION_SIGNATURE_TYPE":"http"},"ingressSettings":"ALLOW_ALL","uri":"https://cleandatabase-jfm2n322wq-ew.a.run.app","serviceAccountEmail":"684643143905-compute@developer.gserviceaccount.com","availableMemory":"256Mi","allTrafficOnLatestRevision":true,"revision":"cleandatabase-00002-dil","maxInstanceRequestConcurrency":80,"availableCpu":"1"},"state":"ACTIVE","labels":{"deployment-tool":"cli-firebase","deployment-scheduled":"true","firebase-functions-hash":"501bec4c58a3847a330558b138190fe8b8e1ca36"},"environment":"GEN_2","url":"https://europe-west1-win-finder.cloudfunctions.net/cleanDatabase","satisfiesPzi":true},"stages":[{"name":"BUILD","message":"Reusing build","state":"COMPLETE","resource":"projects/684643143905/locations/europe-west1/builds/9e3fdb65-50e5-4b10-82d8-90fc5f1741b2"},{"name":"SERVICE","message":"Updating Cloud Run service","state":"IN_PROGRESS","resource":"projects/win-finder/locations/europe-west1/services/cleandatabase","resourceUri":"https://console.cloud.google.com/run/detail/europe-west1/cleandatabase?project=win-finder","stateMessages":[{"severity":"INFO","type":"CloudRunServiceNewRevisionTrafficInfo","message":"A new revision will be deployed serving with 100% traffic."}]}],"sourceToken":"Clhwcm9qZWN0cy82ODQ2NDMxNDM5MDUvbG9jYXRpb25zL2V1cm9wZS13ZXN0MS9idWlsZHMvOWUzZmRiNjUtNTBlNS00YjEwLTgyZDgtOTBmYzVmMTc0MWIyEmlldXJvcGUtd2VzdDEtZG9ja2VyLnBrZy5kZXYvd2luLWZpbmRlci9nY2YtYXJ0aWZhY3RzL3dpbi0tZmluZGVyX19ldXJvcGUtLXdlc3QxX191cGRhdGVfcmVzdWx0czp2ZXJzaW9uXzEY4aGlv/YTIkJwcm9qZWN0cy93aW4tZmluZGVyL2xvY2F0aW9ucy9ldXJvcGUtd2VzdDEvZnVuY3Rpb25zL3VwZGF0ZVJlc3VsdHMqCwjGwaHIBhCogek4Mghub2RlanMyMjp3CiNnY3IuaW8vZ2FlLXJ1bnRpbWVzL25vZGVqczIyOnN0YWJsZRJQZXVyb3BlLXdlc3QxLWRvY2tlci5wa2cuZGV2L3NlcnZlcmxlc3MtcnVudGltZXMvZ29vZ2xlLTIyLWZ1bGwvcnVudGltZXMvbm9kZWpzMjJAAQ==","operationType":"UPDATE_FUNCTION","buildName":"projects/684643143905/locations/europe-west1/builds/9e3fdb65-50e5-4b10-82d8-90fc5f1741b2"},"done":false}
[debug] [2025-11-03T07:59:11.484Z] Got source token Clhwcm9qZWN0cy82ODQ2NDMxNDM5MDUvbG9jYXRpb25zL2V1cm9wZS13ZXN0MS9idWlsZHMvOWUzZmRiNjUtNTBlNS00YjEwLTgyZDgtOTBmYzVmMTc0MWIyEmlldXJvcGUtd2VzdDEtZG9ja2VyLnBrZy5kZXYvd2luLWZpbmRlci9nY2YtYXJ0aWZhY3RzL3dpbi0tZmluZGVyX19ldXJvcGUtLXdlc3QxX191cGRhdGVfcmVzdWx0czp2ZXJzaW9uXzEY4aGlv/YTIkJwcm9qZWN0cy93aW4tZmluZGVyL2xvY2F0aW9ucy9ldXJvcGUtd2VzdDEvZnVuY3Rpb25zL3VwZGF0ZVJlc3VsdHMqCwjGwaHIBhCogek4Mghub2RlanMyMjp3CiNnY3IuaW8vZ2FlLXJ1bnRpbWVzL25vZGVqczIyOnN0YWJsZRJQZXVyb3BlLXdlc3QxLWRvY2tlci5wa2cuZGV2L3NlcnZlcmxlc3MtcnVudGltZXMvZ29vZ2xlLTIyLWZ1bGwvcnVudGltZXMvbm9kZWpzMjJAAQ== for region europe-west1
[debug] [2025-11-03T07:59:15.480Z] [update-default-europe-west1-updateStandings] Retrying task index 0
[debug] [2025-11-03T07:59:15.480Z] Checked if tokens are valid: true, expires at: 1762158412358
[debug] [2025-11-03T07:59:15.480Z] Checked if tokens are valid: true, expires at: 1762158412358
[debug] [2025-11-03T07:59:15.481Z] >>> [apiv2][query] GET https://cloudfunctions.googleapis.com/v2/projects/win-finder/locations/europe-west1/operations/operation-1762156746554-642ac16eabc28-4a5c0406-d6dfa2ea [none]
[debug] [2025-11-03T07:59:15.484Z] [update-default-europe-west1-cleanDatabase] Retrying task index 0
[debug] [2025-11-03T07:59:15.484Z] Checked if tokens are valid: true, expires at: 1762158412358
[debug] [2025-11-03T07:59:15.485Z] Checked if tokens are valid: true, expires at: 1762158412358
[debug] [2025-11-03T07:59:15.485Z] >>> [apiv2][query] GET https://cloudfunctions.googleapis.com/v2/projects/win-finder/locations/europe-west1/operations/operation-1762156746689-642ac16ecca5a-77f8973f-562fb42f [none]
[debug] [2025-11-03T07:59:15.630Z] <<< [apiv2][status] GET https://cloudfunctions.googleapis.com/v2/projects/win-finder/locations/europe-west1/operations/operation-1762156746689-642ac16ecca5a-77f8973f-562fb42f 200
[debug] [2025-11-03T07:59:15.630Z] <<< [apiv2][body] GET https://cloudfunctions.googleapis.com/v2/projects/win-finder/locations/europe-west1/operations/operation-1762156746689-642ac16ecca5a-77f8973f-562fb42f {"name":"projects/win-finder/locations/europe-west1/operations/operation-1762156746689-642ac16ecca5a-77f8973f-562fb42f","metadata":{"@type":"type.googleapis.com/google.cloud.functions.v2.OperationMetadata","createTime":"2025-11-03T07:59:07.506227887Z","endTime":"2025-11-03T07:59:15.372057372Z","target":"projects/win-finder/locations/europe-west1/functions/cleanDatabase","verb":"update","cancelRequested":false,"apiVersion":"v2","requestResource":{"@type":"type.googleapis.com/google.cloud.functions.v2.Function","name":"projects/win-finder/locations/europe-west1/functions/cleanDatabase","buildConfig":{"runtime":"nodejs22","entryPoint":"cleanDatabase","source":{"storageSource":{"bucket":"gcf-v2-sources-684643143905-europe-west1","object":"cleanDatabase/function-source.zip","generation":"1762156747470960"}},"environmentVariables":{"GOOGLE_NODE_RUN_SCRIPTS":""},"dockerRepository":"projects/win-finder/locations/europe-west1/repositories/gcf-artifacts","sourceProvenance":{"resolvedStorageSource":{"bucket":"gcf-v2-sources-684643143905-europe-west1","object":"cleanDatabase/function-source.zip","generation":"1762156296925535"}},"dockerRegistry":"ARTIFACT_REGISTRY","sourceToken":"Clhwcm9qZWN0cy82ODQ2NDMxNDM5MDUvbG9jYXRpb25zL2V1cm9wZS13ZXN0MS9idWlsZHMvOWUzZmRiNjUtNTBlNS00YjEwLTgyZDgtOTBmYzVmMTc0MWIyEmlldXJvcGUtd2VzdDEtZG9ja2VyLnBrZy5kZXYvd2luLWZpbmRlci9nY2YtYXJ0aWZhY3RzL3dpbi0tZmluZGVyX19ldXJvcGUtLXdlc3QxX191cGRhdGVfcmVzdWx0czp2ZXJzaW9uXzEY4aGlv/YTIkJwcm9qZWN0cy93aW4tZmluZGVyL2xvY2F0aW9ucy9ldXJvcGUtd2VzdDEvZnVuY3Rpb25zL3VwZGF0ZVJlc3VsdHMqCwjGwaHIBhCogek4Mghub2RlanMyMjp3CiNnY3IuaW8vZ2FlLXJ1bnRpbWVzL25vZGVqczIyOnN0YWJsZRJQZXVyb3BlLXdlc3QxLWRvY2tlci5wa2cuZGV2L3NlcnZlcmxlc3MtcnVudGltZXMvZ29vZ2xlLTIyLWZ1bGwvcnVudGltZXMvbm9kZWpzMjJAAQ==","serviceAccount":"projects/win-finder/serviceAccounts/684643143905-compute@developer.gserviceaccount.com","automaticUpdatePolicy":{}},"serviceConfig":{"service":"projects/win-finder/locations/europe-west1/services/cleandatabase","timeoutSeconds":60,"environmentVariables":{"FIREBASE_CONFIG":"{\"projectId\":\"win-finder\",\"storageBucket\":\"win-finder.firebasestorage.app\"}","GCLOUD_PROJECT":"win-finder","EVENTARC_CLOUD_EVENT_SOURCE":"projects/win-finder/locations/europe-west1/services/cleanDatabase","FUNCTION_TARGET":"cleanDatabase","LOG_EXECUTION_ID":"true","FUNCTION_SIGNATURE_TYPE":"http"},"ingressSettings":"ALLOW_ALL","uri":"https://cleandatabase-jfm2n322wq-ew.a.run.app","serviceAccountEmail":"684643143905-compute@developer.gserviceaccount.com","availableMemory":"256Mi","allTrafficOnLatestRevision":true,"revision":"cleandatabase-00002-dil","maxInstanceRequestConcurrency":80,"availableCpu":"1"},"state":"ACTIVE","labels":{"deployment-tool":"cli-firebase","deployment-scheduled":"true","firebase-functions-hash":"501bec4c58a3847a330558b138190fe8b8e1ca36"},"environment":"GEN_2","url":"https://europe-west1-win-finder.cloudfunctions.net/cleanDatabase","satisfiesPzi":true},"stages":[{"name":"BUILD","message":"Reusing build","state":"COMPLETE","resource":"projects/684643143905/locations/europe-west1/builds/9e3fdb65-50e5-4b10-82d8-90fc5f1741b2"},{"name":"SERVICE","message":"Updating Cloud Run service","state":"COMPLETE","resource":"projects/win-finder/locations/europe-west1/services/cleandatabase","resourceUri":"https://console.cloud.google.com/run/detail/europe-west1/cleandatabase?project=win-finder","stateMessages":[{"severity":"INFO","type":"CloudRunServiceNewRevisionTrafficInfo","message":"A new revision will be deployed serving with 100% traffic."}]}],"sourceToken":"Clhwcm9qZWN0cy82ODQ2NDMxNDM5MDUvbG9jYXRpb25zL2V1cm9wZS13ZXN0MS9idWlsZHMvOWUzZmRiNjUtNTBlNS00YjEwLTgyZDgtOTBmYzVmMTc0MWIyEmlldXJvcGUtd2VzdDEtZG9ja2VyLnBrZy5kZXYvd2luLWZpbmRlci9nY2YtYXJ0aWZhY3RzL3dpbi0tZmluZGVyX19ldXJvcGUtLXdlc3QxX191cGRhdGVfcmVzdWx0czp2ZXJzaW9uXzEY4aGlv/YTIkJwcm9qZWN0cy93aW4tZmluZGVyL2xvY2F0aW9ucy9ldXJvcGUtd2VzdDEvZnVuY3Rpb25zL3VwZGF0ZVJlc3VsdHMqCwjGwaHIBhCogek4Mghub2RlanMyMjp3CiNnY3IuaW8vZ2FlLXJ1bnRpbWVzL25vZGVqczIyOnN0YWJsZRJQZXVyb3BlLXdlc3QxLWRvY2tlci5wa2cuZGV2L3NlcnZlcmxlc3MtcnVudGltZXMvZ29vZ2xlLTIyLWZ1bGwvcnVudGltZXMvbm9kZWpzMjJAAQ==","operationType":"UPDATE_FUNCTION","buildName":"projects/684643143905/locations/europe-west1/builds/9e3fdb65-50e5-4b10-82d8-90fc5f1741b2"},"done":true,"response":{"@type":"type.googleapis.com/google.cloud.functions.v2.Function","name":"projects/win-finder/locations/europe-west1/functions/cleanDatabase","buildConfig":{"build":"projects/684643143905/locations/europe-west1/builds/9e3fdb65-50e5-4b10-82d8-90fc5f1741b2","runtime":"nodejs22","entryPoint":"cleanDatabase","source":{"storageSource":{"bucket":"gcf-v2-sources-684643143905-europe-west1","object":"cleanDatabase/function-source.zip","generation":"1762156747470960"}},"environmentVariables":{"GOOGLE_NODE_RUN_SCRIPTS":""},"dockerRepository":"projects/win-finder/locations/europe-west1/repositories/gcf-artifacts","sourceProvenance":{"resolvedStorageSource":{"bucket":"gcf-v2-sources-684643143905-europe-west1","object":"cleanDatabase/function-source.zip","generation":"1762156747470960"}},"dockerRegistry":"ARTIFACT_REGISTRY","serviceAccount":"projects/win-finder/serviceAccounts/684643143905-compute@developer.gserviceaccount.com","automaticUpdatePolicy":{}},"serviceConfig":{"service":"projects/win-finder/locations/europe-west1/services/cleandatabase","timeoutSeconds":60,"environmentVariables":{"FIREBASE_CONFIG":"{\"projectId\":\"win-finder\",\"storageBucket\":\"win-finder.firebasestorage.app\"}","GCLOUD_PROJECT":"win-finder","EVENTARC_CLOUD_EVENT_SOURCE":"projects/win-finder/locations/europe-west1/services/cleanDatabase","FUNCTION_TARGET":"cleanDatabase","LOG_EXECUTION_ID":"true","FUNCTION_SIGNATURE_TYPE":"http"},"maxInstanceCount":20,"ingressSettings":"ALLOW_ALL","uri":"https://cleandatabase-jfm2n322wq-ew.a.run.app","serviceAccountEmail":"684643143905-compute@developer.gserviceaccount.com","availableMemory":"256Mi","allTrafficOnLatestRevision":true,"revision":"cleandatabase-00003-jux","maxInstanceRequestConcurrency":80,"availableCpu":"1"},"state":"ACTIVE","updateTime":"2025-11-03T07:59:07.507456577Z","labels":{"deployment-scheduled":"true","firebase-functions-hash":"501bec4c58a3847a330558b138190fe8b8e1ca36","deployment-tool":"cli-firebase"},"environment":"GEN_2","url":"https://europe-west1-win-finder.cloudfunctions.net/cleanDatabase","createTime":"2025-11-03T07:48:56.562371466Z","satisfiesPzi":true}}
[debug] [2025-11-03T07:59:15.632Z] Got source token Clhwcm9qZWN0cy82ODQ2NDMxNDM5MDUvbG9jYXRpb25zL2V1cm9wZS13ZXN0MS9idWlsZHMvOWUzZmRiNjUtNTBlNS00YjEwLTgyZDgtOTBmYzVmMTc0MWIyEmlldXJvcGUtd2VzdDEtZG9ja2VyLnBrZy5kZXYvd2luLWZpbmRlci9nY2YtYXJ0aWZhY3RzL3dpbi0tZmluZGVyX19ldXJvcGUtLXdlc3QxX191cGRhdGVfcmVzdWx0czp2ZXJzaW9uXzEY4aGlv/YTIkJwcm9qZWN0cy93aW4tZmluZGVyL2xvY2F0aW9ucy9ldXJvcGUtd2VzdDEvZnVuY3Rpb25zL3VwZGF0ZVJlc3VsdHMqCwjGwaHIBhCogek4Mghub2RlanMyMjp3CiNnY3IuaW8vZ2FlLXJ1bnRpbWVzL25vZGVqczIyOnN0YWJsZRJQZXVyb3BlLXdlc3QxLWRvY2tlci5wa2cuZGV2L3NlcnZlcmxlc3MtcnVudGltZXMvZ29vZ2xlLTIyLWZ1bGwvcnVudGltZXMvbm9kZWpzMjJAAQ== for region europe-west1
[debug] [2025-11-03T07:59:15.633Z] Checked if tokens are valid: true, expires at: 1762158412358
[debug] [2025-11-03T07:59:15.634Z] Checked if tokens are valid: true, expires at: 1762158412358
[debug] [2025-11-03T07:59:15.634Z] >>> [apiv2][query] GET https://compute.googleapis.com/compute/v1/projects/684643143905 [none]
[debug] [2025-11-03T07:59:15.638Z] <<< [apiv2][status] GET https://cloudfunctions.googleapis.com/v2/projects/win-finder/locations/europe-west1/operations/operation-1762156746554-642ac16eabc28-4a5c0406-d6dfa2ea 200
[debug] [2025-11-03T07:59:15.638Z] <<< [apiv2][body] GET https://cloudfunctions.googleapis.com/v2/projects/win-finder/locations/europe-west1/operations/operation-1762156746554-642ac16eabc28-4a5c0406-d6dfa2ea {"name":"projects/win-finder/locations/europe-west1/operations/operation-1762156746554-642ac16eabc28-4a5c0406-d6dfa2ea","metadata":{"@type":"type.googleapis.com/google.cloud.functions.v2.OperationMetadata","createTime":"2025-11-03T07:59:07.454599006Z","endTime":"2025-11-03T07:59:15.380002887Z","target":"projects/win-finder/locations/europe-west1/functions/updateStandings","verb":"update","cancelRequested":false,"apiVersion":"v2","requestResource":{"@type":"type.googleapis.com/google.cloud.functions.v2.Function","name":"projects/win-finder/locations/europe-west1/functions/updateStandings","buildConfig":{"runtime":"nodejs22","entryPoint":"updateStandings","source":{"storageSource":{"bucket":"gcf-v2-sources-684643143905-europe-west1","object":"updateStandings/function-source.zip","generation":"1762156747410020"}},"environmentVariables":{"GOOGLE_NODE_RUN_SCRIPTS":""},"dockerRepository":"projects/win-finder/locations/europe-west1/repositories/gcf-artifacts","sourceProvenance":{"resolvedStorageSource":{"bucket":"gcf-v2-sources-684643143905-europe-west1","object":"updateStandings/function-source.zip","generation":"1762156136120801"}},"dockerRegistry":"ARTIFACT_REGISTRY","sourceToken":"Clhwcm9qZWN0cy82ODQ2NDMxNDM5MDUvbG9jYXRpb25zL2V1cm9wZS13ZXN0MS9idWlsZHMvOWUzZmRiNjUtNTBlNS00YjEwLTgyZDgtOTBmYzVmMTc0MWIyEmlldXJvcGUtd2VzdDEtZG9ja2VyLnBrZy5kZXYvd2luLWZpbmRlci9nY2YtYXJ0aWZhY3RzL3dpbi0tZmluZGVyX19ldXJvcGUtLXdlc3QxX191cGRhdGVfcmVzdWx0czp2ZXJzaW9uXzEY4aGlv/YTIkJwcm9qZWN0cy93aW4tZmluZGVyL2xvY2F0aW9ucy9ldXJvcGUtd2VzdDEvZnVuY3Rpb25zL3VwZGF0ZVJlc3VsdHMqCwjGwaHIBhCogek4Mghub2RlanMyMjp3CiNnY3IuaW8vZ2FlLXJ1bnRpbWVzL25vZGVqczIyOnN0YWJsZRJQZXVyb3BlLXdlc3QxLWRvY2tlci5wa2cuZGV2L3NlcnZlcmxlc3MtcnVudGltZXMvZ29vZ2xlLTIyLWZ1bGwvcnVudGltZXMvbm9kZWpzMjJAAQ==","serviceAccount":"projects/win-finder/serviceAccounts/684643143905-compute@developer.gserviceaccount.com","automaticUpdatePolicy":{}},"serviceConfig":{"service":"projects/win-finder/locations/europe-west1/services/updatestandings","timeoutSeconds":60,"environmentVariables":{"FIREBASE_CONFIG":"{\"projectId\":\"win-finder\",\"storageBucket\":\"win-finder.firebasestorage.app\"}","GCLOUD_PROJECT":"win-finder","EVENTARC_CLOUD_EVENT_SOURCE":"projects/win-finder/locations/europe-west1/services/updateStandings","FUNCTION_TARGET":"updateStandings","LOG_EXECUTION_ID":"true","FUNCTION_SIGNATURE_TYPE":"http"},"ingressSettings":"ALLOW_ALL","uri":"https://updatestandings-jfm2n322wq-ew.a.run.app","serviceAccountEmail":"684643143905-compute@developer.gserviceaccount.com","availableMemory":"256Mi","allTrafficOnLatestRevision":true,"revision":"updatestandings-00001-niy","maxInstanceRequestConcurrency":80,"availableCpu":"1"},"state":"ACTIVE","labels":{"deployment-tool":"cli-firebase","deployment-scheduled":"true","firebase-functions-hash":"501bec4c58a3847a330558b138190fe8b8e1ca36"},"environment":"GEN_2","url":"https://europe-west1-win-finder.cloudfunctions.net/updateStandings","satisfiesPzi":true},"stages":[{"name":"BUILD","message":"Reusing build","state":"COMPLETE","resource":"projects/684643143905/locations/europe-west1/builds/9e3fdb65-50e5-4b10-82d8-90fc5f1741b2"},{"name":"SERVICE","message":"Updating Cloud Run service","state":"COMPLETE","resource":"projects/win-finder/locations/europe-west1/services/updatestandings","resourceUri":"https://console.cloud.google.com/run/detail/europe-west1/updatestandings?project=win-finder","stateMessages":[{"severity":"INFO","type":"CloudRunServiceNewRevisionTrafficInfo","message":"A new revision will be deployed serving with 100% traffic."}]}],"sourceToken":"Clhwcm9qZWN0cy82ODQ2NDMxNDM5MDUvbG9jYXRpb25zL2V1cm9wZS13ZXN0MS9idWlsZHMvOWUzZmRiNjUtNTBlNS00YjEwLTgyZDgtOTBmYzVmMTc0MWIyEmlldXJvcGUtd2VzdDEtZG9ja2VyLnBrZy5kZXYvd2luLWZpbmRlci9nY2YtYXJ0aWZhY3RzL3dpbi0tZmluZGVyX19ldXJvcGUtLXdlc3QxX191cGRhdGVfcmVzdWx0czp2ZXJzaW9uXzEY4aGlv/YTIkJwcm9qZWN0cy93aW4tZmluZGVyL2xvY2F0aW9ucy9ldXJvcGUtd2VzdDEvZnVuY3Rpb25zL3VwZGF0ZVJlc3VsdHMqCwjGwaHIBhCogek4Mghub2RlanMyMjp3CiNnY3IuaW8vZ2FlLXJ1bnRpbWVzL25vZGVqczIyOnN0YWJsZRJQZXVyb3BlLXdlc3QxLWRvY2tlci5wa2cuZGV2L3NlcnZlcmxlc3MtcnVudGltZXMvZ29vZ2xlLTIyLWZ1bGwvcnVudGltZXMvbm9kZWpzMjJAAQ==","operationType":"UPDATE_FUNCTION","buildName":"projects/684643143905/locations/europe-west1/builds/9e3fdb65-50e5-4b10-82d8-90fc5f1741b2"},"done":true,"response":{"@type":"type.googleapis.com/google.cloud.functions.v2.Function","name":"projects/win-finder/locations/europe-west1/functions/updateStandings","buildConfig":{"build":"projects/684643143905/locations/europe-west1/builds/9e3fdb65-50e5-4b10-82d8-90fc5f1741b2","runtime":"nodejs22","entryPoint":"updateStandings","source":{"storageSource":{"bucket":"gcf-v2-sources-684643143905-europe-west1","object":"updateStandings/function-source.zip","generation":"1762156747410020"}},"environmentVariables":{"GOOGLE_NODE_RUN_SCRIPTS":""},"dockerRepository":"projects/win-finder/locations/europe-west1/repositories/gcf-artifacts","sourceProvenance":{"resolvedStorageSource":{"bucket":"gcf-v2-sources-684643143905-europe-west1","object":"updateStandings/function-source.zip","generation":"1762156747410020"}},"dockerRegistry":"ARTIFACT_REGISTRY","serviceAccount":"projects/win-finder/serviceAccounts/684643143905-compute@developer.gserviceaccount.com","automaticUpdatePolicy":{}},"serviceConfig":{"service":"projects/win-finder/locations/europe-west1/services/updatestandings","timeoutSeconds":60,"environmentVariables":{"FIREBASE_CONFIG":"{\"projectId\":\"win-finder\",\"storageBucket\":\"win-finder.firebasestorage.app\"}","GCLOUD_PROJECT":"win-finder","EVENTARC_CLOUD_EVENT_SOURCE":"projects/win-finder/locations/europe-west1/services/updateStandings","FUNCTION_TARGET":"updateStandings","LOG_EXECUTION_ID":"true","FUNCTION_SIGNATURE_TYPE":"http"},"maxInstanceCount":20,"ingressSettings":"ALLOW_ALL","uri":"https://updatestandings-jfm2n322wq-ew.a.run.app","serviceAccountEmail":"684643143905-compute@developer.gserviceaccount.com","availableMemory":"256Mi","allTrafficOnLatestRevision":true,"revision":"updatestandings-00002-wex","maxInstanceRequestConcurrency":80,"availableCpu":"1"},"state":"ACTIVE","updateTime":"2025-11-03T07:59:07.458760933Z","labels":{"firebase-functions-hash":"501bec4c58a3847a330558b138190fe8b8e1ca36","deployment-tool":"cli-firebase","deployment-scheduled":"true"},"environment":"GEN_2","url":"https://europe-west1-win-finder.cloudfunctions.net/updateStandings","createTime":"2025-11-03T07:48:56.507967198Z","satisfiesPzi":true}}
[debug] [2025-11-03T07:59:15.638Z] Got source token Clhwcm9qZWN0cy82ODQ2NDMxNDM5MDUvbG9jYXRpb25zL2V1cm9wZS13ZXN0MS9idWlsZHMvOWUzZmRiNjUtNTBlNS00YjEwLTgyZDgtOTBmYzVmMTc0MWIyEmlldXJvcGUtd2VzdDEtZG9ja2VyLnBrZy5kZXYvd2luLWZpbmRlci9nY2YtYXJ0aWZhY3RzL3dpbi0tZmluZGVyX19ldXJvcGUtLXdlc3QxX191cGRhdGVfcmVzdWx0czp2ZXJzaW9uXzEY4aGlv/YTIkJwcm9qZWN0cy93aW4tZmluZGVyL2xvY2F0aW9ucy9ldXJvcGUtd2VzdDEvZnVuY3Rpb25zL3VwZGF0ZVJlc3VsdHMqCwjGwaHIBhCogek4Mghub2RlanMyMjp3CiNnY3IuaW8vZ2FlLXJ1bnRpbWVzL25vZGVqczIyOnN0YWJsZRJQZXVyb3BlLXdlc3QxLWRvY2tlci5wa2cuZGV2L3NlcnZlcmxlc3MtcnVudGltZXMvZ29vZ2xlLTIyLWZ1bGwvcnVudGltZXMvbm9kZWpzMjJAAQ== for region europe-west1
[debug] [2025-11-03T07:59:15.639Z] Checked if tokens are valid: true, expires at: 1762158412358
[debug] [2025-11-03T07:59:15.639Z] Checked if tokens are valid: true, expires at: 1762158412358
[debug] [2025-11-03T07:59:15.639Z] >>> [apiv2][query] GET https://compute.googleapis.com/compute/v1/projects/684643143905 [none]
[debug] [2025-11-03T07:59:15.989Z] <<< [apiv2][status] GET https://compute.googleapis.com/compute/v1/projects/684643143905 403
[debug] [2025-11-03T07:59:15.989Z] <<< [apiv2][body] GET https://compute.googleapis.com/compute/v1/projects/684643143905 {"error":{"code":403,"message":"Compute Engine API has not been used in project 684643143905 before or it is disabled. Enable it by visiting https://console.developers.google.com/apis/api/compute.googleapis.com/overview?project=684643143905 then retry. If you enabled this API recently, wait a few minutes for the action to propagate to our systems and retry.","errors":[{"message":"Compute Engine API has not been used in project 684643143905 before or it is disabled. Enable it by visiting https://console.developers.google.com/apis/api/compute.googleapis.com/overview?project=684643143905 then retry. If you enabled this API recently, wait a few minutes for the action to propagate to our systems and retry.","domain":"usageLimits","reason":"accessNotConfigured","extendedHelp":"https://console.developers.google.com"}],"status":"PERMISSION_DENIED","details":[{"@type":"type.googleapis.com/google.rpc.ErrorInfo","reason":"SERVICE_DISABLED","domain":"googleapis.com","metadata":{"service":"compute.googleapis.com","activationUrl":"https://console.developers.google.com/apis/api/compute.googleapis.com/overview?project=684643143905","containerInfo":"684643143905","consumer":"projects/684643143905","serviceTitle":"Compute Engine API"}},{"@type":"type.googleapis.com/google.rpc.LocalizedMessage","locale":"en-US","message":"Compute Engine API has not been used in project 684643143905 before or it is disabled. Enable it by visiting https://console.developers.google.com/apis/api/compute.googleapis.com/overview?project=684643143905 then retry. If you enabled this API recently, wait a few minutes for the action to propagate to our systems and retry."},{"@type":"type.googleapis.com/google.rpc.Help","links":[{"description":"Google developers console API activation","url":"https://console.developers.google.com/apis/api/compute.googleapis.com/overview?project=684643143905"}]}]}}
[debug] [2025-11-03T07:59:15.989Z] unable to look up default compute service account. Falling back to 684643143905-compute@developer.gserviceaccount.com. Error: {"name":"FirebaseError","children":[],"context":{"body":{"error":{"code":403,"message":"Compute Engine API has not been used in project 684643143905 before or it is disabled. Enable it by visiting https://console.developers.google.com/apis/api/compute.googleapis.com/overview?project=684643143905 then retry. If you enabled this API recently, wait a few minutes for the action to propagate to our systems and retry.","errors":[{"message":"Compute Engine API has not been used in project 684643143905 before or it is disabled. Enable it by visiting https://console.developers.google.com/apis/api/compute.googleapis.com/overview?project=684643143905 then retry. If you enabled this API recently, wait a few minutes for the action to propagate to our systems and retry.","domain":"usageLimits","reason":"accessNotConfigured","extendedHelp":"https://console.developers.google.com"}],"status":"PERMISSION_DENIED","details":[{"@type":"type.googleapis.com/google.rpc.ErrorInfo","reason":"SERVICE_DISABLED","domain":"googleapis.com","metadata":{"service":"compute.googleapis.com","activationUrl":"https://console.developers.google.com/apis/api/compute.googleapis.com/overview?project=684643143905","containerInfo":"684643143905","consumer":"projects/684643143905","serviceTitle":"Compute Engine API"}},{"@type":"type.googleapis.com/google.rpc.LocalizedMessage","locale":"en-US","message":"Compute Engine API has not been used in project 684643143905 before or it is disabled. Enable it by visiting https://console.developers.google.com/apis/api/compute.googleapis.com/overview?project=684643143905 then retry. If you enabled this API recently, wait a few minutes for the action to propagate to our systems and retry."},{"@type":"type.googleapis.com/google.rpc.Help","links":[{"description":"Google developers console API activation","url":"https://console.developers.google.com/apis/api/compute.googleapis.com/overview?project=684643143905"}]}]}},"response":{"statusCode":403}},"exit":1,"message":"Request to https://compute.googleapis.com/compute/v1/projects/684643143905 had HTTP Error: 403, Compute Engine API has not been used in project 684643143905 before or it is disabled. Enable it by visiting https://console.developers.google.com/apis/api/compute.googleapis.com/overview?project=684643143905 then retry. If you enabled this API recently, wait a few minutes for the action to propagate to our systems and retry.","status":403}
[debug] [2025-11-03T07:59:15.990Z] Checked if tokens are valid: true, expires at: 1762158412358
[debug] [2025-11-03T07:59:15.990Z] Checked if tokens are valid: true, expires at: 1762158412358
[debug] [2025-11-03T07:59:15.990Z] >>> [apiv2][query] GET https://run.googleapis.com/v1/projects/win-finder/locations/europe-west1/services/updatestandings:getIamPolicy [none]
[debug] [2025-11-03T07:59:15.992Z] <<< [apiv2][status] GET https://compute.googleapis.com/compute/v1/projects/684643143905 403
[debug] [2025-11-03T07:59:15.992Z] <<< [apiv2][body] GET https://compute.googleapis.com/compute/v1/projects/684643143905 {"error":{"code":403,"message":"Compute Engine API has not been used in project 684643143905 before or it is disabled. Enable it by visiting https://console.developers.google.com/apis/api/compute.googleapis.com/overview?project=684643143905 then retry. If you enabled this API recently, wait a few minutes for the action to propagate to our systems and retry.","errors":[{"message":"Compute Engine API has not been used in project 684643143905 before or it is disabled. Enable it by visiting https://console.developers.google.com/apis/api/compute.googleapis.com/overview?project=684643143905 then retry. If you enabled this API recently, wait a few minutes for the action to propagate to our systems and retry.","domain":"usageLimits","reason":"accessNotConfigured","extendedHelp":"https://console.developers.google.com"}],"status":"PERMISSION_DENIED","details":[{"@type":"type.googleapis.com/google.rpc.ErrorInfo","reason":"SERVICE_DISABLED","domain":"googleapis.com","metadata":{"activationUrl":"https://console.developers.google.com/apis/api/compute.googleapis.com/overview?project=684643143905","serviceTitle":"Compute Engine API","consumer":"projects/684643143905","containerInfo":"684643143905","service":"compute.googleapis.com"}},{"@type":"type.googleapis.com/google.rpc.LocalizedMessage","locale":"en-US","message":"Compute Engine API has not been used in project 684643143905 before or it is disabled. Enable it by visiting https://console.developers.google.com/apis/api/compute.googleapis.com/overview?project=684643143905 then retry. If you enabled this API recently, wait a few minutes for the action to propagate to our systems and retry."},{"@type":"type.googleapis.com/google.rpc.Help","links":[{"description":"Google developers console API activation","url":"https://console.developers.google.com/apis/api/compute.googleapis.com/overview?project=684643143905"}]}]}}
[debug] [2025-11-03T07:59:15.993Z] unable to look up default compute service account. Falling back to 684643143905-compute@developer.gserviceaccount.com. Error: {"name":"FirebaseError","children":[],"context":{"body":{"error":{"code":403,"message":"Compute Engine API has not been used in project 684643143905 before or it is disabled. Enable it by visiting https://console.developers.google.com/apis/api/compute.googleapis.com/overview?project=684643143905 then retry. If you enabled this API recently, wait a few minutes for the action to propagate to our systems and retry.","errors":[{"message":"Compute Engine API has not been used in project 684643143905 before or it is disabled. Enable it by visiting https://console.developers.google.com/apis/api/compute.googleapis.com/overview?project=684643143905 then retry. If you enabled this API recently, wait a few minutes for the action to propagate to our systems and retry.","domain":"usageLimits","reason":"accessNotConfigured","extendedHelp":"https://console.developers.google.com"}],"status":"PERMISSION_DENIED","details":[{"@type":"type.googleapis.com/google.rpc.ErrorInfo","reason":"SERVICE_DISABLED","domain":"googleapis.com","metadata":{"activationUrl":"https://console.developers.google.com/apis/api/compute.googleapis.com/overview?project=684643143905","serviceTitle":"Compute Engine API","consumer":"projects/684643143905","containerInfo":"684643143905","service":"compute.googleapis.com"}},{"@type":"type.googleapis.com/google.rpc.LocalizedMessage","locale":"en-US","message":"Compute Engine API has not been used in project 684643143905 before or it is disabled. Enable it by visiting https://console.developers.google.com/apis/api/compute.googleapis.com/overview?project=684643143905 then retry. If you enabled this API recently, wait a few minutes for the action to propagate to our systems and retry."},{"@type":"type.googleapis.com/google.rpc.Help","links":[{"description":"Google developers console API activation","url":"https://console.developers.google.com/apis/api/compute.googleapis.com/overview?project=684643143905"}]}]}},"response":{"statusCode":403}},"exit":1,"message":"Request to https://compute.googleapis.com/compute/v1/projects/684643143905 had HTTP Error: 403, Compute Engine API has not been used in project 684643143905 before or it is disabled. Enable it by visiting https://console.developers.google.com/apis/api/compute.googleapis.com/overview?project=684643143905 then retry. If you enabled this API recently, wait a few minutes for the action to propagate to our systems and retry.","status":403}
[debug] [2025-11-03T07:59:15.993Z] Checked if tokens are valid: true, expires at: 1762158412358
[debug] [2025-11-03T07:59:15.993Z] Checked if tokens are valid: true, expires at: 1762158412358
[debug] [2025-11-03T07:59:15.993Z] >>> [apiv2][query] GET https://run.googleapis.com/v1/projects/win-finder/locations/europe-west1/services/cleandatabase:getIamPolicy [none]
[debug] [2025-11-03T07:59:16.332Z] [create-default-europe-west1-updateResults] Retrying task index 0
[debug] [2025-11-03T07:59:16.334Z] Checked if tokens are valid: true, expires at: 1762158412358
[debug] [2025-11-03T07:59:16.334Z] Checked if tokens are valid: true, expires at: 1762158412358
[debug] [2025-11-03T07:59:16.334Z] >>> [apiv2][query] GET https://cloudfunctions.googleapis.com/v2/projects/win-finder/locations/europe-west1/operations/operation-1762156688359-642ac1372c0bb-e222e1fe-33339f28 [none]
[debug] [2025-11-03T07:59:16.425Z] <<< [apiv2][status] GET https://cloudfunctions.googleapis.com/v2/projects/win-finder/locations/europe-west1/operations/operation-1762156688359-642ac1372c0bb-e222e1fe-33339f28 200
[debug] [2025-11-03T07:59:16.426Z] <<< [apiv2][body] GET https://cloudfunctions.googleapis.com/v2/projects/win-finder/locations/europe-west1/operations/operation-1762156688359-642ac1372c0bb-e222e1fe-33339f28 {"name":"projects/win-finder/locations/europe-west1/operations/operation-1762156688359-642ac1372c0bb-e222e1fe-33339f28","metadata":{"@type":"type.googleapis.com/google.cloud.functions.v2.OperationMetadata","createTime":"2025-11-03T07:58:08.997797359Z","endTime":"2025-11-03T07:59:12.176977784Z","target":"projects/win-finder/locations/europe-west1/functions/updateResults","verb":"create","cancelRequested":false,"apiVersion":"v2","requestResource":{"@type":"type.googleapis.com/google.cloud.functions.v2.Function","name":"projects/win-finder/locations/europe-west1/functions/updateResults","buildConfig":{"runtime":"nodejs22","entryPoint":"updateResults","source":{"storageSource":{"bucket":"gcf-v2-sources-684643143905-europe-west1","object":"updateResults/function-source.zip","generation":"1762156688580149"}},"environmentVariables":{"GOOGLE_NODE_RUN_SCRIPTS":""},"serviceAccount":"projects/win-finder/serviceAccounts/684643143905-compute@developer.gserviceaccount.com","automaticUpdatePolicy":{}},"serviceConfig":{"service":"projects/win-finder/locations/europe-west1/services/updateresults","timeoutSeconds":60,"environmentVariables":{"FIREBASE_CONFIG":"{\"projectId\":\"win-finder\",\"storageBucket\":\"win-finder.firebasestorage.app\"}","GCLOUD_PROJECT":"win-finder","EVENTARC_CLOUD_EVENT_SOURCE":"projects/win-finder/locations/europe-west1/services/updateResults","FUNCTION_TARGET":"updateResults","LOG_EXECUTION_ID":"true"},"ingressSettings":"ALLOW_ALL","serviceAccountEmail":"684643143905-compute@developer.gserviceaccount.com","availableMemory":"256Mi","maxInstanceRequestConcurrency":80,"availableCpu":"1"},"labels":{"deployment-tool":"cli-firebase","deployment-scheduled":"true","firebase-functions-hash":"501bec4c58a3847a330558b138190fe8b8e1ca36"},"environment":"GEN_2"},"stages":[{"name":"BUILD","message":"Build finished","state":"COMPLETE","resource":"projects/684643143905/locations/europe-west1/builds/9e3fdb65-50e5-4b10-82d8-90fc5f1741b2","resourceUri":"https://console.cloud.google.com/cloud-build/builds;region=europe-west1/9e3fdb65-50e5-4b10-82d8-90fc5f1741b2?project=684643143905"},{"name":"SERVICE","message":"Creating Cloud Run service","state":"COMPLETE","resource":"projects/win-finder/locations/europe-west1/services/updateresults","resourceUri":"https://console.cloud.google.com/run/detail/europe-west1/updateresults?project=win-finder"}],"sourceToken":"Clhwcm9qZWN0cy82ODQ2NDMxNDM5MDUvbG9jYXRpb25zL2V1cm9wZS13ZXN0MS9idWlsZHMvOWUzZmRiNjUtNTBlNS00YjEwLTgyZDgtOTBmYzVmMTc0MWIyEmlldXJvcGUtd2VzdDEtZG9ja2VyLnBrZy5kZXYvd2luLWZpbmRlci9nY2YtYXJ0aWZhY3RzL3dpbi0tZmluZGVyX19ldXJvcGUtLXdlc3QxX191cGRhdGVfcmVzdWx0czp2ZXJzaW9uXzEY4aGlv/YTIkJwcm9qZWN0cy93aW4tZmluZGVyL2xvY2F0aW9ucy9ldXJvcGUtd2VzdDEvZnVuY3Rpb25zL3VwZGF0ZVJlc3VsdHMqCwjGwaHIBhCogek4Mghub2RlanMyMjp3CiNnY3IuaW8vZ2FlLXJ1bnRpbWVzL25vZGVqczIyOnN0YWJsZRJQZXVyb3BlLXdlc3QxLWRvY2tlci5wa2cuZGV2L3NlcnZlcmxlc3MtcnVudGltZXMvZ29vZ2xlLTIyLWZ1bGwvcnVudGltZXMvbm9kZWpzMjJAAQ==","operationType":"CREATE_FUNCTION","buildName":"projects/684643143905/locations/europe-west1/builds/9e3fdb65-50e5-4b10-82d8-90fc5f1741b2"},"done":true,"response":{"@type":"type.googleapis.com/google.cloud.functions.v2.Function","name":"projects/win-finder/locations/europe-west1/functions/updateResults","buildConfig":{"build":"projects/684643143905/locations/europe-west1/builds/9e3fdb65-50e5-4b10-82d8-90fc5f1741b2","runtime":"nodejs22","entryPoint":"updateResults","source":{"storageSource":{"bucket":"gcf-v2-sources-684643143905-europe-west1","object":"updateResults/function-source.zip","generation":"1762156688580149"}},"environmentVariables":{"GOOGLE_NODE_RUN_SCRIPTS":""},"dockerRepository":"projects/win-finder/locations/europe-west1/repositories/gcf-artifacts","sourceProvenance":{"resolvedStorageSource":{"bucket":"gcf-v2-sources-684643143905-europe-west1","object":"updateResults/function-source.zip","generation":"1762156688580149"}},"dockerRegistry":"ARTIFACT_REGISTRY","serviceAccount":"projects/win-finder/serviceAccounts/684643143905-compute@developer.gserviceaccount.com","automaticUpdatePolicy":{}},"serviceConfig":{"service":"projects/win-finder/locations/europe-west1/services/updateresults","timeoutSeconds":60,"environmentVariables":{"FIREBASE_CONFIG":"{\"projectId\":\"win-finder\",\"storageBucket\":\"win-finder.firebasestorage.app\"}","GCLOUD_PROJECT":"win-finder","EVENTARC_CLOUD_EVENT_SOURCE":"projects/win-finder/locations/europe-west1/services/updateResults","FUNCTION_TARGET":"updateResults","LOG_EXECUTION_ID":"true"},"maxInstanceCount":20,"ingressSettings":"ALLOW_ALL","uri":"https://updateresults-jfm2n322wq-ew.a.run.app","serviceAccountEmail":"684643143905-compute@developer.gserviceaccount.com","availableMemory":"256Mi","allTrafficOnLatestRevision":true,"revision":"updateresults-00001-tak","maxInstanceRequestConcurrency":80,"availableCpu":"1"},"state":"ACTIVE","updateTime":"2025-11-03T07:58:08.994060619Z","labels":{"deployment-scheduled":"true","firebase-functions-hash":"501bec4c58a3847a330558b138190fe8b8e1ca36","deployment-tool":"cli-firebase"},"environment":"GEN_2","url":"https://europe-west1-win-finder.cloudfunctions.net/updateResults","createTime":"2025-11-03T07:58:08.994060619Z","satisfiesPzi":true}}
[debug] [2025-11-03T07:59:16.426Z] Got source token Clhwcm9qZWN0cy82ODQ2NDMxNDM5MDUvbG9jYXRpb25zL2V1cm9wZS13ZXN0MS9idWlsZHMvOWUzZmRiNjUtNTBlNS00YjEwLTgyZDgtOTBmYzVmMTc0MWIyEmlldXJvcGUtd2VzdDEtZG9ja2VyLnBrZy5kZXYvd2luLWZpbmRlci9nY2YtYXJ0aWZhY3RzL3dpbi0tZmluZGVyX19ldXJvcGUtLXdlc3QxX191cGRhdGVfcmVzdWx0czp2ZXJzaW9uXzEY4aGlv/YTIkJwcm9qZWN0cy93aW4tZmluZGVyL2xvY2F0aW9ucy9ldXJvcGUtd2VzdDEvZnVuY3Rpb25zL3VwZGF0ZVJlc3VsdHMqCwjGwaHIBhCogek4Mghub2RlanMyMjp3CiNnY3IuaW8vZ2FlLXJ1bnRpbWVzL25vZGVqczIyOnN0YWJsZRJQZXVyb3BlLXdlc3QxLWRvY2tlci5wa2cuZGV2L3NlcnZlcmxlc3MtcnVudGltZXMvZ29vZ2xlLTIyLWZ1bGwvcnVudGltZXMvbm9kZWpzMjJAAQ== for region europe-west1
[debug] [2025-11-03T07:59:16.428Z] Checked if tokens are valid: true, expires at: 1762158412358
[debug] [2025-11-03T07:59:16.428Z] Checked if tokens are valid: true, expires at: 1762158412358
[debug] [2025-11-03T07:59:16.428Z] >>> [apiv2][query] GET https://compute.googleapis.com/compute/v1/projects/684643143905 [none]
[debug] [2025-11-03T07:59:16.617Z] <<< [apiv2][status] GET https://run.googleapis.com/v1/projects/win-finder/locations/europe-west1/services/cleandatabase:getIamPolicy 200
[debug] [2025-11-03T07:59:16.617Z] <<< [apiv2][body] GET https://run.googleapis.com/v1/projects/win-finder/locations/europe-west1/services/cleandatabase:getIamPolicy {"version":1,"etag":"BwZCq/TT9rM=","bindings":[{"role":"roles/run.invoker","members":["serviceAccount:684643143905-compute@developer.gserviceaccount.com"]}]}
[debug] [2025-11-03T07:59:16.619Z] Checked if tokens are valid: true, expires at: 1762158412358
[debug] [2025-11-03T07:59:16.620Z] Checked if tokens are valid: true, expires at: 1762158412358
[debug] [2025-11-03T07:59:16.620Z] >>> [apiv2][query] GET https://compute.googleapis.com/compute/v1/projects/684643143905 [none]
[debug] [2025-11-03T07:59:16.622Z] <<< [apiv2][status] GET https://run.googleapis.com/v1/projects/win-finder/locations/europe-west1/services/updatestandings:getIamPolicy 200
[debug] [2025-11-03T07:59:16.622Z] <<< [apiv2][body] GET https://run.googleapis.com/v1/projects/win-finder/locations/europe-west1/services/updatestandings:getIamPolicy {"version":1,"etag":"BwZCq/TWJII=","bindings":[{"role":"roles/run.invoker","members":["serviceAccount:684643143905-compute@developer.gserviceaccount.com"]}]}
[debug] [2025-11-03T07:59:16.623Z] Checked if tokens are valid: true, expires at: 1762158412358
[debug] [2025-11-03T07:59:16.623Z] Checked if tokens are valid: true, expires at: 1762158412358
[debug] [2025-11-03T07:59:16.623Z] >>> [apiv2][query] GET https://compute.googleapis.com/compute/v1/projects/684643143905 [none]
[debug] [2025-11-03T07:59:16.632Z] <<< [apiv2][status] GET https://compute.googleapis.com/compute/v1/projects/684643143905 403
[debug] [2025-11-03T07:59:16.633Z] <<< [apiv2][body] GET https://compute.googleapis.com/compute/v1/projects/684643143905 {"error":{"code":403,"message":"Compute Engine API has not been used in project 684643143905 before or it is disabled. Enable it by visiting https://console.developers.google.com/apis/api/compute.googleapis.com/overview?project=684643143905 then retry. If you enabled this API recently, wait a few minutes for the action to propagate to our systems and retry.","errors":[{"message":"Compute Engine API has not been used in project 684643143905 before or it is disabled. Enable it by visiting https://console.developers.google.com/apis/api/compute.googleapis.com/overview?project=684643143905 then retry. If you enabled this API recently, wait a few minutes for the action to propagate to our systems and retry.","domain":"usageLimits","reason":"accessNotConfigured","extendedHelp":"https://console.developers.google.com"}],"status":"PERMISSION_DENIED","details":[{"@type":"type.googleapis.com/google.rpc.ErrorInfo","reason":"SERVICE_DISABLED","domain":"googleapis.com","metadata":{"consumer":"projects/684643143905","serviceTitle":"Compute Engine API","containerInfo":"684643143905","service":"compute.googleapis.com","activationUrl":"https://console.developers.google.com/apis/api/compute.googleapis.com/overview?project=684643143905"}},{"@type":"type.googleapis.com/google.rpc.LocalizedMessage","locale":"en-US","message":"Compute Engine API has not been used in project 684643143905 before or it is disabled. Enable it by visiting https://console.developers.google.com/apis/api/compute.googleapis.com/overview?project=684643143905 then retry. If you enabled this API recently, wait a few minutes for the action to propagate to our systems and retry."},{"@type":"type.googleapis.com/google.rpc.Help","links":[{"description":"Google developers console API activation","url":"https://console.developers.google.com/apis/api/compute.googleapis.com/overview?project=684643143905"}]}]}}
[debug] [2025-11-03T07:59:16.633Z] unable to look up default compute service account. Falling back to 684643143905-compute@developer.gserviceaccount.com. Error: {"name":"FirebaseError","children":[],"context":{"body":{"error":{"code":403,"message":"Compute Engine API has not been used in project 684643143905 before or it is disabled. Enable it by visiting https://console.developers.google.com/apis/api/compute.googleapis.com/overview?project=684643143905 then retry. If you enabled this API recently, wait a few minutes for the action to propagate to our systems and retry.","errors":[{"message":"Compute Engine API has not been used in project 684643143905 before or it is disabled. Enable it by visiting https://console.developers.google.com/apis/api/compute.googleapis.com/overview?project=684643143905 then retry. If you enabled this API recently, wait a few minutes for the action to propagate to our systems and retry.","domain":"usageLimits","reason":"accessNotConfigured","extendedHelp":"https://console.developers.google.com"}],"status":"PERMISSION_DENIED","details":[{"@type":"type.googleapis.com/google.rpc.ErrorInfo","reason":"SERVICE_DISABLED","domain":"googleapis.com","metadata":{"consumer":"projects/684643143905","serviceTitle":"Compute Engine API","containerInfo":"684643143905","service":"compute.googleapis.com","activationUrl":"https://console.developers.google.com/apis/api/compute.googleapis.com/overview?project=684643143905"}},{"@type":"type.googleapis.com/google.rpc.LocalizedMessage","locale":"en-US","message":"Compute Engine API has not been used in project 684643143905 before or it is disabled. Enable it by visiting https://console.developers.google.com/apis/api/compute.googleapis.com/overview?project=684643143905 then retry. If you enabled this API recently, wait a few minutes for the action to propagate to our systems and retry."},{"@type":"type.googleapis.com/google.rpc.Help","links":[{"description":"Google developers console API activation","url":"https://console.developers.google.com/apis/api/compute.googleapis.com/overview?project=684643143905"}]}]}},"response":{"statusCode":403}},"exit":1,"message":"Request to https://compute.googleapis.com/compute/v1/projects/684643143905 had HTTP Error: 403, Compute Engine API has not been used in project 684643143905 before or it is disabled. Enable it by visiting https://console.developers.google.com/apis/api/compute.googleapis.com/overview?project=684643143905 then retry. If you enabled this API recently, wait a few minutes for the action to propagate to our systems and retry.","status":403}
[debug] [2025-11-03T07:59:16.635Z] Checked if tokens are valid: true, expires at: 1762158412358
[debug] [2025-11-03T07:59:16.635Z] Checked if tokens are valid: true, expires at: 1762158412358
[debug] [2025-11-03T07:59:16.635Z] >>> [apiv2][query] POST https://run.googleapis.com/v1/projects/win-finder/locations/europe-west1/services/updateresults:setIamPolicy [none]
[debug] [2025-11-03T07:59:16.635Z] >>> [apiv2][body] POST https://run.googleapis.com/v1/projects/win-finder/locations/europe-west1/services/updateresults:setIamPolicy {"policy":{"bindings":[{"role":"roles/run.invoker","members":["serviceAccount:684643143905-compute@developer.gserviceaccount.com"]}],"etag":"","version":3},"updateMask":"bindings,etag,version"}
[debug] [2025-11-03T07:59:16.808Z] <<< [apiv2][status] GET https://compute.googleapis.com/compute/v1/projects/684643143905 403
[debug] [2025-11-03T07:59:16.808Z] <<< [apiv2][body] GET https://compute.googleapis.com/compute/v1/projects/684643143905 {"error":{"code":403,"message":"Compute Engine API has not been used in project 684643143905 before or it is disabled. Enable it by visiting https://console.developers.google.com/apis/api/compute.googleapis.com/overview?project=684643143905 then retry. If you enabled this API recently, wait a few minutes for the action to propagate to our systems and retry.","errors":[{"message":"Compute Engine API has not been used in project 684643143905 before or it is disabled. Enable it by visiting https://console.developers.google.com/apis/api/compute.googleapis.com/overview?project=684643143905 then retry. If you enabled this API recently, wait a few minutes for the action to propagate to our systems and retry.","domain":"usageLimits","reason":"accessNotConfigured","extendedHelp":"https://console.developers.google.com"}],"status":"PERMISSION_DENIED","details":[{"@type":"type.googleapis.com/google.rpc.ErrorInfo","reason":"SERVICE_DISABLED","domain":"googleapis.com","metadata":{"serviceTitle":"Compute Engine API","service":"compute.googleapis.com","activationUrl":"https://console.developers.google.com/apis/api/compute.googleapis.com/overview?project=684643143905","containerInfo":"684643143905","consumer":"projects/684643143905"}},{"@type":"type.googleapis.com/google.rpc.LocalizedMessage","locale":"en-US","message":"Compute Engine API has not been used in project 684643143905 before or it is disabled. Enable it by visiting https://console.developers.google.com/apis/api/compute.googleapis.com/overview?project=684643143905 then retry. If you enabled this API recently, wait a few minutes for the action to propagate to our systems and retry."},{"@type":"type.googleapis.com/google.rpc.Help","links":[{"description":"Google developers console API activation","url":"https://console.developers.google.com/apis/api/compute.googleapis.com/overview?project=684643143905"}]}]}}
[debug] [2025-11-03T07:59:16.809Z] unable to look up default compute service account. Falling back to 684643143905-compute@developer.gserviceaccount.com. Error: {"name":"FirebaseError","children":[],"context":{"body":{"error":{"code":403,"message":"Compute Engine API has not been used in project 684643143905 before or it is disabled. Enable it by visiting https://console.developers.google.com/apis/api/compute.googleapis.com/overview?project=684643143905 then retry. If you enabled this API recently, wait a few minutes for the action to propagate to our systems and retry.","errors":[{"message":"Compute Engine API has not been used in project 684643143905 before or it is disabled. Enable it by visiting https://console.developers.google.com/apis/api/compute.googleapis.com/overview?project=684643143905 then retry. If you enabled this API recently, wait a few minutes for the action to propagate to our systems and retry.","domain":"usageLimits","reason":"accessNotConfigured","extendedHelp":"https://console.developers.google.com"}],"status":"PERMISSION_DENIED","details":[{"@type":"type.googleapis.com/google.rpc.ErrorInfo","reason":"SERVICE_DISABLED","domain":"googleapis.com","metadata":{"serviceTitle":"Compute Engine API","service":"compute.googleapis.com","activationUrl":"https://console.developers.google.com/apis/api/compute.googleapis.com/overview?project=684643143905","containerInfo":"684643143905","consumer":"projects/684643143905"}},{"@type":"type.googleapis.com/google.rpc.LocalizedMessage","locale":"en-US","message":"Compute Engine API has not been used in project 684643143905 before or it is disabled. Enable it by visiting https://console.developers.google.com/apis/api/compute.googleapis.com/overview?project=684643143905 then retry. If you enabled this API recently, wait a few minutes for the action to propagate to our systems and retry."},{"@type":"type.googleapis.com/google.rpc.Help","links":[{"description":"Google developers console API activation","url":"https://console.developers.google.com/apis/api/compute.googleapis.com/overview?project=684643143905"}]}]}},"response":{"statusCode":403}},"exit":1,"message":"Request to https://compute.googleapis.com/compute/v1/projects/684643143905 had HTTP Error: 403, Compute Engine API has not been used in project 684643143905 before or it is disabled. Enable it by visiting https://console.developers.google.com/apis/api/compute.googleapis.com/overview?project=684643143905 then retry. If you enabled this API recently, wait a few minutes for the action to propagate to our systems and retry.","status":403}
[debug] [2025-11-03T07:59:16.810Z] Checked if tokens are valid: true, expires at: 1762158412358
[debug] [2025-11-03T07:59:16.810Z] Checked if tokens are valid: true, expires at: 1762158412358
[debug] [2025-11-03T07:59:16.811Z] >>> [apiv2][query] GET https://cloudscheduler.googleapis.com/v1/projects/win-finder/locations/europe-west1/jobs/firebase-schedule-cleanDatabase-europe-west1 [none]
[debug] [2025-11-03T07:59:16.935Z] <<< [apiv2][status] GET https://compute.googleapis.com/compute/v1/projects/684643143905 403
[debug] [2025-11-03T07:59:16.935Z] <<< [apiv2][body] GET https://compute.googleapis.com/compute/v1/projects/684643143905 {"error":{"code":403,"message":"Compute Engine API has not been used in project 684643143905 before or it is disabled. Enable it by visiting https://console.developers.google.com/apis/api/compute.googleapis.com/overview?project=684643143905 then retry. If you enabled this API recently, wait a few minutes for the action to propagate to our systems and retry.","errors":[{"message":"Compute Engine API has not been used in project 684643143905 before or it is disabled. Enable it by visiting https://console.developers.google.com/apis/api/compute.googleapis.com/overview?project=684643143905 then retry. If you enabled this API recently, wait a few minutes for the action to propagate to our systems and retry.","domain":"usageLimits","reason":"accessNotConfigured","extendedHelp":"https://console.developers.google.com"}],"status":"PERMISSION_DENIED","details":[{"@type":"type.googleapis.com/google.rpc.ErrorInfo","reason":"SERVICE_DISABLED","domain":"googleapis.com","metadata":{"activationUrl":"https://console.developers.google.com/apis/api/compute.googleapis.com/overview?project=684643143905","consumer":"projects/684643143905","serviceTitle":"Compute Engine API","containerInfo":"684643143905","service":"compute.googleapis.com"}},{"@type":"type.googleapis.com/google.rpc.LocalizedMessage","locale":"en-US","message":"Compute Engine API has not been used in project 684643143905 before or it is disabled. Enable it by visiting https://console.developers.google.com/apis/api/compute.googleapis.com/overview?project=684643143905 then retry. If you enabled this API recently, wait a few minutes for the action to propagate to our systems and retry."},{"@type":"type.googleapis.com/google.rpc.Help","links":[{"description":"Google developers console API activation","url":"https://console.developers.google.com/apis/api/compute.googleapis.com/overview?project=684643143905"}]}]}}
[debug] [2025-11-03T07:59:16.936Z] unable to look up default compute service account. Falling back to 684643143905-compute@developer.gserviceaccount.com. Error: {"name":"FirebaseError","children":[],"context":{"body":{"error":{"code":403,"message":"Compute Engine API has not been used in project 684643143905 before or it is disabled. Enable it by visiting https://console.developers.google.com/apis/api/compute.googleapis.com/overview?project=684643143905 then retry. If you enabled this API recently, wait a few minutes for the action to propagate to our systems and retry.","errors":[{"message":"Compute Engine API has not been used in project 684643143905 before or it is disabled. Enable it by visiting https://console.developers.google.com/apis/api/compute.googleapis.com/overview?project=684643143905 then retry. If you enabled this API recently, wait a few minutes for the action to propagate to our systems and retry.","domain":"usageLimits","reason":"accessNotConfigured","extendedHelp":"https://console.developers.google.com"}],"status":"PERMISSION_DENIED","details":[{"@type":"type.googleapis.com/google.rpc.ErrorInfo","reason":"SERVICE_DISABLED","domain":"googleapis.com","metadata":{"activationUrl":"https://console.developers.google.com/apis/api/compute.googleapis.com/overview?project=684643143905","consumer":"projects/684643143905","serviceTitle":"Compute Engine API","containerInfo":"684643143905","service":"compute.googleapis.com"}},{"@type":"type.googleapis.com/google.rpc.LocalizedMessage","locale":"en-US","message":"Compute Engine API has not been used in project 684643143905 before or it is disabled. Enable it by visiting https://console.developers.google.com/apis/api/compute.googleapis.com/overview?project=684643143905 then retry. If you enabled this API recently, wait a few minutes for the action to propagate to our systems and retry."},{"@type":"type.googleapis.com/google.rpc.Help","links":[{"description":"Google developers console API activation","url":"https://console.developers.google.com/apis/api/compute.googleapis.com/overview?project=684643143905"}]}]}},"response":{"statusCode":403}},"exit":1,"message":"Request to https://compute.googleapis.com/compute/v1/projects/684643143905 had HTTP Error: 403, Compute Engine API has not been used in project 684643143905 before or it is disabled. Enable it by visiting https://console.developers.google.com/apis/api/compute.googleapis.com/overview?project=684643143905 then retry. If you enabled this API recently, wait a few minutes for the action to propagate to our systems and retry.","status":403}
[debug] [2025-11-03T07:59:16.936Z] Checked if tokens are valid: true, expires at: 1762158412358
[debug] [2025-11-03T07:59:16.936Z] Checked if tokens are valid: true, expires at: 1762158412358
[debug] [2025-11-03T07:59:16.936Z] >>> [apiv2][query] GET https://cloudscheduler.googleapis.com/v1/projects/win-finder/locations/europe-west1/jobs/firebase-schedule-updateStandings-europe-west1 [none]
[debug] [2025-11-03T07:59:17.062Z] <<< [apiv2][status] GET https://cloudscheduler.googleapis.com/v1/projects/win-finder/locations/europe-west1/jobs/firebase-schedule-cleanDatabase-europe-west1 404
[debug] [2025-11-03T07:59:17.063Z] <<< [apiv2][body] GET https://cloudscheduler.googleapis.com/v1/projects/win-finder/locations/europe-west1/jobs/firebase-schedule-cleanDatabase-europe-west1 {"error":{"code":404,"message":"Resource 'projects/win-finder/locations/europe-west1/jobs/firebase-schedule-cleanDatabase-europe-west1' was not found","status":"NOT_FOUND","details":[{"@type":"type.googleapis.com/google.rpc.ResourceInfo","resourceName":"projects/win-finder/locations/europe-west1/jobs/firebase-schedule-cleanDatabase-europe-west1"}]}}
[debug] [2025-11-03T07:59:17.064Z] Checked if tokens are valid: true, expires at: 1762158412358
[debug] [2025-11-03T07:59:17.064Z] Checked if tokens are valid: true, expires at: 1762158412358
[debug] [2025-11-03T07:59:17.065Z] >>> [apiv2][query] POST https://cloudscheduler.googleapis.com/v1/projects/win-finder/locations/europe-west1/jobs [none]
[debug] [2025-11-03T07:59:17.065Z] >>> [apiv2][body] POST https://cloudscheduler.googleapis.com/v1/projects/win-finder/locations/europe-west1/jobs {"timeZone":"UTC","name":"projects/win-finder/locations/europe-west1/jobs/firebase-schedule-cleanDatabase-europe-west1","httpTarget":{"uri":"https://cleandatabase-jfm2n322wq-ew.a.run.app","httpMethod":"POST","oidcToken":{"serviceAccountEmail":"684643143905-compute@developer.gserviceaccount.com"}},"schedule":"every 24 hours"}
[debug] [2025-11-03T07:59:17.219Z] <<< [apiv2][status] GET https://cloudscheduler.googleapis.com/v1/projects/win-finder/locations/europe-west1/jobs/firebase-schedule-updateStandings-europe-west1 200
[debug] [2025-11-03T07:59:17.219Z] <<< [apiv2][body] GET https://cloudscheduler.googleapis.com/v1/projects/win-finder/locations/europe-west1/jobs/firebase-schedule-updateStandings-europe-west1 {"name":"projects/win-finder/locations/europe-west1/jobs/firebase-schedule-updateStandings-europe-west1","httpTarget":{"uri":"https://europe-west1-win-finder.cloudfunctions.net/updateStandings","httpMethod":"POST","headers":{"User-Agent":"Google-Cloud-Scheduler"},"oidcToken":{"serviceAccountEmail":"684643143905-compute@developer.gserviceaccount.com","audience":"https://europe-west1-win-finder.cloudfunctions.net/updateStandings"}},"userUpdateTime":"2025-11-03T07:49:35.574950Z","state":"ENABLED","status":{"code":-1},"scheduleTime":"2025-11-03T11:51:00Z","lastAttemptTime":"1970-01-01T00:00:00Z","retryConfig":{},"schedule":"every 4 hours","timeZone":"UTC","attemptDeadline":"180s"}
[debug] [2025-11-03T07:59:17.220Z] scheduler job firebase-schedule-updateStandings-europe-west1 is up to date, no changes required
[info] ✔  functions[updateStandings(europe-west1)] Successful update operation. 
[debug] [2025-11-03T07:59:17.347Z] <<< [apiv2][status] POST https://run.googleapis.com/v1/projects/win-finder/locations/europe-west1/services/updateresults:setIamPolicy 200
[debug] [2025-11-03T07:59:17.347Z] <<< [apiv2][body] POST https://run.googleapis.com/v1/projects/win-finder/locations/europe-west1/services/updateresults:setIamPolicy {"version":1,"etag":"BwZCrBePCzI=","bindings":[{"role":"roles/run.invoker","members":["serviceAccount:684643143905-compute@developer.gserviceaccount.com"]}]}
[debug] [2025-11-03T07:59:17.348Z] Checked if tokens are valid: true, expires at: 1762158412358
[debug] [2025-11-03T07:59:17.349Z] Checked if tokens are valid: true, expires at: 1762158412358
[debug] [2025-11-03T07:59:17.349Z] >>> [apiv2][query] GET https://compute.googleapis.com/compute/v1/projects/684643143905 [none]
[debug] [2025-11-03T07:59:17.559Z] <<< [apiv2][status] GET https://compute.googleapis.com/compute/v1/projects/684643143905 403
[debug] [2025-11-03T07:59:17.560Z] <<< [apiv2][body] GET https://compute.googleapis.com/compute/v1/projects/684643143905 {"error":{"code":403,"message":"Compute Engine API has not been used in project 684643143905 before or it is disabled. Enable it by visiting https://console.developers.google.com/apis/api/compute.googleapis.com/overview?project=684643143905 then retry. If you enabled this API recently, wait a few minutes for the action to propagate to our systems and retry.","errors":[{"message":"Compute Engine API has not been used in project 684643143905 before or it is disabled. Enable it by visiting https://console.developers.google.com/apis/api/compute.googleapis.com/overview?project=684643143905 then retry. If you enabled this API recently, wait a few minutes for the action to propagate to our systems and retry.","domain":"usageLimits","reason":"accessNotConfigured","extendedHelp":"https://console.developers.google.com"}],"status":"PERMISSION_DENIED","details":[{"@type":"type.googleapis.com/google.rpc.ErrorInfo","reason":"SERVICE_DISABLED","domain":"googleapis.com","metadata":{"activationUrl":"https://console.developers.google.com/apis/api/compute.googleapis.com/overview?project=684643143905","serviceTitle":"Compute Engine API","consumer":"projects/684643143905","containerInfo":"684643143905","service":"compute.googleapis.com"}},{"@type":"type.googleapis.com/google.rpc.LocalizedMessage","locale":"en-US","message":"Compute Engine API has not been used in project 684643143905 before or it is disabled. Enable it by visiting https://console.developers.google.com/apis/api/compute.googleapis.com/overview?project=684643143905 then retry. If you enabled this API recently, wait a few minutes for the action to propagate to our systems and retry."},{"@type":"type.googleapis.com/google.rpc.Help","links":[{"description":"Google developers console API activation","url":"https://console.developers.google.com/apis/api/compute.googleapis.com/overview?project=684643143905"}]}]}}
[debug] [2025-11-03T07:59:17.562Z] unable to look up default compute service account. Falling back to 684643143905-compute@developer.gserviceaccount.com. Error: {"name":"FirebaseError","children":[],"context":{"body":{"error":{"code":403,"message":"Compute Engine API has not been used in project 684643143905 before or it is disabled. Enable it by visiting https://console.developers.google.com/apis/api/compute.googleapis.com/overview?project=684643143905 then retry. If you enabled this API recently, wait a few minutes for the action to propagate to our systems and retry.","errors":[{"message":"Compute Engine API has not been used in project 684643143905 before or it is disabled. Enable it by visiting https://console.developers.google.com/apis/api/compute.googleapis.com/overview?project=684643143905 then retry. If you enabled this API recently, wait a few minutes for the action to propagate to our systems and retry.","domain":"usageLimits","reason":"accessNotConfigured","extendedHelp":"https://console.developers.google.com"}],"status":"PERMISSION_DENIED","details":[{"@type":"type.googleapis.com/google.rpc.ErrorInfo","reason":"SERVICE_DISABLED","domain":"googleapis.com","metadata":{"activationUrl":"https://console.developers.google.com/apis/api/compute.googleapis.com/overview?project=684643143905","serviceTitle":"Compute Engine API","consumer":"projects/684643143905","containerInfo":"684643143905","service":"compute.googleapis.com"}},{"@type":"type.googleapis.com/google.rpc.LocalizedMessage","locale":"en-US","message":"Compute Engine API has not been used in project 684643143905 before or it is disabled. Enable it by visiting https://console.developers.google.com/apis/api/compute.googleapis.com/overview?project=684643143905 then retry. If you enabled this API recently, wait a few minutes for the action to propagate to our systems and retry."},{"@type":"type.googleapis.com/google.rpc.Help","links":[{"description":"Google developers console API activation","url":"https://console.developers.google.com/apis/api/compute.googleapis.com/overview?project=684643143905"}]}]}},"response":{"statusCode":403}},"exit":1,"message":"Request to https://compute.googleapis.com/compute/v1/projects/684643143905 had HTTP Error: 403, Compute Engine API has not been used in project 684643143905 before or it is disabled. Enable it by visiting https://console.developers.google.com/apis/api/compute.googleapis.com/overview?project=684643143905 then retry. If you enabled this API recently, wait a few minutes for the action to propagate to our systems and retry.","status":403}
[debug] [2025-11-03T07:59:17.564Z] Checked if tokens are valid: true, expires at: 1762158412358
[debug] [2025-11-03T07:59:17.564Z] Checked if tokens are valid: true, expires at: 1762158412358
[debug] [2025-11-03T07:59:17.564Z] >>> [apiv2][query] GET https://cloudscheduler.googleapis.com/v1/projects/win-finder/locations/europe-west1/jobs/firebase-schedule-updateResults-europe-west1 [none]
[debug] [2025-11-03T07:59:17.693Z] <<< [apiv2][status] GET https://cloudscheduler.googleapis.com/v1/projects/win-finder/locations/europe-west1/jobs/firebase-schedule-updateResults-europe-west1 404
[debug] [2025-11-03T07:59:17.693Z] <<< [apiv2][body] GET https://cloudscheduler.googleapis.com/v1/projects/win-finder/locations/europe-west1/jobs/firebase-schedule-updateResults-europe-west1 {"error":{"code":404,"message":"Job not found.","status":"NOT_FOUND"}}
[debug] [2025-11-03T07:59:17.694Z] Checked if tokens are valid: true, expires at: 1762158412358
[debug] [2025-11-03T07:59:17.695Z] Checked if tokens are valid: true, expires at: 1762158412358
[debug] [2025-11-03T07:59:17.696Z] >>> [apiv2][query] POST https://cloudscheduler.googleapis.com/v1/projects/win-finder/locations/europe-west1/jobs [none]
[debug] [2025-11-03T07:59:17.696Z] >>> [apiv2][body] POST https://cloudscheduler.googleapis.com/v1/projects/win-finder/locations/europe-west1/jobs {"timeZone":"UTC","name":"projects/win-finder/locations/europe-west1/jobs/firebase-schedule-updateResults-europe-west1","httpTarget":{"uri":"https://europe-west1-win-finder.cloudfunctions.net/updateResults","httpMethod":"POST","oidcToken":{"serviceAccountEmail":"684643143905-compute@developer.gserviceaccount.com"}},"schedule":"every 30 minutes"}
[debug] [2025-11-03T07:59:17.724Z] <<< [apiv2][status] POST https://cloudscheduler.googleapis.com/v1/projects/win-finder/locations/europe-west1/jobs 200
[debug] [2025-11-03T07:59:17.725Z] <<< [apiv2][body] POST https://cloudscheduler.googleapis.com/v1/projects/win-finder/locations/europe-west1/jobs {"name":"projects/win-finder/locations/europe-west1/jobs/firebase-schedule-cleanDatabase-europe-west1","httpTarget":{"uri":"https://cleandatabase-jfm2n322wq-ew.a.run.app/","httpMethod":"POST","headers":{"User-Agent":"Google-Cloud-Scheduler"},"oidcToken":{"serviceAccountEmail":"684643143905-compute@developer.gserviceaccount.com","audience":"https://cleandatabase-jfm2n322wq-ew.a.run.app/"}},"userUpdateTime":"2025-11-03T07:59:17.409141Z","state":"ENABLED","status":{"code":-1},"scheduleTime":"2025-11-04T07:59:00Z","schedule":"every 24 hours","timeZone":"UTC","attemptDeadline":"180s"}
[debug] [2025-11-03T07:59:17.725Z] created scheduler job firebase-schedule-cleanDatabase-europe-west1
[info] ✔  functions[cleanDatabase(europe-west1)] Successful update operation. 
[debug] [2025-11-03T07:59:18.282Z] <<< [apiv2][status] POST https://cloudscheduler.googleapis.com/v1/projects/win-finder/locations/europe-west1/jobs 200
[debug] [2025-11-03T07:59:18.283Z] <<< [apiv2][body] POST https://cloudscheduler.googleapis.com/v1/projects/win-finder/locations/europe-west1/jobs {"name":"projects/win-finder/locations/europe-west1/jobs/firebase-schedule-updateResults-europe-west1","httpTarget":{"uri":"https://europe-west1-win-finder.cloudfunctions.net/updateResults","httpMethod":"POST","headers":{"User-Agent":"Google-Cloud-Scheduler"},"oidcToken":{"serviceAccountEmail":"684643143905-compute@developer.gserviceaccount.com","audience":"https://europe-west1-win-finder.cloudfunctions.net/updateResults"}},"userUpdateTime":"2025-11-03T07:59:18.045088Z","state":"ENABLED","status":{"code":-1},"scheduleTime":"2025-11-03T08:29:00Z","schedule":"every 30 minutes","timeZone":"UTC","attemptDeadline":"180s"}
[debug] [2025-11-03T07:59:18.283Z] created scheduler job firebase-schedule-updateResults-europe-west1
[info] ✔  functions[updateResults(europe-west1)] Successful create operation. 
[debug] [2025-11-03T07:59:18.286Z] Total Function Deployment time: 70357
[debug] [2025-11-03T07:59:18.286Z] 5 Functions Deployed
[debug] [2025-11-03T07:59:18.286Z] 1 Functions Errored
[debug] [2025-11-03T07:59:18.286Z] 0 Function Deployments Aborted
[debug] [2025-11-03T07:59:18.286Z] Average Function Deployment time: 43070.4
[info] 
[info] Functions deploy had errors with the following functions:
	update_results(us-central1)
[debug] [2025-11-03T07:59:18.287Z] Checked if tokens are valid: true, expires at: 1762158412358
[debug] [2025-11-03T07:59:18.287Z] Checked if tokens are valid: true, expires at: 1762158412358
[debug] [2025-11-03T07:59:18.287Z] >>> [apiv2][query] GET https://artifactregistry.googleapis.com/v1/projects/win-finder/locations/europe-west1/repositories/gcf-artifacts [none]
[debug] [2025-11-03T07:59:18.580Z] <<< [apiv2][status] GET https://artifactregistry.googleapis.com/v1/projects/win-finder/locations/europe-west1/repositories/gcf-artifacts 200
[debug] [2025-11-03T07:59:18.582Z] <<< [apiv2][body] GET https://artifactregistry.googleapis.com/v1/projects/win-finder/locations/europe-west1/repositories/gcf-artifacts {"name":"projects/win-finder/locations/europe-west1/repositories/gcf-artifacts","format":"DOCKER","description":"This repository is created and used by Cloud Functions for storing function docker images.","labels":{"goog-managed-by":"cloudfunctions"},"createTime":"2025-11-03T07:28:18.602473Z","updateTime":"2025-11-03T07:58:57.099705Z","mode":"STANDARD_REPOSITORY","cleanupPolicies":{"firebase-functions-cleanup":{"id":"firebase-functions-cleanup","action":"DELETE","condition":{"tagState":"ANY","olderThan":"432000s"}}},"sizeBytes":"130109614","vulnerabilityScanningConfig":{"lastEnableTime":"2025-11-03T07:28:08.904950675Z","enablementState":"SCANNING_DISABLED","enablementStateReason":"API containerscanning.googleapis.com is not enabled."},"satisfiesPzi":true,"registryUri":"europe-west1-docker.pkg.dev/win-finder/gcf-artifacts"}
[debug] [2025-11-03T07:59:18.583Z] Functions deploy failed.
[debug] [2025-11-03T07:59:18.583Z] {
  "endpoint": {
    "platform": "gcfv2",
    "id": "update_results",
    "project": "win-finder",
    "region": "us-central1",
    "scheduleTrigger": {},
    "entryPoint": "update_results",
    "runtime": "nodejs22",
    "source": {
      "storageSource": {
        "bucket": "gcf-v2-sources-684643143905-us-central1",
        "object": "update_results/function-source.zip",
        "generation": "1762155915712335"
      }
    },
    "ingressSettings": "ALLOW_ALL",
    "environmentVariables": {
      "FIREBASE_CONFIG": "{\"projectId\":\"win-finder\",\"storageBucket\":\"win-finder.firebasestorage.app\"}",
      "GCLOUD_PROJECT": "win-finder",
      "EVENTARC_CLOUD_EVENT_SOURCE": "projects/win-finder/locations/us-central1/services/update_results",
      "FUNCTION_TARGET": "update_results",
      "LOG_EXECUTION_ID": "true"
    },
    "timeoutSeconds": 60,
    "uri": "https://us-central1-win-finder.cloudfunctions.net/update_results",
    "serviceAccount": "684643143905-compute@developer.gserviceaccount.com",
    "availableMemoryMb": 256,
    "cpu": 1,
    "maxInstances": 20,
    "concurrency": 80,
    "labels": {
      "deployment-tool": "cli-firebase",
      "deployment-scheduled": "true",
      "firebase-functions-hash": "ad005ec79999841c3a7fd981741b25e16a7b3f09"
    },
    "runServiceId": "update-results",
    "codebase": "default",
    "hash": "ad005ec79999841c3a7fd981741b25e16a7b3f09",
    "state": "ACTIVE"
  },
  "op": "delete schedule",
  "original": {
    "name": "FirebaseError",
    "children": [],
    "context": {
      "body": {
        "error": {
          "code": 404,
          "message": "Job not found.",
          "status": "NOT_FOUND"
        }
      },
      "response": {
        "statusCode": 404
      }
    },
    "exit": 1,
    "message": "Request to https://cloudscheduler.googleapis.com/v1/projects/win-finder/locations/us-central1/jobs/firebase-schedule-update_results-us-central1 had HTTP Error: 404, Job not found.",
    "status": 404,
    "code": 404
  }
}
[debug] [2025-11-03T07:59:18.587Z] Error: Failed to delete schedule function update_results in region us-central1
    at /usr/local/lib/node_modules/firebase-tools/lib/deploy/functions/release/fabricator.js:52:11
    at process.processTicksAndRejections (node:internal/process/task_queues:105:5)
    at async Fabricator.deleteScheduleV2 (/usr/local/lib/node_modules/firebase-tools/lib/deploy/functions/release/fabricator.js:573:9)
    at async Fabricator.deleteTrigger (/usr/local/lib/node_modules/firebase-tools/lib/deploy/functions/release/fabricator.js:521:17)
    at async Fabricator.deleteEndpoint (/usr/local/lib/node_modules/firebase-tools/lib/deploy/functions/release/fabricator.js:171:9)
    at async handle (/usr/local/lib/node_modules/firebase-tools/lib/deploy/functions/release/fabricator.js:89:17)
[error] 
[error] Error: There was an error deploying functions
